ISO-10303-21;
HEADER;
FILE_DESCRIPTION(('STEP AP242'),'1');
FILE_NAME('0768250002.stp','2025-02-11T10:21:05',('TraceParts'),('TraceParts S.A.'),'Spatial InterOp 3D',' ',' ');
FILE_SCHEMA(('AP242_MANAGED_MODEL_BASED_3D_ENGINEERING_MIM_LF  {1 0 10303 442 1 1 4}'));
ENDSEC;
DATA;
#1=PRODUCT_DEFINITION_CONTEXT('',#10,'design');
#2=APPLICATION_PROTOCOL_DEFINITION('INTERNATIONAL STANDARD','ap242_managed_model_based_3d_engineering',2014,#10);
#3=PRODUCT_CATEGORY_RELATIONSHIP('NONE','NONE',#11,#12);
#4=SHAPE_DEFINITION_REPRESENTATION(#13,#14);
#5=SHAPE_DEFINITION_REPRESENTATION(#13,#15);
#6= (GEOMETRIC_REPRESENTATION_CONTEXT(3)GLOBAL_UNCERTAINTY_ASSIGNED_CONTEXT((#18))GLOBAL_UNIT_ASSIGNED_CONTEXT((#20,#21,#22))REPRESENTATION_CONTEXT('NONE','WORKSPACE'));
#10=APPLICATION_CONTEXT('managed model based 3d engineering');
#11=PRODUCT_CATEGORY('part','NONE');
#12=PRODUCT_RELATED_PRODUCT_CATEGORY('detail',' ',(#24));
#13=PRODUCT_DEFINITION_SHAPE('NONE','NONE',#25);
#14=ADVANCED_BREP_SHAPE_REPRESENTATION('0768250002_1',(#26,#27),#6);
#15=GEOMETRICALLY_BOUNDED_SURFACE_SHAPE_REPRESENTATION('1',(#28,#29),#6);
#18=UNCERTAINTY_MEASURE_WITH_UNIT(LENGTH_MEASURE(1.0E-06),#20,'','');
#20= (CONVERSION_BASED_UNIT('MILLIMETRE',#32)LENGTH_UNIT()NAMED_UNIT(#35));
#21= (NAMED_UNIT(#37)PLANE_ANGLE_UNIT()SI_UNIT($,.RADIAN.));
#22= (NAMED_UNIT(#37)SOLID_ANGLE_UNIT()SI_UNIT($,.STERADIAN.));
#24=PRODUCT('0768250002_1','0768250002_1','PART-0768250002_1-DESC',(#43));
#25=PRODUCT_DEFINITION('','NONE',#44,#1);
#26=MANIFOLD_SOLID_BREP('0768250002_1',#45);
#27=AXIS2_PLACEMENT_3D('',#46,#47,#48);
#28=GEOMETRIC_SET('1',(#49,#50,#51,#52,#53,#54));
#29=AXIS2_PLACEMENT_3D('',#55,#56,#57);
#32=LENGTH_MEASURE_WITH_UNIT(LENGTH_MEASURE(1.0),#58);
#35=DIMENSIONAL_EXPONENTS(1.0,0.0,0.0,0.0,0.0,0.0,0.0);
#37=DIMENSIONAL_EXPONENTS(0.0,0.0,0.0,0.0,0.0,0.0,0.0);
#43=PRODUCT_CONTEXT('',#10,'mechanical');
#44=PRODUCT_DEFINITION_FORMATION_WITH_SPECIFIED_SOURCE(' ','NONE',#24,.NOT_KNOWN.);
#45=CLOSED_SHELL('',(#59,#60,#61,#62,#63,#64,#65,#66,#67,#68,#69,#70,#71,#72,#73,#74,#75,#76,#77,#78,#79,#80,#81,#82,#83,#84,#85,#86,#87,#88,#89,#90,#91,#92,#93,#94,#95,#96,#97,#98,#99,#100,#101,#102,#103,#104,#105,#106,#107,#108,#109,#110,#111,#112,#113,#114,#115,#116,#117,#118,#119,#120,#121,#122,#123,#124,#125,#126,#127,#128,#129,#130,#131,#132,#133,#134,#135,#136,#137,#138,#139,#140,#141,#142,#143,#144,#145,#146,#147,#148,#149,#150,#151,#152,#153,#154,#155,#156,#157,#158,#159,#160,#161,#162,#163,#164,#165,#166,#167,#168,#169,#170,#171,#172,#173,#174,#175,#176,#177,#178,#179,#180,#181,#182,#183,#184,#185,#186,#187,#188,#189,#190,#191,#192,#193,#194,#195,#196,#197,#198,#199,#200,#201,#202,#203,#204,#205,#206,#207,#208,#209,#210,#211,#212,#213,#214,#215,#216,#217,#218,#219,#220,#221,#222,#223,#224,#225,#226,#227,#228,#229,#230,#231,#232,#233,#234,#235,#236,#237,#238,#239,#240,#241,#242,#243,#244,#245,#246,#247,#248,#249,#250,#251,#252,#253,#254,#255,#256,#257,#258,#259,#260,#261,#262,#263,#264,#265,#266,#267));
#46=CARTESIAN_POINT('',(0.0,0.0,0.0));
#47=DIRECTION('',(0.0,0.0,1.0));
#48=DIRECTION('',(1.0,0.0,0.0));
#49=COMPOSITE_CURVE('0768250002_2',(#268),.U.);
#50=COMPOSITE_CURVE('0768250002_3',(#269),.U.);
#51=COMPOSITE_CURVE('0768250002_4',(#270),.U.);
#52=COMPOSITE_CURVE('0768250002_5',(#271),.U.);
#53=COMPOSITE_CURVE('0768250002_6',(#272),.U.);
#54=COMPOSITE_CURVE('0768250002_7',(#273),.U.);
#55=CARTESIAN_POINT('',(0.0,0.0,0.0));
#56=DIRECTION('',(0.0,0.0,1.0));
#57=DIRECTION('',(1.0,0.0,0.0));
#58= (NAMED_UNIT(#35)LENGTH_UNIT()SI_UNIT(.MILLI.,.METRE.));
#59=ADVANCED_FACE('',(#275),#276,.T.);
#60=ADVANCED_FACE('',(#277),#278,.T.);
#61=ADVANCED_FACE('',(#279),#280,.T.);
#62=ADVANCED_FACE('',(#281),#282,.T.);
#63=ADVANCED_FACE('',(#283),#284,.T.);
#64=ADVANCED_FACE('',(#285),#286,.T.);
#65=ADVANCED_FACE('',(#287),#288,.T.);
#66=ADVANCED_FACE('',(#289),#290,.F.);
#67=ADVANCED_FACE('',(#291),#292,.F.);
#68=ADVANCED_FACE('',(#293,#294,#295),#296,.T.);
#69=ADVANCED_FACE('',(#297),#298,.T.);
#70=ADVANCED_FACE('',(#299,#300),#301,.T.);
#71=ADVANCED_FACE('',(#302,#303,#304),#305,.T.);
#72=ADVANCED_FACE('',(#306,#307),#308,.T.);
#73=ADVANCED_FACE('',(#309),#310,.T.);
#74=ADVANCED_FACE('',(#311),#312,.F.);
#75=ADVANCED_FACE('',(#313),#314,.T.);
#76=ADVANCED_FACE('',(#315),#316,.F.);
#77=ADVANCED_FACE('',(#317),#318,.F.);
#78=ADVANCED_FACE('',(#319),#320,.F.);
#79=ADVANCED_FACE('',(#321),#322,.T.);
#80=ADVANCED_FACE('',(#323),#324,.F.);
#81=ADVANCED_FACE('',(#325),#326,.T.);
#82=ADVANCED_FACE('',(#327),#328,.F.);
#83=ADVANCED_FACE('',(#329),#330,.T.);
#84=ADVANCED_FACE('',(#331),#332,.F.);
#85=ADVANCED_FACE('',(#333),#334,.F.);
#86=ADVANCED_FACE('',(#335),#336,.F.);
#87=ADVANCED_FACE('',(#337),#338,.F.);
#88=ADVANCED_FACE('',(#339),#340,.F.);
#89=ADVANCED_FACE('',(#341),#342,.T.);
#90=ADVANCED_FACE('',(#343),#344,.T.);
#91=ADVANCED_FACE('',(#345),#346,.T.);
#92=ADVANCED_FACE('',(#347),#348,.T.);
#93=ADVANCED_FACE('',(#349),#350,.F.);
#94=ADVANCED_FACE('',(#351),#352,.F.);
#95=ADVANCED_FACE('',(#353),#354,.F.);
#96=ADVANCED_FACE('',(#355),#356,.T.);
#97=ADVANCED_FACE('',(#357),#358,.T.);
#98=ADVANCED_FACE('',(#359),#360,.T.);
#99=ADVANCED_FACE('',(#361),#362,.T.);
#100=ADVANCED_FACE('',(#363),#364,.F.);
#101=ADVANCED_FACE('',(#365),#366,.F.);
#102=ADVANCED_FACE('',(#367),#368,.T.);
#103=ADVANCED_FACE('',(#369),#370,.T.);
#104=ADVANCED_FACE('',(#371),#372,.T.);
#105=ADVANCED_FACE('',(#373),#374,.F.);
#106=ADVANCED_FACE('',(#375),#376,.F.);
#107=ADVANCED_FACE('',(#377),#378,.T.);
#108=ADVANCED_FACE('',(#379),#380,.T.);
#109=ADVANCED_FACE('',(#381),#382,.T.);
#110=ADVANCED_FACE('',(#383),#384,.F.);
#111=ADVANCED_FACE('',(#385),#386,.T.);
#112=ADVANCED_FACE('',(#387),#388,.T.);
#113=ADVANCED_FACE('',(#389),#390,.T.);
#114=ADVANCED_FACE('',(#391),#392,.T.);
#115=ADVANCED_FACE('',(#393),#394,.T.);
#116=ADVANCED_FACE('',(#395),#396,.T.);
#117=ADVANCED_FACE('',(#397),#398,.T.);
#118=ADVANCED_FACE('',(#399),#400,.T.);
#119=ADVANCED_FACE('',(#401),#402,.F.);
#120=ADVANCED_FACE('',(#403),#404,.T.);
#121=ADVANCED_FACE('',(#405),#406,.T.);
#122=ADVANCED_FACE('',(#407),#408,.T.);
#123=ADVANCED_FACE('',(#409),#410,.T.);
#124=ADVANCED_FACE('',(#411),#412,.T.);
#125=ADVANCED_FACE('',(#413),#414,.T.);
#126=ADVANCED_FACE('',(#415),#416,.T.);
#127=ADVANCED_FACE('',(#417),#418,.T.);
#128=ADVANCED_FACE('',(#419),#420,.T.);
#129=ADVANCED_FACE('',(#421),#422,.T.);
#130=ADVANCED_FACE('',(#423),#424,.T.);
#131=ADVANCED_FACE('',(#425),#426,.T.);
#132=ADVANCED_FACE('',(#427),#428,.T.);
#133=ADVANCED_FACE('',(#429),#430,.T.);
#134=ADVANCED_FACE('',(#431),#432,.T.);
#135=ADVANCED_FACE('',(#433),#434,.T.);
#136=ADVANCED_FACE('',(#435),#436,.F.);
#137=ADVANCED_FACE('',(#437),#438,.T.);
#138=ADVANCED_FACE('',(#439),#440,.T.);
#139=ADVANCED_FACE('',(#441),#442,.T.);
#140=ADVANCED_FACE('',(#443),#444,.T.);
#141=ADVANCED_FACE('',(#445),#446,.F.);
#142=ADVANCED_FACE('',(#447),#448,.T.);
#143=ADVANCED_FACE('',(#449),#450,.T.);
#144=ADVANCED_FACE('',(#451),#452,.T.);
#145=ADVANCED_FACE('',(#453),#454,.T.);
#146=ADVANCED_FACE('',(#455),#456,.T.);
#147=ADVANCED_FACE('',(#457),#458,.T.);
#148=ADVANCED_FACE('',(#459),#460,.T.);
#149=ADVANCED_FACE('',(#461),#462,.T.);
#150=ADVANCED_FACE('',(#463),#464,.T.);
#151=ADVANCED_FACE('',(#465),#466,.T.);
#152=ADVANCED_FACE('',(#467),#468,.T.);
#153=ADVANCED_FACE('',(#469),#470,.T.);
#154=ADVANCED_FACE('',(#471),#472,.T.);
#155=ADVANCED_FACE('',(#473),#474,.T.);
#156=ADVANCED_FACE('',(#475),#476,.T.);
#157=ADVANCED_FACE('',(#477),#478,.T.);
#158=ADVANCED_FACE('',(#479),#480,.T.);
#159=ADVANCED_FACE('',(#481),#482,.T.);
#160=ADVANCED_FACE('',(#483),#484,.F.);
#161=ADVANCED_FACE('',(#485),#486,.F.);
#162=ADVANCED_FACE('',(#487),#488,.F.);
#163=ADVANCED_FACE('',(#489),#490,.F.);
#164=ADVANCED_FACE('',(#491,#492),#493,.T.);
#165=ADVANCED_FACE('',(#494),#495,.F.);
#166=ADVANCED_FACE('',(#496),#497,.F.);
#167=ADVANCED_FACE('',(#498),#499,.F.);
#168=ADVANCED_FACE('',(#500),#501,.F.);
#169=ADVANCED_FACE('',(#502),#503,.F.);
#170=ADVANCED_FACE('',(#504),#505,.F.);
#171=ADVANCED_FACE('',(#506),#507,.F.);
#172=ADVANCED_FACE('',(#508),#509,.F.);
#173=ADVANCED_FACE('',(#510),#511,.F.);
#174=ADVANCED_FACE('',(#512),#513,.F.);
#175=ADVANCED_FACE('',(#514),#515,.F.);
#176=ADVANCED_FACE('',(#516),#517,.F.);
#177=ADVANCED_FACE('',(#518),#519,.F.);
#178=ADVANCED_FACE('',(#520),#521,.F.);
#179=ADVANCED_FACE('',(#522),#523,.T.);
#180=ADVANCED_FACE('',(#524),#525,.T.);
#181=ADVANCED_FACE('',(#526),#527,.T.);
#182=ADVANCED_FACE('',(#528,#529),#530,.T.);
#183=ADVANCED_FACE('',(#531),#532,.T.);
#184=ADVANCED_FACE('',(#533),#534,.F.);
#185=ADVANCED_FACE('',(#535),#536,.F.);
#186=ADVANCED_FACE('',(#537),#538,.T.);
#187=ADVANCED_FACE('',(#539),#540,.T.);
#188=ADVANCED_FACE('',(#541),#542,.T.);
#189=ADVANCED_FACE('',(#543),#544,.T.);
#190=ADVANCED_FACE('',(#545),#546,.T.);
#191=ADVANCED_FACE('',(#547),#548,.T.);
#192=ADVANCED_FACE('',(#549),#550,.T.);
#193=ADVANCED_FACE('',(#551),#552,.T.);
#194=ADVANCED_FACE('',(#553),#554,.T.);
#195=ADVANCED_FACE('',(#555),#556,.T.);
#196=ADVANCED_FACE('',(#557),#558,.F.);
#197=ADVANCED_FACE('',(#559),#560,.T.);
#198=ADVANCED_FACE('',(#561),#562,.T.);
#199=ADVANCED_FACE('',(#563),#564,.T.);
#200=ADVANCED_FACE('',(#565),#566,.F.);
#201=ADVANCED_FACE('',(#567),#568,.F.);
#202=ADVANCED_FACE('',(#569),#570,.T.);
#203=ADVANCED_FACE('',(#571),#572,.T.);
#204=ADVANCED_FACE('',(#573),#574,.T.);
#205=ADVANCED_FACE('',(#575),#576,.T.);
#206=ADVANCED_FACE('',(#577),#578,.F.);
#207=ADVANCED_FACE('',(#579),#580,.T.);
#208=ADVANCED_FACE('',(#581),#582,.T.);
#209=ADVANCED_FACE('',(#583),#584,.T.);
#210=ADVANCED_FACE('',(#585),#586,.T.);
#211=ADVANCED_FACE('',(#587),#588,.T.);
#212=ADVANCED_FACE('',(#589),#590,.T.);
#213=ADVANCED_FACE('',(#591),#592,.T.);
#214=ADVANCED_FACE('',(#593),#594,.T.);
#215=ADVANCED_FACE('',(#595),#596,.T.);
#216=ADVANCED_FACE('',(#597),#598,.T.);
#217=ADVANCED_FACE('',(#599),#600,.T.);
#218=ADVANCED_FACE('',(#601),#602,.T.);
#219=ADVANCED_FACE('',(#603),#604,.T.);
#220=ADVANCED_FACE('',(#605),#606,.T.);
#221=ADVANCED_FACE('',(#607),#608,.T.);
#222=ADVANCED_FACE('',(#609),#610,.F.);
#223=ADVANCED_FACE('',(#611),#612,.T.);
#224=ADVANCED_FACE('',(#613),#614,.T.);
#225=ADVANCED_FACE('',(#615),#616,.T.);
#226=ADVANCED_FACE('',(#617),#618,.T.);
#227=ADVANCED_FACE('',(#619),#620,.T.);
#228=ADVANCED_FACE('',(#621),#622,.T.);
#229=ADVANCED_FACE('',(#623),#624,.T.);
#230=ADVANCED_FACE('',(#625),#626,.T.);
#231=ADVANCED_FACE('',(#627),#628,.T.);
#232=ADVANCED_FACE('',(#629),#630,.T.);
#233=ADVANCED_FACE('',(#631),#632,.T.);
#234=ADVANCED_FACE('',(#633),#634,.F.);
#235=ADVANCED_FACE('',(#635),#636,.T.);
#236=ADVANCED_FACE('',(#637),#638,.F.);
#237=ADVANCED_FACE('',(#639),#640,.F.);
#238=ADVANCED_FACE('',(#641),#642,.T.);
#239=ADVANCED_FACE('',(#643),#644,.T.);
#240=ADVANCED_FACE('',(#645),#646,.T.);
#241=ADVANCED_FACE('',(#647),#648,.T.);
#242=ADVANCED_FACE('',(#649),#650,.F.);
#243=ADVANCED_FACE('',(#651),#652,.T.);
#244=ADVANCED_FACE('',(#653),#654,.T.);
#245=ADVANCED_FACE('',(#655),#656,.T.);
#246=ADVANCED_FACE('',(#657),#658,.T.);
#247=ADVANCED_FACE('',(#659),#660,.F.);
#248=ADVANCED_FACE('',(#661),#662,.T.);
#249=ADVANCED_FACE('',(#663),#664,.T.);
#250=ADVANCED_FACE('',(#665,#666),#667,.T.);
#251=ADVANCED_FACE('',(#668),#669,.T.);
#252=ADVANCED_FACE('',(#670),#671,.T.);
#253=ADVANCED_FACE('',(#672),#673,.T.);
#254=ADVANCED_FACE('',(#674),#675,.T.);
#255=ADVANCED_FACE('',(#676),#677,.T.);
#256=ADVANCED_FACE('',(#678),#679,.T.);
#257=ADVANCED_FACE('',(#680),#681,.T.);
#258=ADVANCED_FACE('',(#682),#683,.T.);
#259=ADVANCED_FACE('',(#684),#685,.T.);
#260=ADVANCED_FACE('',(#686),#687,.T.);
#261=ADVANCED_FACE('',(#688),#689,.T.);
#262=ADVANCED_FACE('',(#690),#691,.T.);
#263=ADVANCED_FACE('',(#692),#693,.T.);
#264=ADVANCED_FACE('',(#694),#695,.T.);
#265=ADVANCED_FACE('',(#696),#697,.F.);
#266=ADVANCED_FACE('',(#698),#699,.T.);
#267=ADVANCED_FACE('',(#700),#701,.F.);
#268=COMPOSITE_CURVE_SEGMENT(.CONTINUOUS.,.T.,#702);
#269=COMPOSITE_CURVE_SEGMENT(.CONTINUOUS.,.T.,#703);
#270=COMPOSITE_CURVE_SEGMENT(.CONTINUOUS.,.T.,#704);
#271=COMPOSITE_CURVE_SEGMENT(.CONTINUOUS.,.T.,#705);
#272=COMPOSITE_CURVE_SEGMENT(.CONTINUOUS.,.T.,#706);
#273=COMPOSITE_CURVE_SEGMENT(.CONTINUOUS.,.T.,#707);
#275=FACE_OUTER_BOUND('',#708,.T.);
#276=CYLINDRICAL_SURFACE('',#709,1.475);
#277=FACE_OUTER_BOUND('',#710,.T.);
#278=CYLINDRICAL_SURFACE('',#711,0.1000002159176);
#279=FACE_OUTER_BOUND('',#712,.T.);
#280=CONICAL_SURFACE('',#713,1.303980812707,0.4363323129985);
#281=FACE_OUTER_BOUND('',#714,.T.);
#282=CYLINDRICAL_SURFACE('',#715,0.1);
#283=FACE_OUTER_BOUND('',#716,.T.);
#284=CYLINDRICAL_SURFACE('',#717,1.475);
#285=FACE_OUTER_BOUND('',#718,.T.);
#286=CONICAL_SURFACE('',#719,1.303980812707,0.4363323129985);
#287=FACE_OUTER_BOUND('',#720,.T.);
#288=PLANE('',#721);
#289=FACE_OUTER_BOUND('',#722,.T.);
#290=PLANE('',#723);
#291=FACE_OUTER_BOUND('',#724,.T.);
#292=PLANE('',#725);
#293=FACE_OUTER_BOUND('',#726,.T.);
#294=FACE_BOUND('',#727,.T.);
#295=FACE_BOUND('',#728,.T.);
#296=PLANE('',#729);
#297=FACE_OUTER_BOUND('',#730,.T.);
#298=CYLINDRICAL_SURFACE('',#731,0.5);
#299=FACE_OUTER_BOUND('',#732,.T.);
#300=FACE_BOUND('',#733,.T.);
#301=PLANE('',#734);
#302=FACE_OUTER_BOUND('',#735,.T.);
#303=FACE_BOUND('',#736,.T.);
#304=FACE_BOUND('',#737,.T.);
#305=PLANE('',#738);
#306=FACE_OUTER_BOUND('',#739,.T.);
#307=FACE_BOUND('',#740,.T.);
#308=PLANE('',#741);
#309=FACE_OUTER_BOUND('',#742,.T.);
#310=CYLINDRICAL_SURFACE('',#743,0.5);
#311=FACE_OUTER_BOUND('',#744,.T.);
#312=PLANE('',#745);
#313=FACE_OUTER_BOUND('',#746,.T.);
#314=CYLINDRICAL_SURFACE('',#747,0.5);
#315=FACE_OUTER_BOUND('',#748,.T.);
#316=PLANE('',#749);
#317=FACE_OUTER_BOUND('',#750,.T.);
#318=PLANE('',#751);
#319=FACE_OUTER_BOUND('',#752,.T.);
#320=PLANE('',#753);
#321=FACE_OUTER_BOUND('',#754,.T.);
#322=PLANE('',#755);
#323=FACE_OUTER_BOUND('',#756,.T.);
#324=PLANE('',#757);
#325=FACE_OUTER_BOUND('',#758,.T.);
#326=CYLINDRICAL_SURFACE('',#759,0.5);
#327=FACE_OUTER_BOUND('',#760,.T.);
#328=PLANE('',#761);
#329=FACE_OUTER_BOUND('',#762,.T.);
#330=PLANE('',#763);
#331=FACE_OUTER_BOUND('',#764,.T.);
#332=PLANE('',#765);
#333=FACE_OUTER_BOUND('',#766,.T.);
#334=PLANE('',#767);
#335=FACE_OUTER_BOUND('',#768,.T.);
#336=PLANE('',#769);
#337=FACE_OUTER_BOUND('',#770,.T.);
#338=PLANE('',#771);
#339=FACE_OUTER_BOUND('',#772,.T.);
#340=CYLINDRICAL_SURFACE('',#773,0.85);
#341=FACE_OUTER_BOUND('',#774,.T.);
#342=PLANE('',#775);
#343=FACE_OUTER_BOUND('',#776,.T.);
#344=CYLINDRICAL_SURFACE('',#777,0.1);
#345=FACE_OUTER_BOUND('',#778,.T.);
#346=CYLINDRICAL_SURFACE('',#779,1.525);
#347=FACE_OUTER_BOUND('',#780,.T.);
#348=CYLINDRICAL_SURFACE('',#781,0.1000000029915);
#349=FACE_OUTER_BOUND('',#782,.T.);
#350=PLANE('',#783);
#351=FACE_OUTER_BOUND('',#784,.T.);
#352=CYLINDRICAL_SURFACE('',#785,0.85);
#353=FACE_OUTER_BOUND('',#786,.T.);
#354=PLANE('',#787);
#355=FACE_OUTER_BOUND('',#788,.T.);
#356=CONICAL_SURFACE('',#789,1.303980812707,0.4363323129985);
#357=FACE_OUTER_BOUND('',#790,.T.);
#358=CYLINDRICAL_SURFACE('',#791,1.475);
#359=FACE_OUTER_BOUND('',#792,.T.);
#360=CYLINDRICAL_SURFACE('',#793,0.1);
#361=FACE_OUTER_BOUND('',#794,.T.);
#362=CYLINDRICAL_SURFACE('',#795,0.1);
#363=FACE_OUTER_BOUND('',#796,.T.);
#364=PLANE('',#797);
#365=FACE_OUTER_BOUND('',#798,.T.);
#366=CYLINDRICAL_SURFACE('',#799,0.85);
#367=FACE_OUTER_BOUND('',#800,.T.);
#368=PLANE('',#801);
#369=FACE_OUTER_BOUND('',#802,.T.);
#370=CYLINDRICAL_SURFACE('',#803,0.1000000029914);
#371=FACE_OUTER_BOUND('',#804,.T.);
#372=CYLINDRICAL_SURFACE('',#805,1.525);
#373=FACE_OUTER_BOUND('',#806,.T.);
#374=PLANE('',#807);
#375=FACE_OUTER_BOUND('',#808,.T.);
#376=CYLINDRICAL_SURFACE('',#809,0.85);
#377=FACE_OUTER_BOUND('',#810,.T.);
#378=PLANE('',#811);
#379=FACE_OUTER_BOUND('',#812,.T.);
#380=CYLINDRICAL_SURFACE('',#813,0.1);
#381=FACE_OUTER_BOUND('',#814,.T.);
#382=CONICAL_SURFACE('',#815,1.303980812707,0.4363323129985);
#383=FACE_OUTER_BOUND('',#816,.T.);
#384=PLANE('',#817);
#385=FACE_OUTER_BOUND('',#818,.T.);
#386=CONICAL_SURFACE('',#819,1.328980812707,0.4363323129985);
#387=FACE_OUTER_BOUND('',#820,.T.);
#388=CYLINDRICAL_SURFACE('',#821,0.1000002159172);
#389=FACE_OUTER_BOUND('',#822,.T.);
#390=CONICAL_SURFACE('',#823,1.328980812707,0.4363323129985);
#391=FACE_OUTER_BOUND('',#824,.T.);
#392=CYLINDRICAL_SURFACE('',#825,1.475);
#393=FACE_OUTER_BOUND('',#826,.T.);
#394=CYLINDRICAL_SURFACE('',#827,0.1);
#395=FACE_OUTER_BOUND('',#828,.T.);
#396=PLANE('',#829);
#397=FACE_OUTER_BOUND('',#830,.T.);
#398=CYLINDRICAL_SURFACE('',#831,0.08);
#399=FACE_OUTER_BOUND('',#832,.T.);
#400=TOROIDAL_SURFACE('',#833,1.12,0.08);
#401=FACE_OUTER_BOUND('',#834,.T.);
#402=CYLINDRICAL_SURFACE('',#835,1.04);
#403=FACE_OUTER_BOUND('',#836,.T.);
#404=TOROIDAL_SURFACE('',#837,1.12,0.08);
#405=FACE_OUTER_BOUND('',#838,.T.);
#406=CYLINDRICAL_SURFACE('',#839,0.08);
#407=FACE_OUTER_BOUND('',#840,.T.);
#408=PLANE('',#841);
#409=FACE_OUTER_BOUND('',#842,.T.);
#410=CYLINDRICAL_SURFACE('',#843,0.08);
#411=FACE_OUTER_BOUND('',#844,.T.);
#412=PLANE('',#845);
#413=FACE_OUTER_BOUND('',#846,.T.);
#414=PLANE('',#847);
#415=FACE_OUTER_BOUND('',#848,.T.);
#416=PLANE('',#849);
#417=FACE_OUTER_BOUND('',#850,.T.);
#418=PLANE('',#851);
#419=FACE_OUTER_BOUND('',#852,.T.);
#420=CYLINDRICAL_SURFACE('',#853,0.08);
#421=FACE_OUTER_BOUND('',#854,.T.);
#422=CYLINDRICAL_SURFACE('',#855,0.08);
#423=FACE_OUTER_BOUND('',#856,.T.);
#424=PLANE('',#857);
#425=FACE_OUTER_BOUND('',#858,.T.);
#426=PLANE('',#859);
#427=FACE_OUTER_BOUND('',#860,.T.);
#428=PLANE('',#861);
#429=FACE_OUTER_BOUND('',#862,.T.);
#430=CYLINDRICAL_SURFACE('',#863,0.08);
#431=FACE_OUTER_BOUND('',#864,.T.);
#432=TOROIDAL_SURFACE('',#865,1.96,0.08);
#433=FACE_OUTER_BOUND('',#866,.T.);
#434=CYLINDRICAL_SURFACE('',#867,2.04);
#435=FACE_OUTER_BOUND('',#868,.T.);
#436=PLANE('',#869);
#437=FACE_OUTER_BOUND('',#870,.T.);
#438=CYLINDRICAL_SURFACE('',#871,0.08);
#439=FACE_OUTER_BOUND('',#872,.T.);
#440=TOROIDAL_SURFACE('',#873,1.96,0.08);
#441=FACE_OUTER_BOUND('',#874,.T.);
#442=CYLINDRICAL_SURFACE('',#875,0.08);
#443=FACE_OUTER_BOUND('',#876,.T.);
#444=PLANE('',#877);
#445=FACE_OUTER_BOUND('',#878,.T.);
#446=CYLINDRICAL_SURFACE('',#879,1.02);
#447=FACE_OUTER_BOUND('',#880,.T.);
#448=TOROIDAL_SURFACE('',#881,1.1,0.08);
#449=FACE_OUTER_BOUND('',#882,.T.);
#450=PLANE('',#883);
#451=FACE_OUTER_BOUND('',#884,.T.);
#452=TOROIDAL_SURFACE('',#885,2.014,0.08);
#453=FACE_OUTER_BOUND('',#886,.T.);
#454=CYLINDRICAL_SURFACE('',#887,2.094);
#455=FACE_OUTER_BOUND('',#888,.T.);
#456=TOROIDAL_SURFACE('',#889,2.014,0.08);
#457=FACE_OUTER_BOUND('',#890,.T.);
#458=PLANE('',#891);
#459=FACE_OUTER_BOUND('',#892,.T.);
#460=TOROIDAL_SURFACE('',#893,1.1,0.08);
#461=FACE_OUTER_BOUND('',#894,.T.);
#462=CYLINDRICAL_SURFACE('',#895,0.08);
#463=FACE_OUTER_BOUND('',#896,.T.);
#464=PLANE('',#897);
#465=FACE_OUTER_BOUND('',#898,.T.);
#466=PLANE('',#899);
#467=FACE_OUTER_BOUND('',#900,.T.);
#468=CYLINDRICAL_SURFACE('',#901,0.08);
#469=FACE_OUTER_BOUND('',#902,.T.);
#470=PLANE('',#903);
#471=FACE_OUTER_BOUND('',#904,.T.);
#472=PLANE('',#905);
#473=FACE_OUTER_BOUND('',#906,.T.);
#474=PLANE('',#907);
#475=FACE_OUTER_BOUND('',#908,.T.);
#476=PLANE('',#909);
#477=FACE_OUTER_BOUND('',#910,.T.);
#478=CYLINDRICAL_SURFACE('',#911,0.08);
#479=FACE_OUTER_BOUND('',#912,.T.);
#480=PLANE('',#913);
#481=FACE_OUTER_BOUND('',#914,.T.);
#482=CYLINDRICAL_SURFACE('',#915,0.08);
#483=FACE_OUTER_BOUND('',#916,.T.);
#484=PLANE('',#917);
#485=FACE_OUTER_BOUND('',#918,.T.);
#486=PLANE('',#919);
#487=FACE_OUTER_BOUND('',#920,.T.);
#488=PLANE('',#921);
#489=FACE_OUTER_BOUND('',#922,.T.);
#490=PLANE('',#923);
#491=FACE_OUTER_BOUND('',#924,.T.);
#492=FACE_BOUND('',#925,.T.);
#493=PLANE('',#926);
#494=FACE_OUTER_BOUND('',#927,.T.);
#495=PLANE('',#928);
#496=FACE_OUTER_BOUND('',#929,.T.);
#497=PLANE('',#930);
#498=FACE_OUTER_BOUND('',#931,.T.);
#499=PLANE('',#932);
#500=FACE_OUTER_BOUND('',#933,.T.);
#501=PLANE('',#934);
#502=FACE_OUTER_BOUND('',#935,.T.);
#503=PLANE('',#936);
#504=FACE_OUTER_BOUND('',#937,.T.);
#505=PLANE('',#938);
#506=FACE_OUTER_BOUND('',#939,.T.);
#507=PLANE('',#940);
#508=FACE_OUTER_BOUND('',#941,.T.);
#509=PLANE('',#942);
#510=FACE_OUTER_BOUND('',#943,.T.);
#511=PLANE('',#944);
#512=FACE_OUTER_BOUND('',#945,.T.);
#513=PLANE('',#946);
#514=FACE_OUTER_BOUND('',#947,.T.);
#515=PLANE('',#948);
#516=FACE_OUTER_BOUND('',#949,.T.);
#517=PLANE('',#950);
#518=FACE_OUTER_BOUND('',#951,.T.);
#519=PLANE('',#952);
#520=FACE_OUTER_BOUND('',#953,.T.);
#521=PLANE('',#954);
#522=FACE_OUTER_BOUND('',#955,.T.);
#523=PLANE('',#956);
#524=FACE_OUTER_BOUND('',#957,.T.);
#525=PLANE('',#958);
#526=FACE_OUTER_BOUND('',#959,.T.);
#527=PLANE('',#960);
#528=FACE_OUTER_BOUND('',#961,.T.);
#529=FACE_BOUND('',#962,.T.);
#530=PLANE('',#963);
#531=FACE_OUTER_BOUND('',#964,.T.);
#532=PLANE('',#965);
#533=FACE_OUTER_BOUND('',#966,.T.);
#534=PLANE('',#967);
#535=FACE_OUTER_BOUND('',#968,.T.);
#536=PLANE('',#969);
#537=FACE_OUTER_BOUND('',#970,.T.);
#538=PLANE('',#971);
#539=FACE_OUTER_BOUND('',#972,.T.);
#540=PLANE('',#973);
#541=FACE_OUTER_BOUND('',#974,.T.);
#542=PLANE('',#975);
#543=FACE_OUTER_BOUND('',#976,.T.);
#544=PLANE('',#977);
#545=FACE_OUTER_BOUND('',#978,.T.);
#546=PLANE('',#979);
#547=FACE_OUTER_BOUND('',#980,.T.);
#548=PLANE('',#981);
#549=FACE_OUTER_BOUND('',#982,.T.);
#550=PLANE('',#983);
#551=FACE_OUTER_BOUND('',#984,.T.);
#552=PLANE('',#985);
#553=FACE_OUTER_BOUND('',#986,.T.);
#554=PLANE('',#987);
#555=FACE_OUTER_BOUND('',#988,.T.);
#556=PLANE('',#989);
#557=FACE_OUTER_BOUND('',#990,.T.);
#558=PLANE('',#991);
#559=FACE_OUTER_BOUND('',#992,.T.);
#560=PLANE('',#993);
#561=FACE_OUTER_BOUND('',#994,.T.);
#562=PLANE('',#995);
#563=FACE_OUTER_BOUND('',#996,.T.);
#564=PLANE('',#997);
#565=FACE_OUTER_BOUND('',#998,.T.);
#566=PLANE('',#999);
#567=FACE_OUTER_BOUND('',#1000,.T.);
#568=PLANE('',#1001);
#569=FACE_OUTER_BOUND('',#1002,.T.);
#570=PLANE('',#1003);
#571=FACE_OUTER_BOUND('',#1004,.T.);
#572=PLANE('',#1005);
#573=FACE_OUTER_BOUND('',#1006,.T.);
#574=PLANE('',#1007);
#575=FACE_OUTER_BOUND('',#1008,.T.);
#576=PLANE('',#1009);
#577=FACE_OUTER_BOUND('',#1010,.T.);
#578=PLANE('',#1011);
#579=FACE_OUTER_BOUND('',#1012,.T.);
#580=PLANE('',#1013);
#581=FACE_OUTER_BOUND('',#1014,.T.);
#582=PLANE('',#1015);
#583=FACE_OUTER_BOUND('',#1016,.T.);
#584=PLANE('',#1017);
#585=FACE_OUTER_BOUND('',#1018,.T.);
#586=PLANE('',#1019);
#587=FACE_OUTER_BOUND('',#1020,.T.);
#588=CYLINDRICAL_SURFACE('',#1021,0.08);
#589=FACE_OUTER_BOUND('',#1022,.T.);
#590=PLANE('',#1023);
#591=FACE_OUTER_BOUND('',#1024,.T.);
#592=CYLINDRICAL_SURFACE('',#1025,0.08);
#593=FACE_OUTER_BOUND('',#1026,.T.);
#594=PLANE('',#1027);
#595=FACE_OUTER_BOUND('',#1028,.T.);
#596=PLANE('',#1029);
#597=FACE_OUTER_BOUND('',#1030,.T.);
#598=CYLINDRICAL_SURFACE('',#1031,0.08);
#599=FACE_OUTER_BOUND('',#1032,.T.);
#600=PLANE('',#1033);
#601=FACE_OUTER_BOUND('',#1034,.T.);
#602=CYLINDRICAL_SURFACE('',#1035,0.08);
#603=FACE_OUTER_BOUND('',#1036,.T.);
#604=PLANE('',#1037);
#605=FACE_OUTER_BOUND('',#1038,.T.);
#606=PLANE('',#1039);
#607=FACE_OUTER_BOUND('',#1040,.T.);
#608=PLANE('',#1041);
#609=FACE_OUTER_BOUND('',#1042,.T.);
#610=PLANE('',#1043);
#611=FACE_OUTER_BOUND('',#1044,.T.);
#612=PLANE('',#1045);
#613=FACE_OUTER_BOUND('',#1046,.T.);
#614=PLANE('',#1047);
#615=FACE_OUTER_BOUND('',#1048,.T.);
#616=PLANE('',#1049);
#617=FACE_OUTER_BOUND('',#1050,.T.);
#618=PLANE('',#1051);
#619=FACE_OUTER_BOUND('',#1052,.T.);
#620=PLANE('',#1053);
#621=FACE_OUTER_BOUND('',#1054,.T.);
#622=PLANE('',#1055);
#623=FACE_OUTER_BOUND('',#1056,.T.);
#624=PLANE('',#1057);
#625=FACE_OUTER_BOUND('',#1058,.T.);
#626=PLANE('',#1059);
#627=FACE_OUTER_BOUND('',#1060,.T.);
#628=PLANE('',#1061);
#629=FACE_OUTER_BOUND('',#1062,.T.);
#630=PLANE('',#1063);
#631=FACE_OUTER_BOUND('',#1064,.T.);
#632=PLANE('',#1065);
#633=FACE_OUTER_BOUND('',#1066,.T.);
#634=PLANE('',#1067);
#635=FACE_OUTER_BOUND('',#1068,.T.);
#636=PLANE('',#1069);
#637=FACE_OUTER_BOUND('',#1070,.T.);
#638=PLANE('',#1071);
#639=FACE_OUTER_BOUND('',#1072,.T.);
#640=PLANE('',#1073);
#641=FACE_OUTER_BOUND('',#1074,.T.);
#642=PLANE('',#1075);
#643=FACE_OUTER_BOUND('',#1076,.T.);
#644=PLANE('',#1077);
#645=FACE_OUTER_BOUND('',#1078,.T.);
#646=PLANE('',#1079);
#647=FACE_OUTER_BOUND('',#1080,.T.);
#648=PLANE('',#1081);
#649=FACE_OUTER_BOUND('',#1082,.T.);
#650=PLANE('',#1083);
#651=FACE_OUTER_BOUND('',#1084,.T.);
#652=PLANE('',#1085);
#653=FACE_OUTER_BOUND('',#1086,.T.);
#654=PLANE('',#1087);
#655=FACE_OUTER_BOUND('',#1088,.T.);
#656=PLANE('',#1089);
#657=FACE_OUTER_BOUND('',#1090,.T.);
#658=PLANE('',#1091);
#659=FACE_OUTER_BOUND('',#1092,.T.);
#660=PLANE('',#1093);
#661=FACE_OUTER_BOUND('',#1094,.T.);
#662=PLANE('',#1095);
#663=FACE_OUTER_BOUND('',#1096,.T.);
#664=PLANE('',#1097);
#665=FACE_OUTER_BOUND('',#1098,.T.);
#666=FACE_BOUND('',#1099,.T.);
#667=PLANE('',#1100);
#668=FACE_OUTER_BOUND('',#1101,.T.);
#669=PLANE('',#1102);
#670=FACE_OUTER_BOUND('',#1103,.T.);
#671=PLANE('',#1104);
#672=FACE_OUTER_BOUND('',#1105,.T.);
#673=CYLINDRICAL_SURFACE('',#1106,0.08);
#674=FACE_OUTER_BOUND('',#1107,.T.);
#675=PLANE('',#1108);
#676=FACE_OUTER_BOUND('',#1109,.T.);
#677=PLANE('',#1110);
#678=FACE_OUTER_BOUND('',#1111,.T.);
#679=CYLINDRICAL_SURFACE('',#1112,0.08);
#680=FACE_OUTER_BOUND('',#1113,.T.);
#681=PLANE('',#1114);
#682=FACE_OUTER_BOUND('',#1115,.T.);
#683=CYLINDRICAL_SURFACE('',#1116,0.08);
#684=FACE_OUTER_BOUND('',#1117,.T.);
#685=PLANE('',#1118);
#686=FACE_OUTER_BOUND('',#1119,.T.);
#687=PLANE('',#1120);
#688=FACE_OUTER_BOUND('',#1121,.T.);
#689=CYLINDRICAL_SURFACE('',#1122,0.08);
#690=FACE_OUTER_BOUND('',#1123,.T.);
#691=PLANE('',#1124);
#692=FACE_OUTER_BOUND('',#1125,.T.);
#693=PLANE('',#1126);
#694=FACE_OUTER_BOUND('',#1127,.T.);
#695=PLANE('',#1128);
#696=FACE_OUTER_BOUND('',#1129,.T.);
#697=PLANE('',#1130);
#698=FACE_OUTER_BOUND('',#1131,.T.);
#699=PLANE('',#1132);
#700=FACE_OUTER_BOUND('',#1133,.T.);
#701=PLANE('',#1134);
#702=TRIMMED_CURVE('',#1135,(PARAMETER_VALUE(0.0)),(PARAMETER_VALUE(3.1415926535892)),.T.,.UNSPECIFIED.);
#703=TRIMMED_CURVE('',#1136,(PARAMETER_VALUE(0.0)),(PARAMETER_VALUE(3.1415926535892)),.T.,.UNSPECIFIED.);
#704=TRIMMED_CURVE('',#1137,(PARAMETER_VALUE(0.0)),(PARAMETER_VALUE(3.1415926535892)),.T.,.UNSPECIFIED.);
#705=TRIMMED_CURVE('',#1138,(PARAMETER_VALUE(0.0)),(PARAMETER_VALUE(3.1415926535892)),.T.,.UNSPECIFIED.);
#706=TRIMMED_CURVE('',#1139,(PARAMETER_VALUE(0.0)),(PARAMETER_VALUE(3.1415926535892)),.T.,.UNSPECIFIED.);
#707=TRIMMED_CURVE('',#1140,(PARAMETER_VALUE(0.0)),(PARAMETER_VALUE(3.1415926535892)),.T.,.UNSPECIFIED.);
#708=EDGE_LOOP('',(#1141,#1142,#1143,#1144));
#709=AXIS2_PLACEMENT_3D('',#1145,#1146,#1147);
#710=EDGE_LOOP('',(#1148,#1149,#1150,#1151));
#711=AXIS2_PLACEMENT_3D('',#1152,#1153,#1154);
#712=EDGE_LOOP('',(#1155,#1156,#1157,#1158,#1159,#1160));
#713=AXIS2_PLACEMENT_3D('',#1161,#1162,#1163);
#714=EDGE_LOOP('',(#1164,#1165,#1166,#1167));
#715=AXIS2_PLACEMENT_3D('',#1168,#1169,#1170);
#716=EDGE_LOOP('',(#1171,#1172,#1173,#1174));
#717=AXIS2_PLACEMENT_3D('',#1175,#1176,#1177);
#718=EDGE_LOOP('',(#1178,#1179,#1180,#1181,#1182,#1183));
#719=AXIS2_PLACEMENT_3D('',#1184,#1185,#1186);
#720=EDGE_LOOP('',(#1187,#1188,#1189,#1190));
#721=AXIS2_PLACEMENT_3D('',#1191,#1192,#1193);
#722=EDGE_LOOP('',(#1194,#1195,#1196,#1197));
#723=AXIS2_PLACEMENT_3D('',#1198,#1199,#1200);
#724=EDGE_LOOP('',(#1201,#1202,#1203,#1204,#1205,#1206,#1207,#1208));
#725=AXIS2_PLACEMENT_3D('',#1209,#1210,#1211);
#726=EDGE_LOOP('',(#1212,#1213,#1214,#1215,#1216,#1217,#1218,#1219,#1220,#1221));
#727=EDGE_LOOP('',(#1222,#1223,#1224,#1225,#1226,#1227,#1228,#1229,#1230,#1231,#1232,#1233,#1234,#1235,#1236,#1237,#1238,#1239,#1240,#1241,#1242,#1243));
#728=EDGE_LOOP('',(#1244,#1245,#1246,#1247,#1248,#1249,#1250,#1251,#1252,#1253,#1254,#1255,#1256,#1257,#1258,#1259,#1260,#1261,#1262,#1263,#1264,#1265));
#729=AXIS2_PLACEMENT_3D('',#1266,#1267,#1268);
#730=EDGE_LOOP('',(#1269,#1270,#1271,#1272));
#731=AXIS2_PLACEMENT_3D('',#1273,#1274,#1275);
#732=EDGE_LOOP('',(#1276,#1277,#1278,#1279));
#733=EDGE_LOOP('',(#1280,#1281,#1282,#1283));
#734=AXIS2_PLACEMENT_3D('',#1284,#1285,#1286);
#735=EDGE_LOOP('',(#1287,#1288,#1289,#1290,#1291,#1292,#1293,#1294));
#736=EDGE_LOOP('',(#1295,#1296,#1297,#1298,#1299,#1300,#1301,#1302));
#737=EDGE_LOOP('',(#1303,#1304,#1305,#1306,#1307,#1308,#1309,#1310));
#738=AXIS2_PLACEMENT_3D('',#1311,#1312,#1313);
#739=EDGE_LOOP('',(#1314,#1315,#1316,#1317,#1318,#1319,#1320,#1321,#1322,#1323,#1324,#1325));
#740=EDGE_LOOP('',(#1326,#1327,#1328,#1329,#1330,#1331,#1332,#1333,#1334,#1335,#1336,#1337,#1338,#1339,#1340,#1341,#1342,#1343,#1344,#1345,#1346,#1347,#1348,#1349,#1350,#1351));
#741=AXIS2_PLACEMENT_3D('',#1352,#1353,#1354);
#742=EDGE_LOOP('',(#1355,#1356,#1357,#1358,#1359,#1360));
#743=AXIS2_PLACEMENT_3D('',#1361,#1362,#1363);
#744=EDGE_LOOP('',(#1364,#1365,#1366,#1367));
#745=AXIS2_PLACEMENT_3D('',#1368,#1369,#1370);
#746=EDGE_LOOP('',(#1371,#1372,#1373,#1374));
#747=AXIS2_PLACEMENT_3D('',#1375,#1376,#1377);
#748=EDGE_LOOP('',(#1378,#1379,#1380,#1381));
#749=AXIS2_PLACEMENT_3D('',#1382,#1383,#1384);
#750=EDGE_LOOP('',(#1385,#1386,#1387,#1388));
#751=AXIS2_PLACEMENT_3D('',#1389,#1390,#1391);
#752=EDGE_LOOP('',(#1392,#1393,#1394,#1395));
#753=AXIS2_PLACEMENT_3D('',#1396,#1397,#1398);
#754=EDGE_LOOP('',(#1399,#1400,#1401,#1402));
#755=AXIS2_PLACEMENT_3D('',#1403,#1404,#1405);
#756=EDGE_LOOP('',(#1406,#1407,#1408,#1409));
#757=AXIS2_PLACEMENT_3D('',#1410,#1411,#1412);
#758=EDGE_LOOP('',(#1413,#1414,#1415,#1416,#1417,#1418));
#759=AXIS2_PLACEMENT_3D('',#1419,#1420,#1421);
#760=EDGE_LOOP('',(#1422,#1423,#1424,#1425));
#761=AXIS2_PLACEMENT_3D('',#1426,#1427,#1428);
#762=EDGE_LOOP('',(#1429,#1430,#1431,#1432));
#763=AXIS2_PLACEMENT_3D('',#1433,#1434,#1435);
#764=EDGE_LOOP('',(#1436,#1437,#1438,#1439));
#765=AXIS2_PLACEMENT_3D('',#1440,#1441,#1442);
#766=EDGE_LOOP('',(#1443,#1444,#1445,#1446));
#767=AXIS2_PLACEMENT_3D('',#1447,#1448,#1449);
#768=EDGE_LOOP('',(#1450,#1451,#1452,#1453));
#769=AXIS2_PLACEMENT_3D('',#1454,#1455,#1456);
#770=EDGE_LOOP('',(#1457,#1458,#1459,#1460));
#771=AXIS2_PLACEMENT_3D('',#1461,#1462,#1463);
#772=EDGE_LOOP('',(#1464,#1465,#1466,#1467,#1468,#1469));
#773=AXIS2_PLACEMENT_3D('',#1470,#1471,#1472);
#774=EDGE_LOOP('',(#1473,#1474,#1475,#1476));
#775=AXIS2_PLACEMENT_3D('',#1477,#1478,#1479);
#776=EDGE_LOOP('',(#1480,#1481,#1482,#1483));
#777=AXIS2_PLACEMENT_3D('',#1484,#1485,#1486);
#778=EDGE_LOOP('',(#1487,#1488,#1489,#1490,#1491));
#779=AXIS2_PLACEMENT_3D('',#1492,#1493,#1494);
#780=EDGE_LOOP('',(#1495,#1496,#1497,#1498));
#781=AXIS2_PLACEMENT_3D('',#1499,#1500,#1501);
#782=EDGE_LOOP('',(#1502,#1503,#1504,#1505,#1506));
#783=AXIS2_PLACEMENT_3D('',#1507,#1508,#1509);
#784=EDGE_LOOP('',(#1510,#1511,#1512,#1513,#1514,#1515));
#785=AXIS2_PLACEMENT_3D('',#1516,#1517,#1518);
#786=EDGE_LOOP('',(#1519,#1520,#1521,#1522));
#787=AXIS2_PLACEMENT_3D('',#1523,#1524,#1525);
#788=EDGE_LOOP('',(#1526,#1527,#1528,#1529,#1530,#1531));
#789=AXIS2_PLACEMENT_3D('',#1532,#1533,#1534);
#790=EDGE_LOOP('',(#1535,#1536,#1537,#1538));
#791=AXIS2_PLACEMENT_3D('',#1539,#1540,#1541);
#792=EDGE_LOOP('',(#1542,#1543,#1544,#1545));
#793=AXIS2_PLACEMENT_3D('',#1546,#1547,#1548);
#794=EDGE_LOOP('',(#1549,#1550,#1551,#1552));
#795=AXIS2_PLACEMENT_3D('',#1553,#1554,#1555);
#796=EDGE_LOOP('',(#1556,#1557,#1558,#1559));
#797=AXIS2_PLACEMENT_3D('',#1560,#1561,#1562);
#798=EDGE_LOOP('',(#1563,#1564,#1565,#1566,#1567,#1568));
#799=AXIS2_PLACEMENT_3D('',#1569,#1570,#1571);
#800=EDGE_LOOP('',(#1572,#1573,#1574,#1575,#1576));
#801=AXIS2_PLACEMENT_3D('',#1577,#1578,#1579);
#802=EDGE_LOOP('',(#1580,#1581,#1582,#1583));
#803=AXIS2_PLACEMENT_3D('',#1584,#1585,#1586);
#804=EDGE_LOOP('',(#1587,#1588,#1589,#1590,#1591));
#805=AXIS2_PLACEMENT_3D('',#1592,#1593,#1594);
#806=EDGE_LOOP('',(#1595,#1596,#1597,#1598));
#807=AXIS2_PLACEMENT_3D('',#1599,#1600,#1601);
#808=EDGE_LOOP('',(#1602,#1603,#1604,#1605,#1606,#1607));
#809=AXIS2_PLACEMENT_3D('',#1608,#1609,#1610);
#810=EDGE_LOOP('',(#1611,#1612,#1613,#1614));
#811=AXIS2_PLACEMENT_3D('',#1615,#1616,#1617);
#812=EDGE_LOOP('',(#1618,#1619,#1620,#1621));
#813=AXIS2_PLACEMENT_3D('',#1622,#1623,#1624);
#814=EDGE_LOOP('',(#1625,#1626,#1627,#1628,#1629,#1630));
#815=AXIS2_PLACEMENT_3D('',#1631,#1632,#1633);
#816=EDGE_LOOP('',(#1634,#1635,#1636,#1637,#1638,#1639,#1640,#1641,#1642,#1643));
#817=AXIS2_PLACEMENT_3D('',#1644,#1645,#1646);
#818=EDGE_LOOP('',(#1647,#1648,#1649,#1650,#1651,#1652,#1653,#1654));
#819=AXIS2_PLACEMENT_3D('',#1655,#1656,#1657);
#820=EDGE_LOOP('',(#1658,#1659,#1660,#1661));
#821=AXIS2_PLACEMENT_3D('',#1662,#1663,#1664);
#822=EDGE_LOOP('',(#1665,#1666,#1667,#1668,#1669,#1670,#1671,#1672));
#823=AXIS2_PLACEMENT_3D('',#1673,#1674,#1675);
#824=EDGE_LOOP('',(#1676,#1677,#1678,#1679));
#825=AXIS2_PLACEMENT_3D('',#1680,#1681,#1682);
#826=EDGE_LOOP('',(#1683,#1684,#1685,#1686));
#827=AXIS2_PLACEMENT_3D('',#1687,#1688,#1689);
#828=EDGE_LOOP('',(#1690,#1691,#1692,#1693));
#829=AXIS2_PLACEMENT_3D('',#1694,#1695,#1696);
#830=EDGE_LOOP('',(#1697,#1698,#1699,#1700));
#831=AXIS2_PLACEMENT_3D('',#1701,#1702,#1703);
#832=EDGE_LOOP('',(#1704,#1705,#1706,#1707));
#833=AXIS2_PLACEMENT_3D('',#1708,#1709,#1710);
#834=EDGE_LOOP('',(#1711,#1712,#1713,#1714));
#835=AXIS2_PLACEMENT_3D('',#1715,#1716,#1717);
#836=EDGE_LOOP('',(#1718,#1719,#1720,#1721));
#837=AXIS2_PLACEMENT_3D('',#1722,#1723,#1724);
#838=EDGE_LOOP('',(#1725,#1726,#1727,#1728));
#839=AXIS2_PLACEMENT_3D('',#1729,#1730,#1731);
#840=EDGE_LOOP('',(#1732,#1733,#1734,#1735,#1736,#1737,#1738,#1739));
#841=AXIS2_PLACEMENT_3D('',#1740,#1741,#1742);
#842=EDGE_LOOP('',(#1743,#1744,#1745,#1746,#1747));
#843=AXIS2_PLACEMENT_3D('',#1748,#1749,#1750);
#844=EDGE_LOOP('',(#1751,#1752,#1753,#1754));
#845=AXIS2_PLACEMENT_3D('',#1755,#1756,#1757);
#846=EDGE_LOOP('',(#1758,#1759,#1760,#1761,#1762,#1763));
#847=AXIS2_PLACEMENT_3D('',#1764,#1765,#1766);
#848=EDGE_LOOP('',(#1767,#1768,#1769,#1770,#1771,#1772));
#849=AXIS2_PLACEMENT_3D('',#1773,#1774,#1775);
#850=EDGE_LOOP('',(#1776,#1777,#1778,#1779,#1780,#1781,#1782,#1783));
#851=AXIS2_PLACEMENT_3D('',#1784,#1785,#1786);
#852=EDGE_LOOP('',(#1787,#1788,#1789,#1790,#1791));
#853=AXIS2_PLACEMENT_3D('',#1792,#1793,#1794);
#854=EDGE_LOOP('',(#1795,#1796,#1797,#1798,#1799));
#855=AXIS2_PLACEMENT_3D('',#1800,#1801,#1802);
#856=EDGE_LOOP('',(#1803,#1804,#1805,#1806,#1807,#1808));
#857=AXIS2_PLACEMENT_3D('',#1809,#1810,#1811);
#858=EDGE_LOOP('',(#1812,#1813,#1814,#1815));
#859=AXIS2_PLACEMENT_3D('',#1816,#1817,#1818);
#860=EDGE_LOOP('',(#1819,#1820,#1821,#1822,#1823,#1824));
#861=AXIS2_PLACEMENT_3D('',#1825,#1826,#1827);
#862=EDGE_LOOP('',(#1828,#1829,#1830,#1831,#1832));
#863=AXIS2_PLACEMENT_3D('',#1833,#1834,#1835);
#864=EDGE_LOOP('',(#1836,#1837,#1838,#1839));
#865=AXIS2_PLACEMENT_3D('',#1840,#1841,#1842);
#866=EDGE_LOOP('',(#1843,#1844,#1845,#1846));
#867=AXIS2_PLACEMENT_3D('',#1847,#1848,#1849);
#868=EDGE_LOOP('',(#1850,#1851,#1852,#1853));
#869=AXIS2_PLACEMENT_3D('',#1854,#1855,#1856);
#870=EDGE_LOOP('',(#1857,#1858,#1859,#1860));
#871=AXIS2_PLACEMENT_3D('',#1861,#1862,#1863);
#872=EDGE_LOOP('',(#1864,#1865,#1866,#1867));
#873=AXIS2_PLACEMENT_3D('',#1868,#1869,#1870);
#874=EDGE_LOOP('',(#1871,#1872,#1873,#1874));
#875=AXIS2_PLACEMENT_3D('',#1875,#1876,#1877);
#876=EDGE_LOOP('',(#1878,#1879,#1880,#1881));
#877=AXIS2_PLACEMENT_3D('',#1882,#1883,#1884);
#878=EDGE_LOOP('',(#1885,#1886,#1887,#1888));
#879=AXIS2_PLACEMENT_3D('',#1889,#1890,#1891);
#880=EDGE_LOOP('',(#1892,#1893,#1894,#1895));
#881=AXIS2_PLACEMENT_3D('',#1896,#1897,#1898);
#882=EDGE_LOOP('',(#1899,#1900,#1901,#1902,#1903,#1904));
#883=AXIS2_PLACEMENT_3D('',#1905,#1906,#1907);
#884=EDGE_LOOP('',(#1908,#1909,#1910,#1911));
#885=AXIS2_PLACEMENT_3D('',#1912,#1913,#1914);
#886=EDGE_LOOP('',(#1915,#1916,#1917,#1918));
#887=AXIS2_PLACEMENT_3D('',#1919,#1920,#1921);
#888=EDGE_LOOP('',(#1922,#1923,#1924,#1925));
#889=AXIS2_PLACEMENT_3D('',#1926,#1927,#1928);
#890=EDGE_LOOP('',(#1929,#1930,#1931,#1932,#1933,#1934));
#891=AXIS2_PLACEMENT_3D('',#1935,#1936,#1937);
#892=EDGE_LOOP('',(#1938,#1939,#1940,#1941));
#893=AXIS2_PLACEMENT_3D('',#1942,#1943,#1944);
#894=EDGE_LOOP('',(#1945,#1946,#1947,#1948,#1949));
#895=AXIS2_PLACEMENT_3D('',#1950,#1951,#1952);
#896=EDGE_LOOP('',(#1953,#1954,#1955,#1956));
#897=AXIS2_PLACEMENT_3D('',#1957,#1958,#1959);
#898=EDGE_LOOP('',(#1960,#1961,#1962,#1963,#1964,#1965));
#899=AXIS2_PLACEMENT_3D('',#1966,#1967,#1968);
#900=EDGE_LOOP('',(#1969,#1970,#1971,#1972,#1973));
#901=AXIS2_PLACEMENT_3D('',#1974,#1975,#1976);
#902=EDGE_LOOP('',(#1977,#1978,#1979,#1980,#1981,#1982));
#903=AXIS2_PLACEMENT_3D('',#1983,#1984,#1985);
#904=EDGE_LOOP('',(#1986,#1987,#1988,#1989,#1990,#1991));
#905=AXIS2_PLACEMENT_3D('',#1992,#1993,#1994);
#906=EDGE_LOOP('',(#1995,#1996,#1997,#1998));
#907=AXIS2_PLACEMENT_3D('',#1999,#2000,#2001);
#908=EDGE_LOOP('',(#2002,#2003,#2004,#2005,#2006,#2007));
#909=AXIS2_PLACEMENT_3D('',#2008,#2009,#2010);
#910=EDGE_LOOP('',(#2011,#2012,#2013,#2014,#2015));
#911=AXIS2_PLACEMENT_3D('',#2016,#2017,#2018);
#912=EDGE_LOOP('',(#2019,#2020,#2021,#2022));
#913=AXIS2_PLACEMENT_3D('',#2023,#2024,#2025);
#914=EDGE_LOOP('',(#2026,#2027,#2028,#2029,#2030));
#915=AXIS2_PLACEMENT_3D('',#2031,#2032,#2033);
#916=EDGE_LOOP('',(#2034,#2035,#2036,#2037));
#917=AXIS2_PLACEMENT_3D('',#2038,#2039,#2040);
#918=EDGE_LOOP('',(#2041,#2042,#2043,#2044));
#919=AXIS2_PLACEMENT_3D('',#2045,#2046,#2047);
#920=EDGE_LOOP('',(#2048,#2049,#2050,#2051));
#921=AXIS2_PLACEMENT_3D('',#2052,#2053,#2054);
#922=EDGE_LOOP('',(#2055,#2056,#2057,#2058));
#923=AXIS2_PLACEMENT_3D('',#2059,#2060,#2061);
#924=EDGE_LOOP('',(#2062,#2063,#2064,#2065));
#925=EDGE_LOOP('',(#2066,#2067,#2068,#2069,#2070,#2071,#2072,#2073,#2074,#2075,#2076,#2077,#2078));
#926=AXIS2_PLACEMENT_3D('',#2079,#2080,#2081);
#927=EDGE_LOOP('',(#2082,#2083,#2084,#2085));
#928=AXIS2_PLACEMENT_3D('',#2086,#2087,#2088);
#929=EDGE_LOOP('',(#2089,#2090,#2091,#2092));
#930=AXIS2_PLACEMENT_3D('',#2093,#2094,#2095);
#931=EDGE_LOOP('',(#2096,#2097,#2098,#2099));
#932=AXIS2_PLACEMENT_3D('',#2100,#2101,#2102);
#933=EDGE_LOOP('',(#2103,#2104,#2105,#2106));
#934=AXIS2_PLACEMENT_3D('',#2107,#2108,#2109);
#935=EDGE_LOOP('',(#2110,#2111,#2112,#2113));
#936=AXIS2_PLACEMENT_3D('',#2114,#2115,#2116);
#937=EDGE_LOOP('',(#2117,#2118,#2119,#2120));
#938=AXIS2_PLACEMENT_3D('',#2121,#2122,#2123);
#939=EDGE_LOOP('',(#2124,#2125,#2126,#2127));
#940=AXIS2_PLACEMENT_3D('',#2128,#2129,#2130);
#941=EDGE_LOOP('',(#2131,#2132,#2133,#2134));
#942=AXIS2_PLACEMENT_3D('',#2135,#2136,#2137);
#943=EDGE_LOOP('',(#2138,#2139,#2140,#2141));
#944=AXIS2_PLACEMENT_3D('',#2142,#2143,#2144);
#945=EDGE_LOOP('',(#2145,#2146,#2147,#2148));
#946=AXIS2_PLACEMENT_3D('',#2149,#2150,#2151);
#947=EDGE_LOOP('',(#2152,#2153,#2154,#2155));
#948=AXIS2_PLACEMENT_3D('',#2156,#2157,#2158);
#949=EDGE_LOOP('',(#2159,#2160,#2161,#2162));
#950=AXIS2_PLACEMENT_3D('',#2163,#2164,#2165);
#951=EDGE_LOOP('',(#2166,#2167,#2168,#2169));
#952=AXIS2_PLACEMENT_3D('',#2170,#2171,#2172);
#953=EDGE_LOOP('',(#2173,#2174,#2175,#2176,#2177,#2178,#2179,#2180,#2181,#2182,#2183,#2184,#2185));
#954=AXIS2_PLACEMENT_3D('',#2186,#2187,#2188);
#955=EDGE_LOOP('',(#2189,#2190,#2191,#2192));
#956=AXIS2_PLACEMENT_3D('',#2193,#2194,#2195);
#957=EDGE_LOOP('',(#2196,#2197,#2198,#2199,#2200));
#958=AXIS2_PLACEMENT_3D('',#2201,#2202,#2203);
#959=EDGE_LOOP('',(#2204,#2205,#2206,#2207));
#960=AXIS2_PLACEMENT_3D('',#2208,#2209,#2210);
#961=EDGE_LOOP('',(#2211,#2212,#2213,#2214,#2215,#2216,#2217,#2218,#2219,#2220,#2221,#2222,#2223,#2224,#2225,#2226,#2227,#2228,#2229,#2230));
#962=EDGE_LOOP('',(#2231,#2232,#2233,#2234,#2235,#2236,#2237,#2238));
#963=AXIS2_PLACEMENT_3D('',#2239,#2240,#2241);
#964=EDGE_LOOP('',(#2242,#2243,#2244,#2245));
#965=AXIS2_PLACEMENT_3D('',#2246,#2247,#2248);
#966=EDGE_LOOP('',(#2249,#2250,#2251,#2252));
#967=AXIS2_PLACEMENT_3D('',#2253,#2254,#2255);
#968=EDGE_LOOP('',(#2256,#2257,#2258,#2259));
#969=AXIS2_PLACEMENT_3D('',#2260,#2261,#2262);
#970=EDGE_LOOP('',(#2263,#2264,#2265,#2266));
#971=AXIS2_PLACEMENT_3D('',#2267,#2268,#2269);
#972=EDGE_LOOP('',(#2270,#2271,#2272,#2273,#2274));
#973=AXIS2_PLACEMENT_3D('',#2275,#2276,#2277);
#974=EDGE_LOOP('',(#2278,#2279,#2280,#2281));
#975=AXIS2_PLACEMENT_3D('',#2282,#2283,#2284);
#976=EDGE_LOOP('',(#2285,#2286,#2287,#2288,#2289));
#977=AXIS2_PLACEMENT_3D('',#2290,#2291,#2292);
#978=EDGE_LOOP('',(#2293,#2294,#2295,#2296));
#979=AXIS2_PLACEMENT_3D('',#2297,#2298,#2299);
#980=EDGE_LOOP('',(#2300,#2301,#2302,#2303,#2304));
#981=AXIS2_PLACEMENT_3D('',#2305,#2306,#2307);
#982=EDGE_LOOP('',(#2308,#2309,#2310,#2311));
#983=AXIS2_PLACEMENT_3D('',#2312,#2313,#2314);
#984=EDGE_LOOP('',(#2315,#2316,#2317,#2318,#2319));
#985=AXIS2_PLACEMENT_3D('',#2320,#2321,#2322);
#986=EDGE_LOOP('',(#2323,#2324,#2325,#2326));
#987=AXIS2_PLACEMENT_3D('',#2327,#2328,#2329);
#988=EDGE_LOOP('',(#2330,#2331,#2332,#2333));
#989=AXIS2_PLACEMENT_3D('',#2334,#2335,#2336);
#990=EDGE_LOOP('',(#2337,#2338,#2339));
#991=AXIS2_PLACEMENT_3D('',#2340,#2341,#2342);
#992=EDGE_LOOP('',(#2343,#2344,#2345,#2346,#2347,#2348));
#993=AXIS2_PLACEMENT_3D('',#2349,#2350,#2351);
#994=EDGE_LOOP('',(#2352,#2353,#2354,#2355));
#995=AXIS2_PLACEMENT_3D('',#2356,#2357,#2358);
#996=EDGE_LOOP('',(#2359,#2360,#2361,#2362,#2363));
#997=AXIS2_PLACEMENT_3D('',#2364,#2365,#2366);
#998=EDGE_LOOP('',(#2367,#2368,#2369,#2370));
#999=AXIS2_PLACEMENT_3D('',#2371,#2372,#2373);
#1000=EDGE_LOOP('',(#2374,#2375,#2376));
#1001=AXIS2_PLACEMENT_3D('',#2377,#2378,#2379);
#1002=EDGE_LOOP('',(#2380,#2381,#2382,#2383));
#1003=AXIS2_PLACEMENT_3D('',#2384,#2385,#2386);
#1004=EDGE_LOOP('',(#2387,#2388,#2389,#2390,#2391));
#1005=AXIS2_PLACEMENT_3D('',#2392,#2393,#2394);
#1006=EDGE_LOOP('',(#2395,#2396,#2397,#2398));
#1007=AXIS2_PLACEMENT_3D('',#2399,#2400,#2401);
#1008=EDGE_LOOP('',(#2402,#2403,#2404,#2405,#2406));
#1009=AXIS2_PLACEMENT_3D('',#2407,#2408,#2409);
#1010=EDGE_LOOP('',(#2410,#2411,#2412,#2413));
#1011=AXIS2_PLACEMENT_3D('',#2414,#2415,#2416);
#1012=EDGE_LOOP('',(#2417,#2418,#2419,#2420));
#1013=AXIS2_PLACEMENT_3D('',#2421,#2422,#2423);
#1014=EDGE_LOOP('',(#2424,#2425,#2426,#2427));
#1015=AXIS2_PLACEMENT_3D('',#2428,#2429,#2430);
#1016=EDGE_LOOP('',(#2431,#2432,#2433,#2434));
#1017=AXIS2_PLACEMENT_3D('',#2435,#2436,#2437);
#1018=EDGE_LOOP('',(#2438,#2439,#2440,#2441,#2442,#2443));
#1019=AXIS2_PLACEMENT_3D('',#2444,#2445,#2446);
#1020=EDGE_LOOP('',(#2447,#2448,#2449,#2450,#2451));
#1021=AXIS2_PLACEMENT_3D('',#2452,#2453,#2454);
#1022=EDGE_LOOP('',(#2455,#2456,#2457,#2458));
#1023=AXIS2_PLACEMENT_3D('',#2459,#2460,#2461);
#1024=EDGE_LOOP('',(#2462,#2463,#2464,#2465,#2466));
#1025=AXIS2_PLACEMENT_3D('',#2467,#2468,#2469);
#1026=EDGE_LOOP('',(#2470,#2471,#2472,#2473));
#1027=AXIS2_PLACEMENT_3D('',#2474,#2475,#2476);
#1028=EDGE_LOOP('',(#2477,#2478,#2479,#2480,#2481,#2482));
#1029=AXIS2_PLACEMENT_3D('',#2483,#2484,#2485);
#1030=EDGE_LOOP('',(#2486,#2487,#2488,#2489,#2490));
#1031=AXIS2_PLACEMENT_3D('',#2491,#2492,#2493);
#1032=EDGE_LOOP('',(#2494,#2495,#2496,#2497));
#1033=AXIS2_PLACEMENT_3D('',#2498,#2499,#2500);
#1034=EDGE_LOOP('',(#2501,#2502,#2503,#2504,#2505));
#1035=AXIS2_PLACEMENT_3D('',#2506,#2507,#2508);
#1036=EDGE_LOOP('',(#2509,#2510,#2511,#2512,#2513,#2514));
#1037=AXIS2_PLACEMENT_3D('',#2515,#2516,#2517);
#1038=EDGE_LOOP('',(#2518,#2519,#2520,#2521));
#1039=AXIS2_PLACEMENT_3D('',#2522,#2523,#2524);
#1040=EDGE_LOOP('',(#2525,#2526,#2527,#2528,#2529,#2530));
#1041=AXIS2_PLACEMENT_3D('',#2531,#2532,#2533);
#1042=EDGE_LOOP('',(#2534,#2535,#2536,#2537));
#1043=AXIS2_PLACEMENT_3D('',#2538,#2539,#2540);
#1044=EDGE_LOOP('',(#2541,#2542,#2543,#2544));
#1045=AXIS2_PLACEMENT_3D('',#2545,#2546,#2547);
#1046=EDGE_LOOP('',(#2548,#2549,#2550,#2551));
#1047=AXIS2_PLACEMENT_3D('',#2552,#2553,#2554);
#1048=EDGE_LOOP('',(#2555,#2556,#2557,#2558,#2559));
#1049=AXIS2_PLACEMENT_3D('',#2560,#2561,#2562);
#1050=EDGE_LOOP('',(#2563,#2564,#2565,#2566));
#1051=AXIS2_PLACEMENT_3D('',#2567,#2568,#2569);
#1052=EDGE_LOOP('',(#2570,#2571,#2572,#2573,#2574));
#1053=AXIS2_PLACEMENT_3D('',#2575,#2576,#2577);
#1054=EDGE_LOOP('',(#2578,#2579,#2580,#2581));
#1055=AXIS2_PLACEMENT_3D('',#2582,#2583,#2584);
#1056=EDGE_LOOP('',(#2585,#2586,#2587,#2588));
#1057=AXIS2_PLACEMENT_3D('',#2589,#2590,#2591);
#1058=EDGE_LOOP('',(#2592,#2593,#2594,#2595,#2596));
#1059=AXIS2_PLACEMENT_3D('',#2597,#2598,#2599);
#1060=EDGE_LOOP('',(#2600,#2601,#2602,#2603));
#1061=AXIS2_PLACEMENT_3D('',#2604,#2605,#2606);
#1062=EDGE_LOOP('',(#2607,#2608,#2609,#2610,#2611));
#1063=AXIS2_PLACEMENT_3D('',#2612,#2613,#2614);
#1064=EDGE_LOOP('',(#2615,#2616,#2617,#2618));
#1065=AXIS2_PLACEMENT_3D('',#2619,#2620,#2621);
#1066=EDGE_LOOP('',(#2622,#2623,#2624));
#1067=AXIS2_PLACEMENT_3D('',#2625,#2626,#2627);
#1068=EDGE_LOOP('',(#2628,#2629,#2630,#2631,#2632,#2633));
#1069=AXIS2_PLACEMENT_3D('',#2634,#2635,#2636);
#1070=EDGE_LOOP('',(#2637,#2638,#2639));
#1071=AXIS2_PLACEMENT_3D('',#2640,#2641,#2642);
#1072=EDGE_LOOP('',(#2643,#2644,#2645,#2646));
#1073=AXIS2_PLACEMENT_3D('',#2647,#2648,#2649);
#1074=EDGE_LOOP('',(#2650,#2651,#2652,#2653));
#1075=AXIS2_PLACEMENT_3D('',#2654,#2655,#2656);
#1076=EDGE_LOOP('',(#2657,#2658,#2659,#2660,#2661));
#1077=AXIS2_PLACEMENT_3D('',#2662,#2663,#2664);
#1078=EDGE_LOOP('',(#2665,#2666,#2667,#2668));
#1079=AXIS2_PLACEMENT_3D('',#2669,#2670,#2671);
#1080=EDGE_LOOP('',(#2672,#2673,#2674,#2675,#2676));
#1081=AXIS2_PLACEMENT_3D('',#2677,#2678,#2679);
#1082=EDGE_LOOP('',(#2680,#2681,#2682,#2683));
#1083=AXIS2_PLACEMENT_3D('',#2684,#2685,#2686);
#1084=EDGE_LOOP('',(#2687,#2688,#2689,#2690));
#1085=AXIS2_PLACEMENT_3D('',#2691,#2692,#2693);
#1086=EDGE_LOOP('',(#2694,#2695,#2696,#2697,#2698));
#1087=AXIS2_PLACEMENT_3D('',#2699,#2700,#2701);
#1088=EDGE_LOOP('',(#2702,#2703,#2704,#2705));
#1089=AXIS2_PLACEMENT_3D('',#2706,#2707,#2708);
#1090=EDGE_LOOP('',(#2709,#2710,#2711,#2712,#2713));
#1091=AXIS2_PLACEMENT_3D('',#2714,#2715,#2716);
#1092=EDGE_LOOP('',(#2717,#2718,#2719,#2720));
#1093=AXIS2_PLACEMENT_3D('',#2721,#2722,#2723);
#1094=EDGE_LOOP('',(#2724,#2725,#2726,#2727));
#1095=AXIS2_PLACEMENT_3D('',#2728,#2729,#2730);
#1096=EDGE_LOOP('',(#2731,#2732,#2733,#2734));
#1097=AXIS2_PLACEMENT_3D('',#2735,#2736,#2737);
#1098=EDGE_LOOP('',(#2738,#2739,#2740,#2741,#2742,#2743,#2744,#2745,#2746,#2747,#2748,#2749,#2750,#2751,#2752,#2753,#2754,#2755,#2756,#2757));
#1099=EDGE_LOOP('',(#2758,#2759,#2760,#2761,#2762,#2763,#2764,#2765));
#1100=AXIS2_PLACEMENT_3D('',#2766,#2767,#2768);
#1101=EDGE_LOOP('',(#2769,#2770,#2771,#2772));
#1102=AXIS2_PLACEMENT_3D('',#2773,#2774,#2775);
#1103=EDGE_LOOP('',(#2776,#2777,#2778,#2779));
#1104=AXIS2_PLACEMENT_3D('',#2780,#2781,#2782);
#1105=EDGE_LOOP('',(#2783,#2784,#2785,#2786,#2787));
#1106=AXIS2_PLACEMENT_3D('',#2788,#2789,#2790);
#1107=EDGE_LOOP('',(#2791,#2792,#2793,#2794));
#1108=AXIS2_PLACEMENT_3D('',#2795,#2796,#2797);
#1109=EDGE_LOOP('',(#2798,#2799,#2800,#2801,#2802,#2803));
#1110=AXIS2_PLACEMENT_3D('',#2804,#2805,#2806);
#1111=EDGE_LOOP('',(#2807,#2808,#2809,#2810,#2811));
#1112=AXIS2_PLACEMENT_3D('',#2812,#2813,#2814);
#1113=EDGE_LOOP('',(#2815,#2816,#2817,#2818));
#1114=AXIS2_PLACEMENT_3D('',#2819,#2820,#2821);
#1115=EDGE_LOOP('',(#2822,#2823,#2824,#2825,#2826));
#1116=AXIS2_PLACEMENT_3D('',#2827,#2828,#2829);
#1117=EDGE_LOOP('',(#2830,#2831,#2832,#2833));
#1118=AXIS2_PLACEMENT_3D('',#2834,#2835,#2836);
#1119=EDGE_LOOP('',(#2837,#2838,#2839,#2840,#2841,#2842));
#1120=AXIS2_PLACEMENT_3D('',#2843,#2844,#2845);
#1121=EDGE_LOOP('',(#2846,#2847,#2848,#2849,#2850));
#1122=AXIS2_PLACEMENT_3D('',#2851,#2852,#2853);
#1123=EDGE_LOOP('',(#2854,#2855,#2856,#2857,#2858,#2859));
#1124=AXIS2_PLACEMENT_3D('',#2860,#2861,#2862);
#1125=EDGE_LOOP('',(#2863,#2864,#2865,#2866));
#1126=AXIS2_PLACEMENT_3D('',#2867,#2868,#2869);
#1127=EDGE_LOOP('',(#2870,#2871,#2872,#2873,#2874,#2875));
#1128=AXIS2_PLACEMENT_3D('',#2876,#2877,#2878);
#1129=EDGE_LOOP('',(#2879,#2880,#2881,#2882));
#1130=AXIS2_PLACEMENT_3D('',#2883,#2884,#2885);
#1131=EDGE_LOOP('',(#2886,#2887,#2888,#2889));
#1132=AXIS2_PLACEMENT_3D('',#2890,#2891,#2892);
#1133=EDGE_LOOP('',(#2893,#2894,#2895,#2896));
#1134=AXIS2_PLACEMENT_3D('',#2897,#2898,#2899);
#1135=CIRCLE('',#2900,1.5);
#1136=CIRCLE('',#2901,1.5);
#1137=CIRCLE('',#2902,0.9);
#1138=CIRCLE('',#2903,0.9);
#1139=CIRCLE('',#2904,0.9);
#1140=CIRCLE('',#2905,0.9);
#1141=ORIENTED_EDGE('',*,*,#2906,.F.);
#1142=ORIENTED_EDGE('',*,*,#2907,.F.);
#1143=ORIENTED_EDGE('',*,*,#2908,.T.);
#1144=ORIENTED_EDGE('',*,*,#2909,.F.);
#1145=CARTESIAN_POINT('',(-11.64866199803,-7.863533007111,6.622999936794));
#1146=DIRECTION('',(0.0,1.0,-0.0));
#1147=DIRECTION('',(1.0,0.0,0.0));
#1148=ORIENTED_EDGE('',*,*,#2910,.T.);
#1149=ORIENTED_EDGE('',*,*,#2911,.T.);
#1150=ORIENTED_EDGE('',*,*,#2912,.T.);
#1151=ORIENTED_EDGE('',*,*,#2913,.F.);
#1152=CARTESIAN_POINT('',(-11.42866221393,-5.461022336892,8.030914877273));
#1153=DIRECTION('',(-4.36768219420696E-08,0.999999999999999,1.685818572947E-08));
#1154=DIRECTION('',(0.999999999998291,4.36767907883996E-08,1.84798031399598E-06));
#1155=ORIENTED_EDGE('',*,*,#2914,.F.);
#1156=ORIENTED_EDGE('',*,*,#2915,.T.);
#1157=ORIENTED_EDGE('',*,*,#2916,.T.);
#1158=ORIENTED_EDGE('',*,*,#2917,.T.);
#1159=ORIENTED_EDGE('',*,*,#2918,.F.);
#1160=ORIENTED_EDGE('',*,*,#2919,.F.);
#1161=CARTESIAN_POINT('',(-11.64866199803,-6.786781176421,6.622999936794));
#1162=DIRECTION('',(-0.0,1.0,-0.0));
#1163=DIRECTION('',(1.0,0.0,0.0));
#1164=ORIENTED_EDGE('',*,*,#2920,.T.);
#1165=ORIENTED_EDGE('',*,*,#2921,.F.);
#1166=ORIENTED_EDGE('',*,*,#2922,.T.);
#1167=ORIENTED_EDGE('',*,*,#2923,.F.);
#1168=CARTESIAN_POINT('',(-11.86866199803,-7.553484548568,5.215084811511));
#1169=DIRECTION('',(0.0,-1.0,0.0));
#1170=DIRECTION('',(1.0,0.0,0.0));
#1171=ORIENTED_EDGE('',*,*,#2924,.F.);
#1172=ORIENTED_EDGE('',*,*,#2925,.F.);
#1173=ORIENTED_EDGE('',*,*,#2926,.F.);
#1174=ORIENTED_EDGE('',*,*,#2927,.F.);
#1175=CARTESIAN_POINT('',(-11.64866199803,-7.863533007111,6.622999936794));
#1176=DIRECTION('',(0.0,1.0,-0.0));
#1177=DIRECTION('',(1.0,0.0,0.0));
#1178=ORIENTED_EDGE('',*,*,#2928,.F.);
#1179=ORIENTED_EDGE('',*,*,#2929,.F.);
#1180=ORIENTED_EDGE('',*,*,#2930,.F.);
#1181=ORIENTED_EDGE('',*,*,#2931,.F.);
#1182=ORIENTED_EDGE('',*,*,#2932,.T.);
#1183=ORIENTED_EDGE('',*,*,#2933,.T.);
#1184=CARTESIAN_POINT('',(-11.64866199803,-6.786781176421,6.622999936794));
#1185=DIRECTION('',(-0.0,1.0,-0.0));
#1186=DIRECTION('',(1.0,0.0,0.0));
#1187=ORIENTED_EDGE('',*,*,#2934,.T.);
#1188=ORIENTED_EDGE('',*,*,#2935,.F.);
#1189=ORIENTED_EDGE('',*,*,#2936,.F.);
#1190=ORIENTED_EDGE('',*,*,#2937,.F.);
#1191=CARTESIAN_POINT('',(-19.046094,10.10084400492,0.3729999696836));
#1192=DIRECTION('',(0.0,0.859101543908758,-0.511805175094575));
#1193=DIRECTION('',(-1.0,0.0,0.0));
#1194=ORIENTED_EDGE('',*,*,#2937,.T.);
#1195=ORIENTED_EDGE('',*,*,#2938,.T.);
#1196=ORIENTED_EDGE('',*,*,#2939,.F.);
#1197=ORIENTED_EDGE('',*,*,#2940,.F.);
#1198=CARTESIAN_POINT('',(-10.496094,10.25084400492,0.6247946797631));
#1199=DIRECTION('',(-1.0,0.0,0.0));
#1200=DIRECTION('',(0.0,0.0,1.0));
#1201=ORIENTED_EDGE('',*,*,#2941,.T.);
#1202=ORIENTED_EDGE('',*,*,#2942,.T.);
#1203=ORIENTED_EDGE('',*,*,#2943,.F.);
#1204=ORIENTED_EDGE('',*,*,#2944,.F.);
#1205=ORIENTED_EDGE('',*,*,#2945,.T.);
#1206=ORIENTED_EDGE('',*,*,#2946,.F.);
#1207=ORIENTED_EDGE('',*,*,#2947,.F.);
#1208=ORIENTED_EDGE('',*,*,#2940,.T.);
#1209=CARTESIAN_POINT('',(-16.11887767701,8.700844065728,11.29673662908));
#1210=DIRECTION('',(0.0,-1.0,0.0));
#1211=DIRECTION('',(0.0,0.0,-1.0));
#1212=ORIENTED_EDGE('',*,*,#2948,.T.);
#1213=ORIENTED_EDGE('',*,*,#2949,.F.);
#1214=ORIENTED_EDGE('',*,*,#2950,.T.);
#1215=ORIENTED_EDGE('',*,*,#2951,.T.);
#1216=ORIENTED_EDGE('',*,*,#2952,.T.);
#1217=ORIENTED_EDGE('',*,*,#2953,.F.);
#1218=ORIENTED_EDGE('',*,*,#2954,.T.);
#1219=ORIENTED_EDGE('',*,*,#2943,.T.);
#1220=ORIENTED_EDGE('',*,*,#2934,.F.);
#1221=ORIENTED_EDGE('',*,*,#2947,.T.);
#1222=ORIENTED_EDGE('',*,*,#2955,.T.);
#1223=ORIENTED_EDGE('',*,*,#2956,.F.);
#1224=ORIENTED_EDGE('',*,*,#2957,.T.);
#1225=ORIENTED_EDGE('',*,*,#2958,.F.);
#1226=ORIENTED_EDGE('',*,*,#2959,.T.);
#1227=ORIENTED_EDGE('',*,*,#2960,.F.);
#1228=ORIENTED_EDGE('',*,*,#2961,.F.);
#1229=ORIENTED_EDGE('',*,*,#2962,.F.);
#1230=ORIENTED_EDGE('',*,*,#2963,.F.);
#1231=ORIENTED_EDGE('',*,*,#2964,.F.);
#1232=ORIENTED_EDGE('',*,*,#2965,.F.);
#1233=ORIENTED_EDGE('',*,*,#2966,.F.);
#1234=ORIENTED_EDGE('',*,*,#2967,.T.);
#1235=ORIENTED_EDGE('',*,*,#2968,.F.);
#1236=ORIENTED_EDGE('',*,*,#2969,.F.);
#1237=ORIENTED_EDGE('',*,*,#2970,.F.);
#1238=ORIENTED_EDGE('',*,*,#2971,.T.);
#1239=ORIENTED_EDGE('',*,*,#2972,.T.);
#1240=ORIENTED_EDGE('',*,*,#2973,.T.);
#1241=ORIENTED_EDGE('',*,*,#2974,.T.);
#1242=ORIENTED_EDGE('',*,*,#2975,.F.);
#1243=ORIENTED_EDGE('',*,*,#2976,.T.);
#1244=ORIENTED_EDGE('',*,*,#2977,.F.);
#1245=ORIENTED_EDGE('',*,*,#2978,.T.);
#1246=ORIENTED_EDGE('',*,*,#2979,.F.);
#1247=ORIENTED_EDGE('',*,*,#2980,.F.);
#1248=ORIENTED_EDGE('',*,*,#2981,.F.);
#1249=ORIENTED_EDGE('',*,*,#2982,.T.);
#1250=ORIENTED_EDGE('',*,*,#2983,.F.);
#1251=ORIENTED_EDGE('',*,*,#2984,.F.);
#1252=ORIENTED_EDGE('',*,*,#2985,.F.);
#1253=ORIENTED_EDGE('',*,*,#2986,.F.);
#1254=ORIENTED_EDGE('',*,*,#2987,.F.);
#1255=ORIENTED_EDGE('',*,*,#2988,.F.);
#1256=ORIENTED_EDGE('',*,*,#2989,.F.);
#1257=ORIENTED_EDGE('',*,*,#2990,.F.);
#1258=ORIENTED_EDGE('',*,*,#2991,.F.);
#1259=ORIENTED_EDGE('',*,*,#2992,.F.);
#1260=ORIENTED_EDGE('',*,*,#2993,.F.);
#1261=ORIENTED_EDGE('',*,*,#2994,.F.);
#1262=ORIENTED_EDGE('',*,*,#2995,.F.);
#1263=ORIENTED_EDGE('',*,*,#2996,.F.);
#1264=ORIENTED_EDGE('',*,*,#2997,.F.);
#1265=ORIENTED_EDGE('',*,*,#2998,.T.);
#1266=CARTESIAN_POINT('',(-11.65609384349,-3.533532865812,-1.977000030316));
#1267=DIRECTION('',(0.0,0.0,-1.0));
#1268=DIRECTION('',(0.0,-1.0,0.0));
#1269=ORIENTED_EDGE('',*,*,#2999,.F.);
#1270=ORIENTED_EDGE('',*,*,#2944,.T.);
#1271=ORIENTED_EDGE('',*,*,#2954,.F.);
#1272=ORIENTED_EDGE('',*,*,#3000,.T.);
#1273=CARTESIAN_POINT('',(-15.32075225658,8.200844065728,0.0));
#1274=DIRECTION('',(0.0,0.0,-1.0));
#1275=DIRECTION('',(1.0,0.0,0.0));
#1276=ORIENTED_EDGE('',*,*,#3000,.F.);
#1277=ORIENTED_EDGE('',*,*,#2953,.T.);
#1278=ORIENTED_EDGE('',*,*,#3001,.F.);
#1279=ORIENTED_EDGE('',*,*,#3002,.F.);
#1280=ORIENTED_EDGE('',*,*,#3003,.F.);
#1281=ORIENTED_EDGE('',*,*,#3004,.F.);
#1282=ORIENTED_EDGE('',*,*,#3005,.F.);
#1283=ORIENTED_EDGE('',*,*,#3006,.F.);
#1284=CARTESIAN_POINT('',(-15.82075225658,-3.158057768681,0.0));
#1285=DIRECTION('',(-1.0,0.0,0.0));
#1286=DIRECTION('',(0.0,0.0,1.0));
#1287=ORIENTED_EDGE('',*,*,#3007,.T.);
#1288=ORIENTED_EDGE('',*,*,#3008,.F.);
#1289=ORIENTED_EDGE('',*,*,#3009,.T.);
#1290=ORIENTED_EDGE('',*,*,#2945,.F.);
#1291=ORIENTED_EDGE('',*,*,#2999,.T.);
#1292=ORIENTED_EDGE('',*,*,#3002,.T.);
#1293=ORIENTED_EDGE('',*,*,#3010,.T.);
#1294=ORIENTED_EDGE('',*,*,#3011,.T.);
#1295=ORIENTED_EDGE('',*,*,#3012,.T.);
#1296=ORIENTED_EDGE('',*,*,#3013,.F.);
#1297=ORIENTED_EDGE('',*,*,#3014,.T.);
#1298=ORIENTED_EDGE('',*,*,#3015,.F.);
#1299=ORIENTED_EDGE('',*,*,#3016,.T.);
#1300=ORIENTED_EDGE('',*,*,#3017,.F.);
#1301=ORIENTED_EDGE('',*,*,#3018,.T.);
#1302=ORIENTED_EDGE('',*,*,#3019,.F.);
#1303=ORIENTED_EDGE('',*,*,#3020,.T.);
#1304=ORIENTED_EDGE('',*,*,#3021,.F.);
#1305=ORIENTED_EDGE('',*,*,#3022,.F.);
#1306=ORIENTED_EDGE('',*,*,#3023,.F.);
#1307=ORIENTED_EDGE('',*,*,#3024,.T.);
#1308=ORIENTED_EDGE('',*,*,#3025,.F.);
#1309=ORIENTED_EDGE('',*,*,#3026,.T.);
#1310=ORIENTED_EDGE('',*,*,#3027,.F.);
#1311=CARTESIAN_POINT('',(-15.2959232848,2.458655599958,12.823));
#1312=DIRECTION('',(0.0,0.0,1.0));
#1313=DIRECTION('',(1.0,0.0,0.0));
#1314=ORIENTED_EDGE('',*,*,#3011,.F.);
#1315=ORIENTED_EDGE('',*,*,#3028,.F.);
#1316=ORIENTED_EDGE('',*,*,#3029,.T.);
#1317=ORIENTED_EDGE('',*,*,#3030,.F.);
#1318=ORIENTED_EDGE('',*,*,#3031,.F.);
#1319=ORIENTED_EDGE('',*,*,#3032,.F.);
#1320=ORIENTED_EDGE('',*,*,#2951,.F.);
#1321=ORIENTED_EDGE('',*,*,#3033,.F.);
#1322=ORIENTED_EDGE('',*,*,#3034,.F.);
#1323=ORIENTED_EDGE('',*,*,#3035,.F.);
#1324=ORIENTED_EDGE('',*,*,#3036,.T.);
#1325=ORIENTED_EDGE('',*,*,#3037,.F.);
#1326=ORIENTED_EDGE('',*,*,#3038,.T.);
#1327=ORIENTED_EDGE('',*,*,#3039,.T.);
#1328=ORIENTED_EDGE('',*,*,#3040,.T.);
#1329=ORIENTED_EDGE('',*,*,#3041,.T.);
#1330=ORIENTED_EDGE('',*,*,#3042,.T.);
#1331=ORIENTED_EDGE('',*,*,#3043,.F.);
#1332=ORIENTED_EDGE('',*,*,#3044,.T.);
#1333=ORIENTED_EDGE('',*,*,#3045,.F.);
#1334=ORIENTED_EDGE('',*,*,#3046,.T.);
#1335=ORIENTED_EDGE('',*,*,#2925,.T.);
#1336=ORIENTED_EDGE('',*,*,#3047,.T.);
#1337=ORIENTED_EDGE('',*,*,#3048,.T.);
#1338=ORIENTED_EDGE('',*,*,#3049,.F.);
#1339=ORIENTED_EDGE('',*,*,#3050,.T.);
#1340=ORIENTED_EDGE('',*,*,#3051,.T.);
#1341=ORIENTED_EDGE('',*,*,#3052,.T.);
#1342=ORIENTED_EDGE('',*,*,#3053,.T.);
#1343=ORIENTED_EDGE('',*,*,#2921,.T.);
#1344=ORIENTED_EDGE('',*,*,#3054,.F.);
#1345=ORIENTED_EDGE('',*,*,#3055,.T.);
#1346=ORIENTED_EDGE('',*,*,#3056,.T.);
#1347=ORIENTED_EDGE('',*,*,#3057,.T.);
#1348=ORIENTED_EDGE('',*,*,#3058,.T.);
#1349=ORIENTED_EDGE('',*,*,#2909,.T.);
#1350=ORIENTED_EDGE('',*,*,#3059,.T.);
#1351=ORIENTED_EDGE('',*,*,#3060,.F.);
#1352=CARTESIAN_POINT('',(-20.62072724951,-3.783532865812,4.442194));
#1353=DIRECTION('',(0.0,-1.0,0.0));
#1354=DIRECTION('',(0.0,0.0,-1.0));
#1355=ORIENTED_EDGE('',*,*,#3061,.T.);
#1356=ORIENTED_EDGE('',*,*,#3033,.T.);
#1357=ORIENTED_EDGE('',*,*,#2950,.F.);
#1358=ORIENTED_EDGE('',*,*,#3062,.T.);
#1359=ORIENTED_EDGE('',*,*,#3007,.F.);
#1360=ORIENTED_EDGE('',*,*,#3037,.T.);
#1361=CARTESIAN_POINT('',(-7.971435739465,-3.283532865812,0.0));
#1362=DIRECTION('',(0.0,0.0,-1.0));
#1363=DIRECTION('',(1.0,0.0,0.0));
#1364=ORIENTED_EDGE('',*,*,#2949,.T.);
#1365=ORIENTED_EDGE('',*,*,#3063,.F.);
#1366=ORIENTED_EDGE('',*,*,#3008,.T.);
#1367=ORIENTED_EDGE('',*,*,#3062,.F.);
#1368=CARTESIAN_POINT('',(-7.471435739465,10.54084913419,17.19400240001));
#1369=DIRECTION('',(-1.0,0.0,0.0));
#1370=DIRECTION('',(0.0,0.0,1.0));
#1371=ORIENTED_EDGE('',*,*,#3009,.F.);
#1372=ORIENTED_EDGE('',*,*,#3063,.T.);
#1373=ORIENTED_EDGE('',*,*,#2948,.F.);
#1374=ORIENTED_EDGE('',*,*,#2946,.T.);
#1375=CARTESIAN_POINT('',(-7.971435739465,8.200844065728,0.0));
#1376=DIRECTION('',(0.0,0.0,1.0));
#1377=DIRECTION('',(-1.0,0.0,0.0));
#1378=ORIENTED_EDGE('',*,*,#3064,.F.);
#1379=ORIENTED_EDGE('',*,*,#3061,.F.);
#1380=ORIENTED_EDGE('',*,*,#3065,.F.);
#1381=ORIENTED_EDGE('',*,*,#3066,.F.);
#1382=CARTESIAN_POINT('',(-7.971435743415,-3.783532936461,11.82299996968));
#1383=DIRECTION('',(-1.0,0.0,0.0));
#1384=DIRECTION('',(0.0,0.0,1.0));
#1385=ORIENTED_EDGE('',*,*,#3067,.F.);
#1386=ORIENTED_EDGE('',*,*,#3066,.T.);
#1387=ORIENTED_EDGE('',*,*,#3068,.F.);
#1388=ORIENTED_EDGE('',*,*,#3069,.F.);
#1389=CARTESIAN_POINT('',(-7.971435743415,-4.283499881597,11.82299996968));
#1390=DIRECTION('',(-0.0,1.0,0.0));
#1391=DIRECTION('',(1.0,0.0,0.0));
#1392=ORIENTED_EDGE('',*,*,#3070,.F.);
#1393=ORIENTED_EDGE('',*,*,#3069,.T.);
#1394=ORIENTED_EDGE('',*,*,#3071,.F.);
#1395=ORIENTED_EDGE('',*,*,#3035,.T.);
#1396=CARTESIAN_POINT('',(-9.471435743415,-4.283499881597,11.82299996968));
#1397=DIRECTION('',(1.0,0.0,0.0));
#1398=DIRECTION('',(0.0,1.0,0.0));
#1399=ORIENTED_EDGE('',*,*,#3068,.T.);
#1400=ORIENTED_EDGE('',*,*,#3065,.T.);
#1401=ORIENTED_EDGE('',*,*,#3036,.F.);
#1402=ORIENTED_EDGE('',*,*,#3071,.T.);
#1403=CARTESIAN_POINT('',(4.416042838417,-4.03353300711,11.82299996968));
#1404=DIRECTION('',(0.0,0.0,1.0));
#1405=DIRECTION('',(1.0,0.0,0.0));
#1406=ORIENTED_EDGE('',*,*,#3064,.T.);
#1407=ORIENTED_EDGE('',*,*,#3067,.T.);
#1408=ORIENTED_EDGE('',*,*,#3070,.T.);
#1409=ORIENTED_EDGE('',*,*,#3034,.T.);
#1410=CARTESIAN_POINT('',(5.773081393605,-3.63125648529,-0.9770000303163));
#1411=DIRECTION('',(0.0,0.0,1.0));
#1412=DIRECTION('',(1.0,0.0,0.0));
#1413=ORIENTED_EDGE('',*,*,#3010,.F.);
#1414=ORIENTED_EDGE('',*,*,#3001,.T.);
#1415=ORIENTED_EDGE('',*,*,#2952,.F.);
#1416=ORIENTED_EDGE('',*,*,#3032,.T.);
#1417=ORIENTED_EDGE('',*,*,#3072,.T.);
#1418=ORIENTED_EDGE('',*,*,#3028,.T.);
#1419=CARTESIAN_POINT('',(-15.32075225658,-3.283532865812,0.0));
#1420=DIRECTION('',(0.0,0.0,-1.0));
#1421=DIRECTION('',(1.0,0.0,0.0));
#1422=ORIENTED_EDGE('',*,*,#3073,.F.);
#1423=ORIENTED_EDGE('',*,*,#3074,.T.);
#1424=ORIENTED_EDGE('',*,*,#3075,.T.);
#1425=ORIENTED_EDGE('',*,*,#3072,.F.);
#1426=CARTESIAN_POINT('',(-15.32075225659,-4.283499881597,11.82299996968));
#1427=DIRECTION('',(1.0,0.0,0.0));
#1428=DIRECTION('',(0.0,1.0,0.0));
#1429=ORIENTED_EDGE('',*,*,#3076,.F.);
#1430=ORIENTED_EDGE('',*,*,#3029,.F.);
#1431=ORIENTED_EDGE('',*,*,#3075,.F.);
#1432=ORIENTED_EDGE('',*,*,#3077,.F.);
#1433=CARTESIAN_POINT('',(4.416042838417,-4.03353300711,11.82299996968));
#1434=DIRECTION('',(0.0,0.0,1.0));
#1435=DIRECTION('',(1.0,0.0,0.0));
#1436=ORIENTED_EDGE('',*,*,#3078,.F.);
#1437=ORIENTED_EDGE('',*,*,#3079,.T.);
#1438=ORIENTED_EDGE('',*,*,#3077,.T.);
#1439=ORIENTED_EDGE('',*,*,#3074,.F.);
#1440=CARTESIAN_POINT('',(-13.82075225659,-4.283499881597,11.82299996968));
#1441=DIRECTION('',(-0.0,1.0,0.0));
#1442=DIRECTION('',(1.0,0.0,0.0));
#1443=ORIENTED_EDGE('',*,*,#3080,.F.);
#1444=ORIENTED_EDGE('',*,*,#3030,.T.);
#1445=ORIENTED_EDGE('',*,*,#3076,.T.);
#1446=ORIENTED_EDGE('',*,*,#3079,.F.);
#1447=CARTESIAN_POINT('',(-13.82075225659,-3.783532936461,11.82299996968));
#1448=DIRECTION('',(-1.0,0.0,0.0));
#1449=DIRECTION('',(0.0,0.0,1.0));
#1450=ORIENTED_EDGE('',*,*,#3031,.T.);
#1451=ORIENTED_EDGE('',*,*,#3080,.T.);
#1452=ORIENTED_EDGE('',*,*,#3078,.T.);
#1453=ORIENTED_EDGE('',*,*,#3073,.T.);
#1454=CARTESIAN_POINT('',(5.773081393605,-3.63125648529,-0.9770000303163));
#1455=DIRECTION('',(0.0,0.0,1.0));
#1456=DIRECTION('',(1.0,0.0,0.0));
#1457=ORIENTED_EDGE('',*,*,#3081,.F.);
#1458=ORIENTED_EDGE('',*,*,#3082,.T.);
#1459=ORIENTED_EDGE('',*,*,#3083,.F.);
#1460=ORIENTED_EDGE('',*,*,#3060,.T.);
#1461=CARTESIAN_POINT('',(-13.66866199803,-7.863533007111,6.942999936794));
#1462=DIRECTION('',(0.0,0.0,-1.0));
#1463=DIRECTION('',(0.0,-1.0,0.0));
#1464=ORIENTED_EDGE('',*,*,#3083,.T.);
#1465=ORIENTED_EDGE('',*,*,#3084,.T.);
#1466=ORIENTED_EDGE('',*,*,#3085,.F.);
#1467=ORIENTED_EDGE('',*,*,#3086,.T.);
#1468=ORIENTED_EDGE('',*,*,#3087,.T.);
#1469=ORIENTED_EDGE('',*,*,#3038,.F.);
#1470=CARTESIAN_POINT('',(-12.81866199803,-7.863533007111,7.792999936794));
#1471=DIRECTION('',(0.0,1.0,-0.0));
#1472=DIRECTION('',(1.0,0.0,0.0));
#1473=ORIENTED_EDGE('',*,*,#3087,.F.);
#1474=ORIENTED_EDGE('',*,*,#3088,.F.);
#1475=ORIENTED_EDGE('',*,*,#3089,.F.);
#1476=ORIENTED_EDGE('',*,*,#3039,.F.);
#1477=CARTESIAN_POINT('',(-11.96866199803,-5.063533007111,8.062869722573));
#1478=DIRECTION('',(-1.0,0.0,0.0));
#1479=DIRECTION('',(0.0,0.0,1.0));
#1480=ORIENTED_EDGE('',*,*,#3089,.T.);
#1481=ORIENTED_EDGE('',*,*,#3090,.F.);
#1482=ORIENTED_EDGE('',*,*,#3091,.T.);
#1483=ORIENTED_EDGE('',*,*,#3040,.F.);
#1484=CARTESIAN_POINT('',(-11.86866199803,-4.493533007011,8.030915062077));
#1485=DIRECTION('',(0.0,1.0,-0.0));
#1486=DIRECTION('',(0.0,0.0,1.0));
#1487=ORIENTED_EDGE('',*,*,#3091,.F.);
#1488=ORIENTED_EDGE('',*,*,#3092,.F.);
#1489=ORIENTED_EDGE('',*,*,#2912,.F.);
#1490=ORIENTED_EDGE('',*,*,#3093,.F.);
#1491=ORIENTED_EDGE('',*,*,#3041,.F.);
#1492=CARTESIAN_POINT('',(-11.64866199803,-7.863533007111,6.622999936794));
#1493=DIRECTION('',(0.0,1.0,-0.0));
#1494=DIRECTION('',(-1.0,0.0,0.0));
#1495=ORIENTED_EDGE('',*,*,#3093,.T.);
#1496=ORIENTED_EDGE('',*,*,#2911,.F.);
#1497=ORIENTED_EDGE('',*,*,#3094,.T.);
#1498=ORIENTED_EDGE('',*,*,#3042,.F.);
#1499=CARTESIAN_POINT('',(-11.42866200321,5.006466992889,8.030915062077));
#1500=DIRECTION('',(0.0,-1.0,0.0));
#1501=DIRECTION('',(0.154386015504502,0.0,0.988010606328011));
#1502=ORIENTED_EDGE('',*,*,#3094,.F.);
#1503=ORIENTED_EDGE('',*,*,#2910,.F.);
#1504=ORIENTED_EDGE('',*,*,#3095,.T.);
#1505=ORIENTED_EDGE('',*,*,#3096,.F.);
#1506=ORIENTED_EDGE('',*,*,#3043,.T.);
#1507=CARTESIAN_POINT('',(-11.32866199803,-7.863533007111,8.642999936794));
#1508=DIRECTION('',(-1.0,0.0,0.0));
#1509=DIRECTION('',(0.0,0.0,1.0));
#1510=ORIENTED_EDGE('',*,*,#3097,.T.);
#1511=ORIENTED_EDGE('',*,*,#3098,.F.);
#1512=ORIENTED_EDGE('',*,*,#3099,.T.);
#1513=ORIENTED_EDGE('',*,*,#3100,.T.);
#1514=ORIENTED_EDGE('',*,*,#3044,.F.);
#1515=ORIENTED_EDGE('',*,*,#3096,.T.);
#1516=CARTESIAN_POINT('',(-10.47866199803,-7.863533007111,7.792999936794));
#1517=DIRECTION('',(0.0,1.0,-0.0));
#1518=DIRECTION('',(1.0,0.0,0.0));
#1519=ORIENTED_EDGE('',*,*,#3101,.F.);
#1520=ORIENTED_EDGE('',*,*,#3045,.T.);
#1521=ORIENTED_EDGE('',*,*,#3100,.F.);
#1522=ORIENTED_EDGE('',*,*,#3102,.T.);
#1523=CARTESIAN_POINT('',(-10.47866199803,-7.863533007111,6.942999936794));
#1524=DIRECTION('',(0.0,0.0,-1.0));
#1525=DIRECTION('',(0.0,-1.0,0.0));
#1526=ORIENTED_EDGE('',*,*,#2928,.T.);
#1527=ORIENTED_EDGE('',*,*,#2927,.T.);
#1528=ORIENTED_EDGE('',*,*,#3103,.T.);
#1529=ORIENTED_EDGE('',*,*,#3102,.F.);
#1530=ORIENTED_EDGE('',*,*,#3099,.F.);
#1531=ORIENTED_EDGE('',*,*,#3104,.F.);
#1532=CARTESIAN_POINT('',(-11.64866199803,-6.786781176421,6.622999936794));
#1533=DIRECTION('',(-0.0,1.0,-0.0));
#1534=DIRECTION('',(1.0,0.0,0.0));
#1535=ORIENTED_EDGE('',*,*,#2924,.T.);
#1536=ORIENTED_EDGE('',*,*,#2933,.F.);
#1537=ORIENTED_EDGE('',*,*,#3105,.T.);
#1538=ORIENTED_EDGE('',*,*,#3047,.F.);
#1539=CARTESIAN_POINT('',(-11.64866199803,-7.863533007111,6.622999936794));
#1540=DIRECTION('',(0.0,1.0,-0.0));
#1541=DIRECTION('',(1.0,0.0,0.0));
#1542=ORIENTED_EDGE('',*,*,#2926,.T.);
#1543=ORIENTED_EDGE('',*,*,#3046,.F.);
#1544=ORIENTED_EDGE('',*,*,#3101,.T.);
#1545=ORIENTED_EDGE('',*,*,#3103,.F.);
#1546=CARTESIAN_POINT('',(-10.29137610331,-7.863533007111,6.842999936794));
#1547=DIRECTION('',(0.0,1.0,-0.0));
#1548=DIRECTION('',(-1.0,0.0,0.0));
#1549=ORIENTED_EDGE('',*,*,#3106,.T.);
#1550=ORIENTED_EDGE('',*,*,#3048,.F.);
#1551=ORIENTED_EDGE('',*,*,#3105,.F.);
#1552=ORIENTED_EDGE('',*,*,#2932,.F.);
#1553=CARTESIAN_POINT('',(-10.29137610331,-7.863533007111,6.402999936794));
#1554=DIRECTION('',(0.0,1.0,-0.0));
#1555=DIRECTION('',(-1.0,0.0,0.0));
#1556=ORIENTED_EDGE('',*,*,#3107,.F.);
#1557=ORIENTED_EDGE('',*,*,#3049,.T.);
#1558=ORIENTED_EDGE('',*,*,#3106,.F.);
#1559=ORIENTED_EDGE('',*,*,#2931,.T.);
#1560=CARTESIAN_POINT('',(-9.628661998027,-7.863533007111,6.302999936794));
#1561=DIRECTION('',(0.0,0.0,1.0));
#1562=DIRECTION('',(1.0,0.0,0.0));
#1563=ORIENTED_EDGE('',*,*,#3107,.T.);
#1564=ORIENTED_EDGE('',*,*,#2930,.T.);
#1565=ORIENTED_EDGE('',*,*,#3108,.F.);
#1566=ORIENTED_EDGE('',*,*,#3109,.T.);
#1567=ORIENTED_EDGE('',*,*,#3110,.T.);
#1568=ORIENTED_EDGE('',*,*,#3050,.F.);
#1569=CARTESIAN_POINT('',(-10.47866199803,-7.863533007111,5.452999936794));
#1570=DIRECTION('',(0.0,1.0,-0.0));
#1571=DIRECTION('',(1.0,0.0,0.0));
#1572=ORIENTED_EDGE('',*,*,#3110,.F.);
#1573=ORIENTED_EDGE('',*,*,#3111,.F.);
#1574=ORIENTED_EDGE('',*,*,#3112,.F.);
#1575=ORIENTED_EDGE('',*,*,#3113,.F.);
#1576=ORIENTED_EDGE('',*,*,#3051,.F.);
#1577=CARTESIAN_POINT('',(-11.32866199803,-5.063533007111,5.183130151015));
#1578=DIRECTION('',(1.0,0.0,0.0));
#1579=DIRECTION('',(0.0,1.0,0.0));
#1580=ORIENTED_EDGE('',*,*,#3113,.T.);
#1581=ORIENTED_EDGE('',*,*,#3114,.F.);
#1582=ORIENTED_EDGE('',*,*,#3115,.F.);
#1583=ORIENTED_EDGE('',*,*,#3052,.F.);
#1584=CARTESIAN_POINT('',(-11.42866200321,5.006466992889,5.215084811511));
#1585=DIRECTION('',(0.0,-1.0,0.0));
#1586=DIRECTION('',(1.0,0.0,3.552713494672E-14));
#1587=ORIENTED_EDGE('',*,*,#3115,.T.);
#1588=ORIENTED_EDGE('',*,*,#3116,.F.);
#1589=ORIENTED_EDGE('',*,*,#3117,.F.);
#1590=ORIENTED_EDGE('',*,*,#2922,.F.);
#1591=ORIENTED_EDGE('',*,*,#3053,.F.);
#1592=CARTESIAN_POINT('',(-11.64866199803,-7.863533007111,6.622999936794));
#1593=DIRECTION('',(0.0,1.0,-0.0));
#1594=DIRECTION('',(-1.0,0.0,0.0));
#1595=ORIENTED_EDGE('',*,*,#2920,.F.);
#1596=ORIENTED_EDGE('',*,*,#3118,.T.);
#1597=ORIENTED_EDGE('',*,*,#3119,.F.);
#1598=ORIENTED_EDGE('',*,*,#3054,.T.);
#1599=CARTESIAN_POINT('',(-11.96866199803,-7.863533007111,4.602999936794));
#1600=DIRECTION('',(1.0,0.0,0.0));
#1601=DIRECTION('',(0.0,1.0,0.0));
#1602=ORIENTED_EDGE('',*,*,#3120,.T.);
#1603=ORIENTED_EDGE('',*,*,#3121,.F.);
#1604=ORIENTED_EDGE('',*,*,#2918,.T.);
#1605=ORIENTED_EDGE('',*,*,#3122,.T.);
#1606=ORIENTED_EDGE('',*,*,#3055,.F.);
#1607=ORIENTED_EDGE('',*,*,#3119,.T.);
#1608=CARTESIAN_POINT('',(-12.81866199803,-7.863533007111,5.452999936794));
#1609=DIRECTION('',(0.0,1.0,-0.0));
#1610=DIRECTION('',(1.0,0.0,0.0));
#1611=ORIENTED_EDGE('',*,*,#3122,.F.);
#1612=ORIENTED_EDGE('',*,*,#2917,.F.);
#1613=ORIENTED_EDGE('',*,*,#3123,.F.);
#1614=ORIENTED_EDGE('',*,*,#3056,.F.);
#1615=CARTESIAN_POINT('',(-12.96866199803,-4.663533007111,6.302999936794));
#1616=DIRECTION('',(0.0,0.0,-1.0));
#1617=DIRECTION('',(0.0,-1.0,0.0));
#1618=ORIENTED_EDGE('',*,*,#3124,.T.);
#1619=ORIENTED_EDGE('',*,*,#3057,.F.);
#1620=ORIENTED_EDGE('',*,*,#3123,.T.);
#1621=ORIENTED_EDGE('',*,*,#2916,.F.);
#1622=CARTESIAN_POINT('',(-13.00594789274,-7.863533007111,6.402999936794));
#1623=DIRECTION('',(0.0,1.0,-0.0));
#1624=DIRECTION('',(-1.0,0.0,0.0));
#1625=ORIENTED_EDGE('',*,*,#2914,.T.);
#1626=ORIENTED_EDGE('',*,*,#3125,.F.);
#1627=ORIENTED_EDGE('',*,*,#3084,.F.);
#1628=ORIENTED_EDGE('',*,*,#3082,.F.);
#1629=ORIENTED_EDGE('',*,*,#3126,.T.);
#1630=ORIENTED_EDGE('',*,*,#2907,.T.);
#1631=CARTESIAN_POINT('',(-11.64866199803,-6.786781176421,6.622999936794));
#1632=DIRECTION('',(-0.0,1.0,-0.0));
#1633=DIRECTION('',(1.0,0.0,0.0));
#1634=ORIENTED_EDGE('',*,*,#3098,.T.);
#1635=ORIENTED_EDGE('',*,*,#3127,.T.);
#1636=ORIENTED_EDGE('',*,*,#3085,.T.);
#1637=ORIENTED_EDGE('',*,*,#3125,.T.);
#1638=ORIENTED_EDGE('',*,*,#2919,.T.);
#1639=ORIENTED_EDGE('',*,*,#3121,.T.);
#1640=ORIENTED_EDGE('',*,*,#3128,.T.);
#1641=ORIENTED_EDGE('',*,*,#3108,.T.);
#1642=ORIENTED_EDGE('',*,*,#2929,.T.);
#1643=ORIENTED_EDGE('',*,*,#3104,.T.);
#1644=CARTESIAN_POINT('',(-42.29866439803,-7.153533007111,9.449941936794));
#1645=DIRECTION('',(-0.0,1.0,0.0));
#1646=DIRECTION('',(1.0,0.0,0.0));
#1647=ORIENTED_EDGE('',*,*,#3129,.F.);
#1648=ORIENTED_EDGE('',*,*,#3111,.T.);
#1649=ORIENTED_EDGE('',*,*,#3109,.F.);
#1650=ORIENTED_EDGE('',*,*,#3128,.F.);
#1651=ORIENTED_EDGE('',*,*,#3120,.F.);
#1652=ORIENTED_EDGE('',*,*,#3118,.F.);
#1653=ORIENTED_EDGE('',*,*,#2923,.T.);
#1654=ORIENTED_EDGE('',*,*,#3117,.T.);
#1655=CARTESIAN_POINT('',(-11.64866199803,-6.733168503409,6.622999936794));
#1656=DIRECTION('',(-0.0,1.0,-0.0));
#1657=DIRECTION('',(1.0,0.0,0.0));
#1658=ORIENTED_EDGE('',*,*,#3129,.T.);
#1659=ORIENTED_EDGE('',*,*,#3116,.T.);
#1660=ORIENTED_EDGE('',*,*,#3114,.T.);
#1661=ORIENTED_EDGE('',*,*,#3112,.T.);
#1662=CARTESIAN_POINT('',(-11.42866221394,-5.461022348174,5.215084996312));
#1663=DIRECTION('',(-2.76413697781499E-08,0.999999999999999,-1.06688982197608E-08));
#1664=DIRECTION('',(0.154387790732498,-6.27349162655993E-09,-0.988010328930188));
#1665=ORIENTED_EDGE('',*,*,#3086,.F.);
#1666=ORIENTED_EDGE('',*,*,#3127,.F.);
#1667=ORIENTED_EDGE('',*,*,#3097,.F.);
#1668=ORIENTED_EDGE('',*,*,#3095,.F.);
#1669=ORIENTED_EDGE('',*,*,#2913,.T.);
#1670=ORIENTED_EDGE('',*,*,#3092,.T.);
#1671=ORIENTED_EDGE('',*,*,#3090,.T.);
#1672=ORIENTED_EDGE('',*,*,#3088,.T.);
#1673=CARTESIAN_POINT('',(-11.64866199803,-6.733168503409,6.622999936794));
#1674=DIRECTION('',(-0.0,1.0,-0.0));
#1675=DIRECTION('',(1.0,0.0,0.0));
#1676=ORIENTED_EDGE('',*,*,#2906,.T.);
#1677=ORIENTED_EDGE('',*,*,#3058,.F.);
#1678=ORIENTED_EDGE('',*,*,#3124,.F.);
#1679=ORIENTED_EDGE('',*,*,#2915,.F.);
#1680=CARTESIAN_POINT('',(-11.64866199803,-7.863533007111,6.622999936794));
#1681=DIRECTION('',(0.0,1.0,-0.0));
#1682=DIRECTION('',(1.0,0.0,0.0));
#1683=ORIENTED_EDGE('',*,*,#3081,.T.);
#1684=ORIENTED_EDGE('',*,*,#3059,.F.);
#1685=ORIENTED_EDGE('',*,*,#2908,.F.);
#1686=ORIENTED_EDGE('',*,*,#3126,.F.);
#1687=CARTESIAN_POINT('',(-13.00594789274,-7.863533007111,6.842999936794));
#1688=DIRECTION('',(0.0,1.0,-0.0));
#1689=DIRECTION('',(-1.0,0.0,0.0));
#1690=ORIENTED_EDGE('',*,*,#3130,.F.);
#1691=ORIENTED_EDGE('',*,*,#3131,.F.);
#1692=ORIENTED_EDGE('',*,*,#3019,.T.);
#1693=ORIENTED_EDGE('',*,*,#3132,.F.);
#1694=CARTESIAN_POINT('',(-11.061094,4.672422709521,20.83100003286));
#1695=DIRECTION('',(0.0,-1.0,0.0));
#1696=DIRECTION('',(0.0,0.0,-1.0));
#1697=ORIENTED_EDGE('',*,*,#3018,.F.);
#1698=ORIENTED_EDGE('',*,*,#3133,.T.);
#1699=ORIENTED_EDGE('',*,*,#3134,.F.);
#1700=ORIENTED_EDGE('',*,*,#3132,.T.);
#1701=CARTESIAN_POINT('',(-11.164094,4.752422709521,0.0));
#1702=DIRECTION('',(0.0,0.0,-1.0));
#1703=DIRECTION('',(1.0,0.0,0.0));
#1704=ORIENTED_EDGE('',*,*,#3134,.T.);
#1705=ORIENTED_EDGE('',*,*,#3135,.F.);
#1706=ORIENTED_EDGE('',*,*,#3136,.T.);
#1707=ORIENTED_EDGE('',*,*,#3137,.T.);
#1708=CARTESIAN_POINT('',(-11.164094,3.632422709521,17.82100003284));
#1709=DIRECTION('',(-1.0,0.0,0.0));
#1710=DIRECTION('',(0.0,1.0,0.0));
#1711=ORIENTED_EDGE('',*,*,#3130,.T.);
#1712=ORIENTED_EDGE('',*,*,#3137,.F.);
#1713=ORIENTED_EDGE('',*,*,#3138,.T.);
#1714=ORIENTED_EDGE('',*,*,#3139,.F.);
#1715=CARTESIAN_POINT('',(-4.2,3.632422709521,17.82100003284));
#1716=DIRECTION('',(1.0,-0.0,0.0));
#1717=DIRECTION('',(0.0,1.0,0.0));
#1718=ORIENTED_EDGE('',*,*,#3140,.T.);
#1719=ORIENTED_EDGE('',*,*,#3141,.F.);
#1720=ORIENTED_EDGE('',*,*,#3142,.T.);
#1721=ORIENTED_EDGE('',*,*,#3139,.T.);
#1722=CARTESIAN_POINT('',(-12.128094,3.632422709521,17.82100003284));
#1723=DIRECTION('',(-1.0,0.0,0.0));
#1724=DIRECTION('',(0.0,1.0,0.0));
#1725=ORIENTED_EDGE('',*,*,#3012,.F.);
#1726=ORIENTED_EDGE('',*,*,#3131,.T.);
#1727=ORIENTED_EDGE('',*,*,#3142,.F.);
#1728=ORIENTED_EDGE('',*,*,#3143,.T.);
#1729=CARTESIAN_POINT('',(-12.128094,4.752422709521,0.0));
#1730=DIRECTION('',(0.0,0.0,-1.0));
#1731=DIRECTION('',(1.0,0.0,0.0));
#1732=ORIENTED_EDGE('',*,*,#3144,.F.);
#1733=ORIENTED_EDGE('',*,*,#3145,.F.);
#1734=ORIENTED_EDGE('',*,*,#3146,.T.);
#1735=ORIENTED_EDGE('',*,*,#3147,.F.);
#1736=ORIENTED_EDGE('',*,*,#3013,.T.);
#1737=ORIENTED_EDGE('',*,*,#3143,.F.);
#1738=ORIENTED_EDGE('',*,*,#3141,.T.);
#1739=ORIENTED_EDGE('',*,*,#3148,.F.);
#1740=CARTESIAN_POINT('',(-12.208094,-0.06419529047989,21.64100003286));
#1741=DIRECTION('',(-1.0,0.0,0.0));
#1742=DIRECTION('',(0.0,0.0,1.0));
#1743=ORIENTED_EDGE('',*,*,#3149,.T.);
#1744=ORIENTED_EDGE('',*,*,#3150,.T.);
#1745=ORIENTED_EDGE('',*,*,#3148,.T.);
#1746=ORIENTED_EDGE('',*,*,#3140,.F.);
#1747=ORIENTED_EDGE('',*,*,#3151,.T.);
#1748=CARTESIAN_POINT('',(-12.128094,0.0,18.94100003284));
#1749=DIRECTION('',(0.0,-1.0,0.0));
#1750=DIRECTION('',(1.0,0.0,0.0));
#1751=ORIENTED_EDGE('',*,*,#3138,.F.);
#1752=ORIENTED_EDGE('',*,*,#3152,.F.);
#1753=ORIENTED_EDGE('',*,*,#3153,.T.);
#1754=ORIENTED_EDGE('',*,*,#3151,.F.);
#1755=CARTESIAN_POINT('',(-11.109094,-5.16419529048,18.86100003284));
#1756=DIRECTION('',(0.0,0.0,-1.0));
#1757=DIRECTION('',(0.0,-1.0,0.0));
#1758=ORIENTED_EDGE('',*,*,#3154,.T.);
#1759=ORIENTED_EDGE('',*,*,#3155,.F.);
#1760=ORIENTED_EDGE('',*,*,#3149,.F.);
#1761=ORIENTED_EDGE('',*,*,#3153,.F.);
#1762=ORIENTED_EDGE('',*,*,#3156,.F.);
#1763=ORIENTED_EDGE('',*,*,#3157,.F.);
#1764=CARTESIAN_POINT('',(-11.646094,-7.683532865812,19.06100003284));
#1765=DIRECTION('',(0.0,-0.707106781186548,-0.707106781186548));
#1766=DIRECTION('',(0.0,-0.707106781186548,0.707106781186548));
#1767=ORIENTED_EDGE('',*,*,#3158,.F.);
#1768=ORIENTED_EDGE('',*,*,#3159,.T.);
#1769=ORIENTED_EDGE('',*,*,#3160,.T.);
#1770=ORIENTED_EDGE('',*,*,#3157,.T.);
#1771=ORIENTED_EDGE('',*,*,#3161,.F.);
#1772=ORIENTED_EDGE('',*,*,#3162,.F.);
#1773=CARTESIAN_POINT('',(-11.284094,-7.683532865812,19.44789077147));
#1774=DIRECTION('',(0.707106781186548,-0.707106781186548,0.0));
#1775=DIRECTION('',(0.0,0.0,-1.0));
#1776=ORIENTED_EDGE('',*,*,#3135,.T.);
#1777=ORIENTED_EDGE('',*,*,#3133,.F.);
#1778=ORIENTED_EDGE('',*,*,#3017,.T.);
#1779=ORIENTED_EDGE('',*,*,#3163,.F.);
#1780=ORIENTED_EDGE('',*,*,#3164,.T.);
#1781=ORIENTED_EDGE('',*,*,#3165,.F.);
#1782=ORIENTED_EDGE('',*,*,#3162,.T.);
#1783=ORIENTED_EDGE('',*,*,#3166,.F.);
#1784=CARTESIAN_POINT('',(-11.084094,-0.06419529047989,22.71500003286));
#1785=DIRECTION('',(1.0,0.0,0.0));
#1786=DIRECTION('',(0.0,1.0,0.0));
#1787=ORIENTED_EDGE('',*,*,#3161,.T.);
#1788=ORIENTED_EDGE('',*,*,#3156,.T.);
#1789=ORIENTED_EDGE('',*,*,#3152,.T.);
#1790=ORIENTED_EDGE('',*,*,#3136,.F.);
#1791=ORIENTED_EDGE('',*,*,#3166,.T.);
#1792=CARTESIAN_POINT('',(-11.164094,0.0,18.94100003284));
#1793=DIRECTION('',(0.0,-1.0,0.0));
#1794=DIRECTION('',(1.0,0.0,0.0));
#1795=ORIENTED_EDGE('',*,*,#3167,.F.);
#1796=ORIENTED_EDGE('',*,*,#3168,.T.);
#1797=ORIENTED_EDGE('',*,*,#3169,.T.);
#1798=ORIENTED_EDGE('',*,*,#3158,.T.);
#1799=ORIENTED_EDGE('',*,*,#3165,.T.);
#1800=CARTESIAN_POINT('',(-11.164094,0.0,19.90478151009));
#1801=DIRECTION('',(0.0,1.0,-0.0));
#1802=DIRECTION('',(-1.0,0.0,0.0));
#1803=ORIENTED_EDGE('',*,*,#3159,.F.);
#1804=ORIENTED_EDGE('',*,*,#3169,.F.);
#1805=ORIENTED_EDGE('',*,*,#3170,.F.);
#1806=ORIENTED_EDGE('',*,*,#3171,.F.);
#1807=ORIENTED_EDGE('',*,*,#3172,.F.);
#1808=ORIENTED_EDGE('',*,*,#3173,.T.);
#1809=CARTESIAN_POINT('',(-11.646094,-7.683532865812,19.78478151009));
#1810=DIRECTION('',(0.0,-0.707106781186548,0.707106781186548));
#1811=DIRECTION('',(-1.0,0.0,0.0));
#1812=ORIENTED_EDGE('',*,*,#3160,.F.);
#1813=ORIENTED_EDGE('',*,*,#3173,.F.);
#1814=ORIENTED_EDGE('',*,*,#3174,.T.);
#1815=ORIENTED_EDGE('',*,*,#3154,.F.);
#1816=CARTESIAN_POINT('',(-11.061094,-7.883532865812,19.96000003284));
#1817=DIRECTION('',(0.0,-1.0,0.0));
#1818=DIRECTION('',(0.0,0.0,-1.0));
#1819=ORIENTED_EDGE('',*,*,#3174,.F.);
#1820=ORIENTED_EDGE('',*,*,#3172,.T.);
#1821=ORIENTED_EDGE('',*,*,#3175,.F.);
#1822=ORIENTED_EDGE('',*,*,#3144,.T.);
#1823=ORIENTED_EDGE('',*,*,#3150,.F.);
#1824=ORIENTED_EDGE('',*,*,#3155,.T.);
#1825=CARTESIAN_POINT('',(-12.008094,-7.683532865812,19.44789077147));
#1826=DIRECTION('',(-0.707106781186548,-0.707106781186548,0.0));
#1827=DIRECTION('',(-0.707106781186548,0.707106781186548,0.0));
#1828=ORIENTED_EDGE('',*,*,#3175,.T.);
#1829=ORIENTED_EDGE('',*,*,#3171,.T.);
#1830=ORIENTED_EDGE('',*,*,#3176,.T.);
#1831=ORIENTED_EDGE('',*,*,#3177,.F.);
#1832=ORIENTED_EDGE('',*,*,#3145,.T.);
#1833=CARTESIAN_POINT('',(-12.128094,0.0,19.90478151009));
#1834=DIRECTION('',(0.0,-1.0,0.0));
#1835=DIRECTION('',(1.0,0.0,0.0));
#1836=ORIENTED_EDGE('',*,*,#3178,.T.);
#1837=ORIENTED_EDGE('',*,*,#3146,.F.);
#1838=ORIENTED_EDGE('',*,*,#3177,.T.);
#1839=ORIENTED_EDGE('',*,*,#3179,.T.);
#1840=CARTESIAN_POINT('',(-12.128094,3.756422709521,17.94478151009));
#1841=DIRECTION('',(1.0,0.0,0.0));
#1842=DIRECTION('',(0.0,-1.0,0.0));
#1843=ORIENTED_EDGE('',*,*,#3180,.T.);
#1844=ORIENTED_EDGE('',*,*,#3181,.F.);
#1845=ORIENTED_EDGE('',*,*,#3182,.T.);
#1846=ORIENTED_EDGE('',*,*,#3179,.F.);
#1847=CARTESIAN_POINT('',(-4.2,3.756422709521,17.94478151009));
#1848=DIRECTION('',(-1.0,-0.0,0.0));
#1849=DIRECTION('',(0.0,-1.0,0.0));
#1850=ORIENTED_EDGE('',*,*,#3015,.T.);
#1851=ORIENTED_EDGE('',*,*,#3183,.F.);
#1852=ORIENTED_EDGE('',*,*,#3182,.F.);
#1853=ORIENTED_EDGE('',*,*,#3184,.F.);
#1854=CARTESIAN_POINT('',(-12.233094,5.796422709521,17.74554628598));
#1855=DIRECTION('',(0.0,-1.0,0.0));
#1856=DIRECTION('',(0.0,0.0,-1.0));
#1857=ORIENTED_EDGE('',*,*,#3016,.F.);
#1858=ORIENTED_EDGE('',*,*,#3184,.T.);
#1859=ORIENTED_EDGE('',*,*,#3185,.F.);
#1860=ORIENTED_EDGE('',*,*,#3163,.T.);
#1861=CARTESIAN_POINT('',(-11.164094,5.716422709521,0.0));
#1862=DIRECTION('',(0.0,0.0,1.0));
#1863=DIRECTION('',(-1.0,0.0,0.0));
#1864=ORIENTED_EDGE('',*,*,#3167,.T.);
#1865=ORIENTED_EDGE('',*,*,#3164,.F.);
#1866=ORIENTED_EDGE('',*,*,#3185,.T.);
#1867=ORIENTED_EDGE('',*,*,#3181,.T.);
#1868=CARTESIAN_POINT('',(-11.164094,3.756422709521,17.94478151009));
#1869=DIRECTION('',(1.0,0.0,0.0));
#1870=DIRECTION('',(0.0,-1.0,0.0));
#1871=ORIENTED_EDGE('',*,*,#3178,.F.);
#1872=ORIENTED_EDGE('',*,*,#3183,.T.);
#1873=ORIENTED_EDGE('',*,*,#3014,.F.);
#1874=ORIENTED_EDGE('',*,*,#3147,.T.);
#1875=CARTESIAN_POINT('',(-12.128094,5.716422709521,0.0));
#1876=DIRECTION('',(0.0,0.0,-1.0));
#1877=DIRECTION('',(1.0,0.0,0.0));
#1878=ORIENTED_EDGE('',*,*,#3176,.F.);
#1879=ORIENTED_EDGE('',*,*,#3170,.T.);
#1880=ORIENTED_EDGE('',*,*,#3168,.F.);
#1881=ORIENTED_EDGE('',*,*,#3180,.F.);
#1882=CARTESIAN_POINT('',(-12.183094,1.050474240825,19.98478151009));
#1883=DIRECTION('',(0.0,0.0,1.0));
#1884=DIRECTION('',(1.0,0.0,0.0));
#1885=ORIENTED_EDGE('',*,*,#3186,.F.);
#1886=ORIENTED_EDGE('',*,*,#3187,.T.);
#1887=ORIENTED_EDGE('',*,*,#3188,.F.);
#1888=ORIENTED_EDGE('',*,*,#3027,.T.);
#1889=CARTESIAN_POINT('',(-11.31597274478,-2.022577290479,12.36600003284));
#1890=DIRECTION('',(-1.0,0.0,0.0));
#1891=DIRECTION('',(0.0,1.0,0.0));
#1892=ORIENTED_EDGE('',*,*,#3020,.F.);
#1893=ORIENTED_EDGE('',*,*,#3188,.T.);
#1894=ORIENTED_EDGE('',*,*,#3189,.T.);
#1895=ORIENTED_EDGE('',*,*,#3190,.F.);
#1896=CARTESIAN_POINT('',(-12.130662,-2.022577290479,12.36600003284));
#1897=DIRECTION('',(1.0,0.0,0.0));
#1898=DIRECTION('',(0.0,-1.0,0.0));
#1899=ORIENTED_EDGE('',*,*,#3191,.F.);
#1900=ORIENTED_EDGE('',*,*,#3192,.T.);
#1901=ORIENTED_EDGE('',*,*,#3193,.F.);
#1902=ORIENTED_EDGE('',*,*,#3194,.T.);
#1903=ORIENTED_EDGE('',*,*,#3021,.T.);
#1904=ORIENTED_EDGE('',*,*,#3190,.T.);
#1905=CARTESIAN_POINT('',(-12.210662,-5.76419529048,21.64100003286));
#1906=DIRECTION('',(-1.0,0.0,0.0));
#1907=DIRECTION('',(0.0,0.0,1.0));
#1908=ORIENTED_EDGE('',*,*,#3195,.T.);
#1909=ORIENTED_EDGE('',*,*,#3196,.T.);
#1910=ORIENTED_EDGE('',*,*,#3022,.T.);
#1911=ORIENTED_EDGE('',*,*,#3194,.F.);
#1912=CARTESIAN_POINT('',(-12.130662,-2.017907759175,12.41578151009));
#1913=DIRECTION('',(1.0,0.0,0.0));
#1914=DIRECTION('',(0.0,-1.0,0.0));
#1915=ORIENTED_EDGE('',*,*,#3196,.F.);
#1916=ORIENTED_EDGE('',*,*,#3197,.T.);
#1917=ORIENTED_EDGE('',*,*,#3198,.F.);
#1918=ORIENTED_EDGE('',*,*,#3023,.T.);
#1919=CARTESIAN_POINT('',(-11.31597274478,-2.017907759175,12.41578151009));
#1920=DIRECTION('',(-1.0,0.0,0.0));
#1921=DIRECTION('',(0.0,1.0,0.0));
#1922=ORIENTED_EDGE('',*,*,#3024,.F.);
#1923=ORIENTED_EDGE('',*,*,#3198,.T.);
#1924=ORIENTED_EDGE('',*,*,#3199,.T.);
#1925=ORIENTED_EDGE('',*,*,#3200,.F.);
#1926=CARTESIAN_POINT('',(-11.166662,-2.017907759175,12.41578151009));
#1927=DIRECTION('',(1.0,0.0,0.0));
#1928=DIRECTION('',(0.0,-1.0,0.0));
#1929=ORIENTED_EDGE('',*,*,#3025,.T.);
#1930=ORIENTED_EDGE('',*,*,#3200,.T.);
#1931=ORIENTED_EDGE('',*,*,#3201,.F.);
#1932=ORIENTED_EDGE('',*,*,#3202,.T.);
#1933=ORIENTED_EDGE('',*,*,#3203,.F.);
#1934=ORIENTED_EDGE('',*,*,#3204,.T.);
#1935=CARTESIAN_POINT('',(-11.086662,-5.76419529048,22.71500003286));
#1936=DIRECTION('',(1.0,0.0,0.0));
#1937=DIRECTION('',(0.0,1.0,0.0));
#1938=ORIENTED_EDGE('',*,*,#3205,.T.);
#1939=ORIENTED_EDGE('',*,*,#3186,.T.);
#1940=ORIENTED_EDGE('',*,*,#3026,.F.);
#1941=ORIENTED_EDGE('',*,*,#3204,.F.);
#1942=CARTESIAN_POINT('',(-11.166662,-2.022577290479,12.36600003284));
#1943=DIRECTION('',(1.0,0.0,0.0));
#1944=DIRECTION('',(0.0,-1.0,0.0));
#1945=ORIENTED_EDGE('',*,*,#3206,.T.);
#1946=ORIENTED_EDGE('',*,*,#3207,.T.);
#1947=ORIENTED_EDGE('',*,*,#3208,.T.);
#1948=ORIENTED_EDGE('',*,*,#3205,.F.);
#1949=ORIENTED_EDGE('',*,*,#3203,.T.);
#1950=CARTESIAN_POINT('',(-11.166662,0.0,13.44100003284));
#1951=DIRECTION('',(0.0,-1.0,0.0));
#1952=DIRECTION('',(1.0,0.0,0.0));
#1953=ORIENTED_EDGE('',*,*,#3209,.F.);
#1954=ORIENTED_EDGE('',*,*,#3187,.F.);
#1955=ORIENTED_EDGE('',*,*,#3208,.F.);
#1956=ORIENTED_EDGE('',*,*,#3210,.F.);
#1957=CARTESIAN_POINT('',(-11.111662,-5.76419529048,13.36100003284));
#1958=DIRECTION('',(0.0,0.0,-1.0));
#1959=DIRECTION('',(0.0,-1.0,0.0));
#1960=ORIENTED_EDGE('',*,*,#3207,.F.);
#1961=ORIENTED_EDGE('',*,*,#3211,.F.);
#1962=ORIENTED_EDGE('',*,*,#3212,.F.);
#1963=ORIENTED_EDGE('',*,*,#3213,.F.);
#1964=ORIENTED_EDGE('',*,*,#3214,.F.);
#1965=ORIENTED_EDGE('',*,*,#3210,.T.);
#1966=CARTESIAN_POINT('',(-11.648662,-7.683532865812,13.56100003284));
#1967=DIRECTION('',(0.0,-0.707106781186548,-0.707106781186548));
#1968=DIRECTION('',(0.0,-0.707106781186548,0.707106781186548));
#1969=ORIENTED_EDGE('',*,*,#3189,.F.);
#1970=ORIENTED_EDGE('',*,*,#3209,.T.);
#1971=ORIENTED_EDGE('',*,*,#3214,.T.);
#1972=ORIENTED_EDGE('',*,*,#3215,.T.);
#1973=ORIENTED_EDGE('',*,*,#3191,.T.);
#1974=CARTESIAN_POINT('',(-12.130662,0.0,13.44100003284));
#1975=DIRECTION('',(0.0,1.0,-0.0));
#1976=DIRECTION('',(-1.0,0.0,0.0));
#1977=ORIENTED_EDGE('',*,*,#3216,.F.);
#1978=ORIENTED_EDGE('',*,*,#3192,.F.);
#1979=ORIENTED_EDGE('',*,*,#3215,.F.);
#1980=ORIENTED_EDGE('',*,*,#3213,.T.);
#1981=ORIENTED_EDGE('',*,*,#3217,.T.);
#1982=ORIENTED_EDGE('',*,*,#3218,.T.);
#1983=CARTESIAN_POINT('',(-12.010662,-7.683532865812,13.94789077147));
#1984=DIRECTION('',(-0.707106781186548,-0.707106781186548,0.0));
#1985=DIRECTION('',(-0.707106781186548,0.707106781186548,0.0));
#1986=ORIENTED_EDGE('',*,*,#3219,.F.);
#1987=ORIENTED_EDGE('',*,*,#3220,.F.);
#1988=ORIENTED_EDGE('',*,*,#3221,.F.);
#1989=ORIENTED_EDGE('',*,*,#3222,.F.);
#1990=ORIENTED_EDGE('',*,*,#3218,.F.);
#1991=ORIENTED_EDGE('',*,*,#3223,.T.);
#1992=CARTESIAN_POINT('',(-11.648662,-7.683532865812,14.28478151009));
#1993=DIRECTION('',(0.0,-0.707106781186548,0.707106781186548));
#1994=DIRECTION('',(-1.0,0.0,0.0));
#1995=ORIENTED_EDGE('',*,*,#3217,.F.);
#1996=ORIENTED_EDGE('',*,*,#3212,.T.);
#1997=ORIENTED_EDGE('',*,*,#3224,.F.);
#1998=ORIENTED_EDGE('',*,*,#3223,.F.);
#1999=CARTESIAN_POINT('',(-11.063662,-7.883532865812,14.46000003284));
#2000=DIRECTION('',(0.0,-1.0,0.0));
#2001=DIRECTION('',(0.0,0.0,-1.0));
#2002=ORIENTED_EDGE('',*,*,#3225,.F.);
#2003=ORIENTED_EDGE('',*,*,#3219,.T.);
#2004=ORIENTED_EDGE('',*,*,#3224,.T.);
#2005=ORIENTED_EDGE('',*,*,#3211,.T.);
#2006=ORIENTED_EDGE('',*,*,#3206,.F.);
#2007=ORIENTED_EDGE('',*,*,#3202,.F.);
#2008=CARTESIAN_POINT('',(-11.286662,-7.683532865812,13.94789077147));
#2009=DIRECTION('',(0.707106781186548,-0.707106781186548,0.0));
#2010=DIRECTION('',(0.0,0.0,-1.0));
#2011=ORIENTED_EDGE('',*,*,#3199,.F.);
#2012=ORIENTED_EDGE('',*,*,#3226,.T.);
#2013=ORIENTED_EDGE('',*,*,#3220,.T.);
#2014=ORIENTED_EDGE('',*,*,#3225,.T.);
#2015=ORIENTED_EDGE('',*,*,#3201,.T.);
#2016=CARTESIAN_POINT('',(-11.166662,0.0,14.40478151009));
#2017=DIRECTION('',(0.0,1.0,-0.0));
#2018=DIRECTION('',(-1.0,0.0,0.0));
#2019=ORIENTED_EDGE('',*,*,#3226,.F.);
#2020=ORIENTED_EDGE('',*,*,#3197,.F.);
#2021=ORIENTED_EDGE('',*,*,#3227,.F.);
#2022=ORIENTED_EDGE('',*,*,#3221,.T.);
#2023=CARTESIAN_POINT('',(-12.185662,0.4504742408248,14.48478151009));
#2024=DIRECTION('',(0.0,0.0,1.0));
#2025=DIRECTION('',(1.0,0.0,0.0));
#2026=ORIENTED_EDGE('',*,*,#3216,.T.);
#2027=ORIENTED_EDGE('',*,*,#3222,.T.);
#2028=ORIENTED_EDGE('',*,*,#3227,.T.);
#2029=ORIENTED_EDGE('',*,*,#3195,.F.);
#2030=ORIENTED_EDGE('',*,*,#3193,.T.);
#2031=CARTESIAN_POINT('',(-12.130662,0.0,14.40478151009));
#2032=DIRECTION('',(0.0,-1.0,0.0));
#2033=DIRECTION('',(1.0,0.0,0.0));
#2034=ORIENTED_EDGE('',*,*,#3006,.T.);
#2035=ORIENTED_EDGE('',*,*,#3228,.T.);
#2036=ORIENTED_EDGE('',*,*,#3229,.F.);
#2037=ORIENTED_EDGE('',*,*,#3230,.F.);
#2038=CARTESIAN_POINT('',(-15.78775264786,-2.841344400042,-0.8270000303151));
#2039=DIRECTION('',(0.0,0.0,-1.0));
#2040=DIRECTION('',(0.0,-1.0,0.0));
#2041=ORIENTED_EDGE('',*,*,#3003,.T.);
#2042=ORIENTED_EDGE('',*,*,#3230,.T.);
#2043=ORIENTED_EDGE('',*,*,#3231,.F.);
#2044=ORIENTED_EDGE('',*,*,#3232,.F.);
#2045=CARTESIAN_POINT('',(-15.78775264786,0.6586555999581,-0.8270000303151));
#2046=DIRECTION('',(-0.0,1.0,0.0));
#2047=DIRECTION('',(1.0,0.0,0.0));
#2048=ORIENTED_EDGE('',*,*,#3004,.T.);
#2049=ORIENTED_EDGE('',*,*,#3232,.T.);
#2050=ORIENTED_EDGE('',*,*,#3233,.F.);
#2051=ORIENTED_EDGE('',*,*,#3234,.F.);
#2052=CARTESIAN_POINT('',(-15.78775264786,0.6586555999581,2.672999969685));
#2053=DIRECTION('',(0.0,0.0,1.0));
#2054=DIRECTION('',(1.0,0.0,0.0));
#2055=ORIENTED_EDGE('',*,*,#3005,.T.);
#2056=ORIENTED_EDGE('',*,*,#3234,.T.);
#2057=ORIENTED_EDGE('',*,*,#3235,.F.);
#2058=ORIENTED_EDGE('',*,*,#3228,.F.);
#2059=CARTESIAN_POINT('',(-15.78775264786,-2.841344400042,2.672999969685));
#2060=DIRECTION('',(0.0,-1.0,0.0));
#2061=DIRECTION('',(0.0,0.0,-1.0));
#2062=ORIENTED_EDGE('',*,*,#3235,.T.);
#2063=ORIENTED_EDGE('',*,*,#3233,.T.);
#2064=ORIENTED_EDGE('',*,*,#3231,.T.);
#2065=ORIENTED_EDGE('',*,*,#3229,.T.);
#2066=ORIENTED_EDGE('',*,*,#3236,.F.);
#2067=ORIENTED_EDGE('',*,*,#3237,.F.);
#2068=ORIENTED_EDGE('',*,*,#3238,.T.);
#2069=ORIENTED_EDGE('',*,*,#3239,.T.);
#2070=ORIENTED_EDGE('',*,*,#3240,.T.);
#2071=ORIENTED_EDGE('',*,*,#3241,.T.);
#2072=ORIENTED_EDGE('',*,*,#3242,.T.);
#2073=ORIENTED_EDGE('',*,*,#3243,.T.);
#2074=ORIENTED_EDGE('',*,*,#3244,.F.);
#2075=ORIENTED_EDGE('',*,*,#3245,.F.);
#2076=ORIENTED_EDGE('',*,*,#3246,.F.);
#2077=ORIENTED_EDGE('',*,*,#3247,.F.);
#2078=ORIENTED_EDGE('',*,*,#3248,.F.);
#2079=CARTESIAN_POINT('',(-15.78775264786,-2.676806983737,0.9229999696849));
#2080=DIRECTION('',(-1.0,0.0,0.0));
#2081=DIRECTION('',(0.0,0.0,1.0));
#2082=ORIENTED_EDGE('',*,*,#3249,.T.);
#2083=ORIENTED_EDGE('',*,*,#3250,.T.);
#2084=ORIENTED_EDGE('',*,*,#3248,.T.);
#2085=ORIENTED_EDGE('',*,*,#3251,.F.);
#2086=CARTESIAN_POINT('',(-15.78775264786,-0.3372695674314,0.1244511080038));
#2087=DIRECTION('',(-0.0,1.0,0.0));
#2088=DIRECTION('',(1.0,0.0,0.0));
#2089=ORIENTED_EDGE('',*,*,#3252,.T.);
#2090=ORIENTED_EDGE('',*,*,#3251,.T.);
#2091=ORIENTED_EDGE('',*,*,#3247,.T.);
#2092=ORIENTED_EDGE('',*,*,#3253,.F.);
#2093=CARTESIAN_POINT('',(-15.78775264786,-0.3372695674314,0.8369511080038));
#2094=DIRECTION('',(0.0,0.0,1.0));
#2095=DIRECTION('',(1.0,0.0,0.0));
#2096=ORIENTED_EDGE('',*,*,#3254,.T.);
#2097=ORIENTED_EDGE('',*,*,#3253,.T.);
#2098=ORIENTED_EDGE('',*,*,#3246,.T.);
#2099=ORIENTED_EDGE('',*,*,#3255,.F.);
#2100=CARTESIAN_POINT('',(-15.78775264786,-2.512269567431,0.8369511080038));
#2101=DIRECTION('',(-0.0,1.0,0.0));
#2102=DIRECTION('',(1.0,0.0,0.0));
#2103=ORIENTED_EDGE('',*,*,#3256,.T.);
#2104=ORIENTED_EDGE('',*,*,#3255,.T.);
#2105=ORIENTED_EDGE('',*,*,#3245,.T.);
#2106=ORIENTED_EDGE('',*,*,#3257,.F.);
#2107=CARTESIAN_POINT('',(-15.78775264786,-2.512269567431,1.211951108004));
#2108=DIRECTION('',(0.0,0.0,-1.0));
#2109=DIRECTION('',(0.0,-1.0,0.0));
#2110=ORIENTED_EDGE('',*,*,#3258,.T.);
#2111=ORIENTED_EDGE('',*,*,#3257,.T.);
#2112=ORIENTED_EDGE('',*,*,#3244,.T.);
#2113=ORIENTED_EDGE('',*,*,#3259,.F.);
#2114=CARTESIAN_POINT('',(-15.78775264786,0.4877304325686,1.211951108004));
#2115=DIRECTION('',(0.0,-1.0,0.0));
#2116=DIRECTION('',(0.0,0.0,-1.0));
#2117=ORIENTED_EDGE('',*,*,#3260,.F.);
#2118=ORIENTED_EDGE('',*,*,#3259,.T.);
#2119=ORIENTED_EDGE('',*,*,#3243,.F.);
#2120=ORIENTED_EDGE('',*,*,#3261,.F.);
#2121=CARTESIAN_POINT('',(-15.78775264786,0.4877304325686,0.9119511080038));
#2122=DIRECTION('',(0.0,-0.316227766016808,0.948683298050524));
#2123=DIRECTION('',(-1.0,0.0,0.0));
#2124=ORIENTED_EDGE('',*,*,#3262,.F.);
#2125=ORIENTED_EDGE('',*,*,#3261,.T.);
#2126=ORIENTED_EDGE('',*,*,#3242,.F.);
#2127=ORIENTED_EDGE('',*,*,#3263,.F.);
#2128=CARTESIAN_POINT('',(-15.78775264786,0.3752304325686,0.8744511080038));
#2129=DIRECTION('',(0.0,-0.6,0.8));
#2130=DIRECTION('',(-1.0,0.0,0.0));
#2131=ORIENTED_EDGE('',*,*,#3264,.F.);
#2132=ORIENTED_EDGE('',*,*,#3263,.T.);
#2133=ORIENTED_EDGE('',*,*,#3241,.F.);
#2134=ORIENTED_EDGE('',*,*,#3265,.F.);
#2135=CARTESIAN_POINT('',(-15.78775264786,0.2252304325686,0.7619511080038));
#2136=DIRECTION('',(0.0,-0.707106781186548,0.707106781186548));
#2137=DIRECTION('',(-1.0,0.0,0.0));
#2138=ORIENTED_EDGE('',*,*,#3266,.F.);
#2139=ORIENTED_EDGE('',*,*,#3265,.T.);
#2140=ORIENTED_EDGE('',*,*,#3240,.F.);
#2141=ORIENTED_EDGE('',*,*,#3267,.F.);
#2142=CARTESIAN_POINT('',(-15.78775264786,0.1127304325686,0.6494511080038));
#2143=DIRECTION('',(0.0,-0.894427190999896,0.447213595499998));
#2144=DIRECTION('',(-1.0,0.0,0.0));
#2145=ORIENTED_EDGE('',*,*,#3268,.F.);
#2146=ORIENTED_EDGE('',*,*,#3267,.T.);
#2147=ORIENTED_EDGE('',*,*,#3239,.F.);
#2148=ORIENTED_EDGE('',*,*,#3269,.F.);
#2149=CARTESIAN_POINT('',(-15.78775264786,0.03773043256858,0.4994511080038));
#2150=DIRECTION('',(0.0,-0.948683298050524,0.316227766016808));
#2151=DIRECTION('',(-1.0,0.0,0.0));
#2152=ORIENTED_EDGE('',*,*,#3270,.F.);
#2153=ORIENTED_EDGE('',*,*,#3269,.T.);
#2154=ORIENTED_EDGE('',*,*,#3238,.F.);
#2155=ORIENTED_EDGE('',*,*,#3271,.F.);
#2156=CARTESIAN_POINT('',(-15.78775264786,0.0002304325685829,0.3869511080038));
#2157=DIRECTION('',(0.0,-0.980580675690916,0.196116135138203));
#2158=DIRECTION('',(-1.0,0.0,0.0));
#2159=ORIENTED_EDGE('',*,*,#3272,.T.);
#2160=ORIENTED_EDGE('',*,*,#3271,.T.);
#2161=ORIENTED_EDGE('',*,*,#3237,.T.);
#2162=ORIENTED_EDGE('',*,*,#3273,.F.);
#2163=CARTESIAN_POINT('',(-15.78775264786,-0.03726956743142,0.1994511080038));
#2164=DIRECTION('',(0.0,-1.0,0.0));
#2165=DIRECTION('',(0.0,0.0,-1.0));
#2166=ORIENTED_EDGE('',*,*,#3274,.T.);
#2167=ORIENTED_EDGE('',*,*,#3273,.T.);
#2168=ORIENTED_EDGE('',*,*,#3236,.T.);
#2169=ORIENTED_EDGE('',*,*,#3250,.F.);
#2170=CARTESIAN_POINT('',(-15.78775264786,-0.03726956743142,0.1244511080038));
#2171=DIRECTION('',(0.0,0.0,1.0));
#2172=DIRECTION('',(1.0,0.0,0.0));
#2173=ORIENTED_EDGE('',*,*,#3270,.T.);
#2174=ORIENTED_EDGE('',*,*,#3272,.F.);
#2175=ORIENTED_EDGE('',*,*,#3274,.F.);
#2176=ORIENTED_EDGE('',*,*,#3249,.F.);
#2177=ORIENTED_EDGE('',*,*,#3252,.F.);
#2178=ORIENTED_EDGE('',*,*,#3254,.F.);
#2179=ORIENTED_EDGE('',*,*,#3256,.F.);
#2180=ORIENTED_EDGE('',*,*,#3258,.F.);
#2181=ORIENTED_EDGE('',*,*,#3260,.T.);
#2182=ORIENTED_EDGE('',*,*,#3262,.T.);
#2183=ORIENTED_EDGE('',*,*,#3264,.T.);
#2184=ORIENTED_EDGE('',*,*,#3266,.T.);
#2185=ORIENTED_EDGE('',*,*,#3268,.T.);
#2186=CARTESIAN_POINT('',(-15.82075225658,1.940849134188,15.1940023697));
#2187=DIRECTION('',(1.0,0.0,0.0));
#2188=DIRECTION('',(0.0,1.0,0.0));
#2189=ORIENTED_EDGE('',*,*,#3275,.T.);
#2190=ORIENTED_EDGE('',*,*,#3276,.F.);
#2191=ORIENTED_EDGE('',*,*,#3277,.F.);
#2192=ORIENTED_EDGE('',*,*,#2976,.F.);
#2193=CARTESIAN_POINT('',(-10.05838453346,-2.892802478903,-1.852004789933));
#2194=DIRECTION('',(-0.497813585717992,0.497813585717992,-0.710185375623288));
#2195=DIRECTION('',(-0.818861330000291,-2.76342052417662E-17,0.573991395606375));
#2196=ORIENTED_EDGE('',*,*,#3278,.T.);
#2197=ORIENTED_EDGE('',*,*,#3279,.T.);
#2198=ORIENTED_EDGE('',*,*,#2955,.F.);
#2199=ORIENTED_EDGE('',*,*,#3277,.T.);
#2200=ORIENTED_EDGE('',*,*,#3280,.F.);
#2201=CARTESIAN_POINT('',(-14.81709321453,-2.497784567431,0.02300000000005));
#2202=DIRECTION('',(-0.0,1.0,0.0));
#2203=DIRECTION('',(1.0,0.0,0.0));
#2204=ORIENTED_EDGE('',*,*,#3281,.F.);
#2205=ORIENTED_EDGE('',*,*,#3282,.F.);
#2206=ORIENTED_EDGE('',*,*,#3280,.T.);
#2207=ORIENTED_EDGE('',*,*,#3276,.T.);
#2208=CARTESIAN_POINT('',(-10.41108951009,-3.21040470931,-1.977000030316));
#2209=DIRECTION('',(-0.689910538647566,0.723894639200364,0.0));
#2210=DIRECTION('',(0.0,0.0,1.0));
#2211=ORIENTED_EDGE('',*,*,#3283,.F.);
#2212=ORIENTED_EDGE('',*,*,#3284,.F.);
#2213=ORIENTED_EDGE('',*,*,#3285,.F.);
#2214=ORIENTED_EDGE('',*,*,#3286,.F.);
#2215=ORIENTED_EDGE('',*,*,#3287,.F.);
#2216=ORIENTED_EDGE('',*,*,#3288,.F.);
#2217=ORIENTED_EDGE('',*,*,#3289,.F.);
#2218=ORIENTED_EDGE('',*,*,#3290,.F.);
#2219=ORIENTED_EDGE('',*,*,#3291,.F.);
#2220=ORIENTED_EDGE('',*,*,#3292,.F.);
#2221=ORIENTED_EDGE('',*,*,#3293,.F.);
#2222=ORIENTED_EDGE('',*,*,#3294,.F.);
#2223=ORIENTED_EDGE('',*,*,#3295,.F.);
#2224=ORIENTED_EDGE('',*,*,#3296,.F.);
#2225=ORIENTED_EDGE('',*,*,#3297,.F.);
#2226=ORIENTED_EDGE('',*,*,#3298,.F.);
#2227=ORIENTED_EDGE('',*,*,#3299,.F.);
#2228=ORIENTED_EDGE('',*,*,#3278,.F.);
#2229=ORIENTED_EDGE('',*,*,#3282,.T.);
#2230=ORIENTED_EDGE('',*,*,#3300,.F.);
#2231=ORIENTED_EDGE('',*,*,#3301,.T.);
#2232=ORIENTED_EDGE('',*,*,#3302,.T.);
#2233=ORIENTED_EDGE('',*,*,#3303,.T.);
#2234=ORIENTED_EDGE('',*,*,#3304,.F.);
#2235=ORIENTED_EDGE('',*,*,#3305,.T.);
#2236=ORIENTED_EDGE('',*,*,#3306,.F.);
#2237=ORIENTED_EDGE('',*,*,#3307,.T.);
#2238=ORIENTED_EDGE('',*,*,#3308,.F.);
#2239=CARTESIAN_POINT('',(-11.84204168034,-1.318835290479,9.123));
#2240=DIRECTION('',(0.0,0.0,-1.0));
#2241=DIRECTION('',(0.0,-1.0,0.0));
#2242=ORIENTED_EDGE('',*,*,#3309,.F.);
#2243=ORIENTED_EDGE('',*,*,#3300,.T.);
#2244=ORIENTED_EDGE('',*,*,#3281,.T.);
#2245=ORIENTED_EDGE('',*,*,#3310,.F.);
#2246=CARTESIAN_POINT('',(-14.23602436053,-3.21040470931,-1.977000030316));
#2247=DIRECTION('',(-0.0,1.0,0.0));
#2248=DIRECTION('',(1.0,0.0,0.0));
#2249=ORIENTED_EDGE('',*,*,#3275,.F.);
#2250=ORIENTED_EDGE('',*,*,#2975,.T.);
#2251=ORIENTED_EDGE('',*,*,#3311,.T.);
#2252=ORIENTED_EDGE('',*,*,#3310,.T.);
#2253=CARTESIAN_POINT('',(-12.42080421967,-3.236495526247,-1.852004789933));
#2254=DIRECTION('',(0.0,-0.704014724455977,0.710185375623277));
#2255=DIRECTION('',(-1.0,0.0,0.0));
#2256=ORIENTED_EDGE('',*,*,#3312,.F.);
#2257=ORIENTED_EDGE('',*,*,#3313,.T.);
#2258=ORIENTED_EDGE('',*,*,#3311,.F.);
#2259=ORIENTED_EDGE('',*,*,#2974,.F.);
#2260=CARTESIAN_POINT('',(-14.26211517747,-2.896458587385,-1.852004789933));
#2261=DIRECTION('',(-0.704014724455977,0.0,0.710185375623277));
#2262=DIRECTION('',(0.0,1.0,0.0));
#2263=ORIENTED_EDGE('',*,*,#3314,.T.);
#2264=ORIENTED_EDGE('',*,*,#3283,.T.);
#2265=ORIENTED_EDGE('',*,*,#3309,.T.);
#2266=ORIENTED_EDGE('',*,*,#3313,.F.);
#2267=CARTESIAN_POINT('',(-14.23602436053,-3.11040470931,-1.977000030316));
#2268=DIRECTION('',(1.0,0.0,0.0));
#2269=DIRECTION('',(0.0,1.0,0.0));
#2270=ORIENTED_EDGE('',*,*,#3284,.T.);
#2271=ORIENTED_EDGE('',*,*,#3314,.F.);
#2272=ORIENTED_EDGE('',*,*,#3312,.T.);
#2273=ORIENTED_EDGE('',*,*,#2973,.F.);
#2274=ORIENTED_EDGE('',*,*,#3315,.T.);
#2275=CARTESIAN_POINT('',(-14.81709321453,-2.497784567431,0.02300000000005));
#2276=DIRECTION('',(-0.0,1.0,0.0));
#2277=DIRECTION('',(1.0,0.0,0.0));
#2278=ORIENTED_EDGE('',*,*,#3315,.F.);
#2279=ORIENTED_EDGE('',*,*,#2972,.F.);
#2280=ORIENTED_EDGE('',*,*,#3316,.F.);
#2281=ORIENTED_EDGE('',*,*,#3285,.T.);
#2282=CARTESIAN_POINT('',(-14.81709321453,-1.125629290479,0.02300000000005));
#2283=DIRECTION('',(1.0,0.0,0.0));
#2284=DIRECTION('',(0.0,1.0,0.0));
#2285=ORIENTED_EDGE('',*,*,#3317,.T.);
#2286=ORIENTED_EDGE('',*,*,#3318,.F.);
#2287=ORIENTED_EDGE('',*,*,#3286,.T.);
#2288=ORIENTED_EDGE('',*,*,#3316,.T.);
#2289=ORIENTED_EDGE('',*,*,#2971,.F.);
#2290=CARTESIAN_POINT('',(-13.19041614855,-1.125629290479,0.02300000000005));
#2291=DIRECTION('',(0.0,-1.0,0.0));
#2292=DIRECTION('',(0.0,0.0,-1.0));
#2293=ORIENTED_EDGE('',*,*,#3287,.T.);
#2294=ORIENTED_EDGE('',*,*,#3318,.T.);
#2295=ORIENTED_EDGE('',*,*,#3319,.T.);
#2296=ORIENTED_EDGE('',*,*,#3320,.T.);
#2297=CARTESIAN_POINT('',(-14.23602436053,-3.11040470931,-1.977000030316));
#2298=DIRECTION('',(1.0,0.0,0.0));
#2299=DIRECTION('',(0.0,1.0,0.0));
#2300=ORIENTED_EDGE('',*,*,#3321,.T.);
#2301=ORIENTED_EDGE('',*,*,#2969,.T.);
#2302=ORIENTED_EDGE('',*,*,#3322,.F.);
#2303=ORIENTED_EDGE('',*,*,#3288,.T.);
#2304=ORIENTED_EDGE('',*,*,#3320,.F.);
#2305=CARTESIAN_POINT('',(-14.81709321453,-0.1844052904794,0.02300000000005));
#2306=DIRECTION('',(-0.0,1.0,0.0));
#2307=DIRECTION('',(1.0,0.0,0.0));
#2308=ORIENTED_EDGE('',*,*,#3323,.F.);
#2309=ORIENTED_EDGE('',*,*,#3289,.T.);
#2310=ORIENTED_EDGE('',*,*,#3322,.T.);
#2311=ORIENTED_EDGE('',*,*,#2968,.T.);
#2312=CARTESIAN_POINT('',(-14.81709321453,1.22743070952,0.02300000000005));
#2313=DIRECTION('',(1.0,0.0,0.0));
#2314=DIRECTION('',(0.0,1.0,0.0));
#2315=ORIENTED_EDGE('',*,*,#3290,.T.);
#2316=ORIENTED_EDGE('',*,*,#3323,.T.);
#2317=ORIENTED_EDGE('',*,*,#2967,.F.);
#2318=ORIENTED_EDGE('',*,*,#3324,.T.);
#2319=ORIENTED_EDGE('',*,*,#3325,.F.);
#2320=CARTESIAN_POINT('',(-8.47509478547,1.22743070952,0.02300000000005));
#2321=DIRECTION('',(0.0,-1.0,0.0));
#2322=DIRECTION('',(0.0,0.0,-1.0));
#2323=ORIENTED_EDGE('',*,*,#3326,.F.);
#2324=ORIENTED_EDGE('',*,*,#3291,.T.);
#2325=ORIENTED_EDGE('',*,*,#3325,.T.);
#2326=ORIENTED_EDGE('',*,*,#3327,.T.);
#2327=CARTESIAN_POINT('',(-14.23602436053,-3.11040470931,-1.977000030316));
#2328=DIRECTION('',(1.0,0.0,0.0));
#2329=DIRECTION('',(0.0,1.0,0.0));
#2330=ORIENTED_EDGE('',*,*,#3328,.F.);
#2331=ORIENTED_EDGE('',*,*,#3327,.F.);
#2332=ORIENTED_EDGE('',*,*,#3324,.F.);
#2333=ORIENTED_EDGE('',*,*,#2966,.T.);
#2334=CARTESIAN_POINT('',(-14.26211517747,1.514991235873,-1.852004789933));
#2335=DIRECTION('',(0.704014724455977,0.0,-0.710185375623277));
#2336=DIRECTION('',(0.0,-1.0,0.0));
#2337=ORIENTED_EDGE('',*,*,#3328,.T.);
#2338=ORIENTED_EDGE('',*,*,#2965,.T.);
#2339=ORIENTED_EDGE('',*,*,#3329,.F.);
#2340=CARTESIAN_POINT('',(-4.146094,1.705447904053,9.15));
#2341=DIRECTION('',(0.0,0.999961923064171,0.00872653549837375));
#2342=DIRECTION('',(1.0,0.0,-0.0));
#2343=ORIENTED_EDGE('',*,*,#3330,.F.);
#2344=ORIENTED_EDGE('',*,*,#3331,.F.);
#2345=ORIENTED_EDGE('',*,*,#3292,.T.);
#2346=ORIENTED_EDGE('',*,*,#3326,.T.);
#2347=ORIENTED_EDGE('',*,*,#3329,.T.);
#2348=ORIENTED_EDGE('',*,*,#2964,.T.);
#2349=CARTESIAN_POINT('',(-9.056163639469,1.802551762225,-1.977000030316));
#2350=DIRECTION('',(0.0,-1.0,0.0));
#2351=DIRECTION('',(0.0,0.0,-1.0));
#2352=ORIENTED_EDGE('',*,*,#3332,.F.);
#2353=ORIENTED_EDGE('',*,*,#3333,.T.);
#2354=ORIENTED_EDGE('',*,*,#3293,.T.);
#2355=ORIENTED_EDGE('',*,*,#3331,.T.);
#2356=CARTESIAN_POINT('',(-9.056163639469,-1.919087455928,-1.977000030316));
#2357=DIRECTION('',(-1.0,0.0,0.0));
#2358=DIRECTION('',(0.0,0.0,1.0));
#2359=ORIENTED_EDGE('',*,*,#3334,.F.);
#2360=ORIENTED_EDGE('',*,*,#3294,.T.);
#2361=ORIENTED_EDGE('',*,*,#3333,.F.);
#2362=ORIENTED_EDGE('',*,*,#3335,.T.);
#2363=ORIENTED_EDGE('',*,*,#2961,.T.);
#2364=CARTESIAN_POINT('',(-8.47509478547,1.22743070952,0.02300000000005));
#2365=DIRECTION('',(0.0,-1.0,0.0));
#2366=DIRECTION('',(0.0,0.0,-1.0));
#2367=ORIENTED_EDGE('',*,*,#3336,.F.);
#2368=ORIENTED_EDGE('',*,*,#2962,.T.);
#2369=ORIENTED_EDGE('',*,*,#3335,.F.);
#2370=ORIENTED_EDGE('',*,*,#3332,.T.);
#2371=CARTESIAN_POINT('',(-9.030072822531,1.514991235873,-1.852004789933));
#2372=DIRECTION('',(0.704014724455977,0.0,0.710185375623277));
#2373=DIRECTION('',(0.0,-1.0,0.0));
#2374=ORIENTED_EDGE('',*,*,#2963,.T.);
#2375=ORIENTED_EDGE('',*,*,#3336,.T.);
#2376=ORIENTED_EDGE('',*,*,#3330,.T.);
#2377=CARTESIAN_POINT('',(-4.146094,1.705447904053,9.15));
#2378=DIRECTION('',(0.0,0.999961923064171,0.00872653549837375));
#2379=DIRECTION('',(1.0,0.0,-0.0));
#2380=ORIENTED_EDGE('',*,*,#3337,.F.);
#2381=ORIENTED_EDGE('',*,*,#3295,.T.);
#2382=ORIENTED_EDGE('',*,*,#3334,.T.);
#2383=ORIENTED_EDGE('',*,*,#2960,.T.);
#2384=CARTESIAN_POINT('',(-8.47509478547,-0.1844052904794,0.02300000000005));
#2385=DIRECTION('',(-1.0,0.0,0.0));
#2386=DIRECTION('',(0.0,0.0,1.0));
#2387=ORIENTED_EDGE('',*,*,#3296,.T.);
#2388=ORIENTED_EDGE('',*,*,#3337,.T.);
#2389=ORIENTED_EDGE('',*,*,#2959,.F.);
#2390=ORIENTED_EDGE('',*,*,#3338,.T.);
#2391=ORIENTED_EDGE('',*,*,#3339,.F.);
#2392=CARTESIAN_POINT('',(-10.06790506049,-0.1844052904794,0.02300000000005));
#2393=DIRECTION('',(-0.0,1.0,0.0));
#2394=DIRECTION('',(1.0,0.0,0.0));
#2395=ORIENTED_EDGE('',*,*,#3297,.T.);
#2396=ORIENTED_EDGE('',*,*,#3339,.T.);
#2397=ORIENTED_EDGE('',*,*,#3340,.F.);
#2398=ORIENTED_EDGE('',*,*,#3341,.T.);
#2399=CARTESIAN_POINT('',(-9.056163639469,-1.919087455928,-1.977000030316));
#2400=DIRECTION('',(-1.0,0.0,0.0));
#2401=DIRECTION('',(0.0,0.0,1.0));
#2402=ORIENTED_EDGE('',*,*,#3342,.F.);
#2403=ORIENTED_EDGE('',*,*,#3298,.T.);
#2404=ORIENTED_EDGE('',*,*,#3341,.F.);
#2405=ORIENTED_EDGE('',*,*,#3343,.T.);
#2406=ORIENTED_EDGE('',*,*,#2957,.F.);
#2407=CARTESIAN_POINT('',(-8.47509478547,-1.125629290479,0.02300000000005));
#2408=DIRECTION('',(0.0,-1.0,0.0));
#2409=DIRECTION('',(0.0,0.0,-1.0));
#2410=ORIENTED_EDGE('',*,*,#3338,.F.);
#2411=ORIENTED_EDGE('',*,*,#2958,.T.);
#2412=ORIENTED_EDGE('',*,*,#3343,.F.);
#2413=ORIENTED_EDGE('',*,*,#3340,.T.);
#2414=CARTESIAN_POINT('',(-9.030072822531,-0.6550172904794,-1.852004789933));
#2415=DIRECTION('',(0.704014724455977,0.0,0.710185375623277));
#2416=DIRECTION('',(0.0,-1.0,0.0));
#2417=ORIENTED_EDGE('',*,*,#3279,.F.);
#2418=ORIENTED_EDGE('',*,*,#3299,.T.);
#2419=ORIENTED_EDGE('',*,*,#3342,.T.);
#2420=ORIENTED_EDGE('',*,*,#2956,.T.);
#2421=CARTESIAN_POINT('',(-8.47143574144,-2.497784567431,0.02300000000005));
#2422=DIRECTION('',(-1.0,0.0,0.0));
#2423=DIRECTION('',(0.0,0.0,1.0));
#2424=ORIENTED_EDGE('',*,*,#3321,.F.);
#2425=ORIENTED_EDGE('',*,*,#3319,.F.);
#2426=ORIENTED_EDGE('',*,*,#3317,.F.);
#2427=ORIENTED_EDGE('',*,*,#2970,.T.);
#2428=CARTESIAN_POINT('',(-14.26211517747,-0.6550172904794,-1.852004789933));
#2429=DIRECTION('',(0.704014724455977,0.0,-0.710185375623277));
#2430=DIRECTION('',(0.0,-1.0,0.0));
#2431=ORIENTED_EDGE('',*,*,#3344,.F.);
#2432=ORIENTED_EDGE('',*,*,#3308,.T.);
#2433=ORIENTED_EDGE('',*,*,#3345,.F.);
#2434=ORIENTED_EDGE('',*,*,#3346,.F.);
#2435=CARTESIAN_POINT('',(-11.063662,-1.027577290479,20.83100003286));
#2436=DIRECTION('',(0.0,-1.0,0.0));
#2437=DIRECTION('',(0.0,0.0,-1.0));
#2438=ORIENTED_EDGE('',*,*,#3347,.F.);
#2439=ORIENTED_EDGE('',*,*,#3348,.F.);
#2440=ORIENTED_EDGE('',*,*,#3349,.F.);
#2441=ORIENTED_EDGE('',*,*,#3350,.F.);
#2442=ORIENTED_EDGE('',*,*,#3351,.F.);
#2443=ORIENTED_EDGE('',*,*,#3346,.T.);
#2444=CARTESIAN_POINT('',(-11.648662,-0.8275772904794,2.449287748137));
#2445=DIRECTION('',(0.0,-0.707106781186548,-0.707106781186548));
#2446=DIRECTION('',(0.0,-0.707106781186548,0.707106781186548));
#2447=ORIENTED_EDGE('',*,*,#3301,.F.);
#2448=ORIENTED_EDGE('',*,*,#3344,.T.);
#2449=ORIENTED_EDGE('',*,*,#3351,.T.);
#2450=ORIENTED_EDGE('',*,*,#3352,.T.);
#2451=ORIENTED_EDGE('',*,*,#3353,.T.);
#2452=CARTESIAN_POINT('',(-11.166662,-0.9475772904794,0.0));
#2453=DIRECTION('',(0.0,0.0,1.0));
#2454=DIRECTION('',(-1.0,0.0,0.0));
#2455=ORIENTED_EDGE('',*,*,#3354,.T.);
#2456=ORIENTED_EDGE('',*,*,#3355,.F.);
#2457=ORIENTED_EDGE('',*,*,#3302,.F.);
#2458=ORIENTED_EDGE('',*,*,#3353,.F.);
#2459=CARTESIAN_POINT('',(-11.086662,-5.76419529048,22.71500003286));
#2460=DIRECTION('',(1.0,0.0,0.0));
#2461=DIRECTION('',(0.0,1.0,0.0));
#2462=ORIENTED_EDGE('',*,*,#3356,.T.);
#2463=ORIENTED_EDGE('',*,*,#3357,.T.);
#2464=ORIENTED_EDGE('',*,*,#3358,.T.);
#2465=ORIENTED_EDGE('',*,*,#3303,.F.);
#2466=ORIENTED_EDGE('',*,*,#3355,.T.);
#2467=CARTESIAN_POINT('',(-11.166662,0.01642270952062,0.0));
#2468=DIRECTION('',(0.0,0.0,-1.0));
#2469=DIRECTION('',(1.0,0.0,0.0));
#2470=ORIENTED_EDGE('',*,*,#3359,.F.);
#2471=ORIENTED_EDGE('',*,*,#3304,.T.);
#2472=ORIENTED_EDGE('',*,*,#3358,.F.);
#2473=ORIENTED_EDGE('',*,*,#3360,.F.);
#2474=CARTESIAN_POINT('',(-11.52592550104,0.09642270952062,21.77134859584));
#2475=DIRECTION('',(-0.0,1.0,0.0));
#2476=DIRECTION('',(1.0,0.0,0.0));
#2477=ORIENTED_EDGE('',*,*,#3357,.F.);
#2478=ORIENTED_EDGE('',*,*,#3361,.F.);
#2479=ORIENTED_EDGE('',*,*,#3362,.F.);
#2480=ORIENTED_EDGE('',*,*,#3363,.F.);
#2481=ORIENTED_EDGE('',*,*,#3364,.F.);
#2482=ORIENTED_EDGE('',*,*,#3360,.T.);
#2483=CARTESIAN_POINT('',(-11.648662,-0.1035772904794,2.449287748137));
#2484=DIRECTION('',(0.0,0.707106781186548,-0.707106781186548));
#2485=DIRECTION('',(-1.0,0.0,0.0));
#2486=ORIENTED_EDGE('',*,*,#3305,.F.);
#2487=ORIENTED_EDGE('',*,*,#3359,.T.);
#2488=ORIENTED_EDGE('',*,*,#3364,.T.);
#2489=ORIENTED_EDGE('',*,*,#3365,.T.);
#2490=ORIENTED_EDGE('',*,*,#3366,.T.);
#2491=CARTESIAN_POINT('',(-12.130662,0.01642270952062,0.0));
#2492=DIRECTION('',(0.0,0.0,1.0));
#2493=DIRECTION('',(-1.0,0.0,0.0));
#2494=ORIENTED_EDGE('',*,*,#3306,.T.);
#2495=ORIENTED_EDGE('',*,*,#3366,.F.);
#2496=ORIENTED_EDGE('',*,*,#3367,.T.);
#2497=ORIENTED_EDGE('',*,*,#3368,.F.);
#2498=CARTESIAN_POINT('',(-12.210662,-5.76419529048,21.64100003286));
#2499=DIRECTION('',(-1.0,0.0,0.0));
#2500=DIRECTION('',(0.0,0.0,1.0));
#2501=ORIENTED_EDGE('',*,*,#3369,.T.);
#2502=ORIENTED_EDGE('',*,*,#3347,.T.);
#2503=ORIENTED_EDGE('',*,*,#3345,.T.);
#2504=ORIENTED_EDGE('',*,*,#3307,.F.);
#2505=ORIENTED_EDGE('',*,*,#3368,.T.);
#2506=CARTESIAN_POINT('',(-12.130662,-0.9475772904794,0.0));
#2507=DIRECTION('',(0.0,0.0,-1.0));
#2508=DIRECTION('',(1.0,0.0,0.0));
#2509=ORIENTED_EDGE('',*,*,#3365,.F.);
#2510=ORIENTED_EDGE('',*,*,#3363,.T.);
#2511=ORIENTED_EDGE('',*,*,#3370,.T.);
#2512=ORIENTED_EDGE('',*,*,#3348,.T.);
#2513=ORIENTED_EDGE('',*,*,#3369,.F.);
#2514=ORIENTED_EDGE('',*,*,#3367,.F.);
#2515=CARTESIAN_POINT('',(-12.010662,-0.4405772904794,2.449287748137));
#2516=DIRECTION('',(-0.707106781186548,0.0,-0.707106781186548));
#2517=DIRECTION('',(-0.707106781186548,0.0,0.707106781186548));
#2518=ORIENTED_EDGE('',*,*,#3349,.T.);
#2519=ORIENTED_EDGE('',*,*,#3370,.F.);
#2520=ORIENTED_EDGE('',*,*,#3362,.T.);
#2521=ORIENTED_EDGE('',*,*,#3371,.F.);
#2522=CARTESIAN_POINT('',(-11.31597274478,-1.635415844425,2.249287748137));
#2523=DIRECTION('',(0.0,0.0,-1.0));
#2524=DIRECTION('',(0.0,-1.0,0.0));
#2525=ORIENTED_EDGE('',*,*,#3356,.F.);
#2526=ORIENTED_EDGE('',*,*,#3354,.F.);
#2527=ORIENTED_EDGE('',*,*,#3352,.F.);
#2528=ORIENTED_EDGE('',*,*,#3350,.T.);
#2529=ORIENTED_EDGE('',*,*,#3371,.T.);
#2530=ORIENTED_EDGE('',*,*,#3361,.T.);
#2531=CARTESIAN_POINT('',(-11.286662,-0.4405772904794,2.449287748137));
#2532=DIRECTION('',(0.707106781186548,0.0,-0.707106781186548));
#2533=DIRECTION('',(0.0,-1.0,0.0));
#2534=ORIENTED_EDGE('',*,*,#3372,.T.);
#2535=ORIENTED_EDGE('',*,*,#3373,.T.);
#2536=ORIENTED_EDGE('',*,*,#3374,.F.);
#2537=ORIENTED_EDGE('',*,*,#2998,.F.);
#2538=CARTESIAN_POINT('',(-11.646094,7.626460945288,-1.852004789933));
#2539=DIRECTION('',(0.0,0.704014724455977,0.710185375623277));
#2540=DIRECTION('',(1.0,-0.0,0.0));
#2541=ORIENTED_EDGE('',*,*,#3375,.F.);
#2542=ORIENTED_EDGE('',*,*,#2977,.T.);
#2543=ORIENTED_EDGE('',*,*,#3374,.T.);
#2544=ORIENTED_EDGE('',*,*,#3376,.F.);
#2545=CARTESIAN_POINT('',(-14.26211517747,7.214991235873,-1.852004789933));
#2546=DIRECTION('',(0.704014724455977,0.0,-0.710185375623277));
#2547=DIRECTION('',(0.0,-1.0,0.0));
#2548=ORIENTED_EDGE('',*,*,#3377,.F.);
#2549=ORIENTED_EDGE('',*,*,#3378,.T.);
#2550=ORIENTED_EDGE('',*,*,#3379,.T.);
#2551=ORIENTED_EDGE('',*,*,#3376,.T.);
#2552=CARTESIAN_POINT('',(-14.23602436053,7.500370128351,-1.977000030316));
#2553=DIRECTION('',(1.0,0.0,0.0));
#2554=DIRECTION('',(0.0,1.0,0.0));
#2555=ORIENTED_EDGE('',*,*,#3380,.T.);
#2556=ORIENTED_EDGE('',*,*,#3381,.T.);
#2557=ORIENTED_EDGE('',*,*,#2978,.F.);
#2558=ORIENTED_EDGE('',*,*,#3375,.T.);
#2559=ORIENTED_EDGE('',*,*,#3379,.F.);
#2560=CARTESIAN_POINT('',(-8.47509478547,6.92743070952,0.02300000000005));
#2561=DIRECTION('',(0.0,-1.0,0.0));
#2562=DIRECTION('',(0.0,0.0,-1.0));
#2563=ORIENTED_EDGE('',*,*,#3381,.F.);
#2564=ORIENTED_EDGE('',*,*,#3382,.T.);
#2565=ORIENTED_EDGE('',*,*,#3383,.T.);
#2566=ORIENTED_EDGE('',*,*,#2979,.T.);
#2567=CARTESIAN_POINT('',(-14.81709321453,6.92743070952,0.02300000000005));
#2568=DIRECTION('',(1.0,0.0,0.0));
#2569=DIRECTION('',(0.0,1.0,0.0));
#2570=ORIENTED_EDGE('',*,*,#3384,.T.);
#2571=ORIENTED_EDGE('',*,*,#2980,.T.);
#2572=ORIENTED_EDGE('',*,*,#3383,.F.);
#2573=ORIENTED_EDGE('',*,*,#3385,.T.);
#2574=ORIENTED_EDGE('',*,*,#3386,.F.);
#2575=CARTESIAN_POINT('',(-14.81709321453,5.515594709521,0.02300000000005));
#2576=DIRECTION('',(-0.0,1.0,0.0));
#2577=DIRECTION('',(1.0,0.0,0.0));
#2578=ORIENTED_EDGE('',*,*,#3386,.T.);
#2579=ORIENTED_EDGE('',*,*,#3387,.T.);
#2580=ORIENTED_EDGE('',*,*,#3388,.T.);
#2581=ORIENTED_EDGE('',*,*,#3389,.T.);
#2582=CARTESIAN_POINT('',(-14.23602436053,7.500370128351,-1.977000030316));
#2583=DIRECTION('',(1.0,0.0,0.0));
#2584=DIRECTION('',(0.0,1.0,0.0));
#2585=ORIENTED_EDGE('',*,*,#3384,.F.);
#2586=ORIENTED_EDGE('',*,*,#3389,.F.);
#2587=ORIENTED_EDGE('',*,*,#3390,.F.);
#2588=ORIENTED_EDGE('',*,*,#2981,.T.);
#2589=CARTESIAN_POINT('',(-14.26211517747,5.044982709521,-1.852004789933));
#2590=DIRECTION('',(0.704014724455977,0.0,-0.710185375623277));
#2591=DIRECTION('',(0.0,-1.0,0.0));
#2592=ORIENTED_EDGE('',*,*,#3390,.T.);
#2593=ORIENTED_EDGE('',*,*,#3388,.F.);
#2594=ORIENTED_EDGE('',*,*,#3391,.T.);
#2595=ORIENTED_EDGE('',*,*,#3392,.T.);
#2596=ORIENTED_EDGE('',*,*,#2982,.F.);
#2597=CARTESIAN_POINT('',(-13.19041614855,4.574370709521,0.02300000000005));
#2598=DIRECTION('',(0.0,-1.0,0.0));
#2599=DIRECTION('',(0.0,0.0,-1.0));
#2600=ORIENTED_EDGE('',*,*,#3392,.F.);
#2601=ORIENTED_EDGE('',*,*,#3393,.T.);
#2602=ORIENTED_EDGE('',*,*,#3394,.T.);
#2603=ORIENTED_EDGE('',*,*,#2983,.T.);
#2604=CARTESIAN_POINT('',(-14.81709321453,4.574370709521,0.02300000000005));
#2605=DIRECTION('',(1.0,0.0,0.0));
#2606=DIRECTION('',(0.0,1.0,0.0));
#2607=ORIENTED_EDGE('',*,*,#3394,.F.);
#2608=ORIENTED_EDGE('',*,*,#3395,.T.);
#2609=ORIENTED_EDGE('',*,*,#3396,.F.);
#2610=ORIENTED_EDGE('',*,*,#3397,.T.);
#2611=ORIENTED_EDGE('',*,*,#2984,.T.);
#2612=CARTESIAN_POINT('',(-14.81709321453,3.162534709521,0.02300000000005));
#2613=DIRECTION('',(-0.0,1.0,0.0));
#2614=DIRECTION('',(1.0,0.0,0.0));
#2615=ORIENTED_EDGE('',*,*,#3397,.F.);
#2616=ORIENTED_EDGE('',*,*,#3398,.F.);
#2617=ORIENTED_EDGE('',*,*,#3399,.F.);
#2618=ORIENTED_EDGE('',*,*,#2985,.T.);
#2619=CARTESIAN_POINT('',(-14.26211517747,2.874974183168,-1.852004789933));
#2620=DIRECTION('',(0.704014724455977,0.0,-0.710185375623277));
#2621=DIRECTION('',(0.0,-1.0,0.0));
#2622=ORIENTED_EDGE('',*,*,#2986,.T.);
#2623=ORIENTED_EDGE('',*,*,#3399,.T.);
#2624=ORIENTED_EDGE('',*,*,#3400,.T.);
#2625=CARTESIAN_POINT('',(-9.496093999999,2.684517514988,9.15));
#2626=DIRECTION('',(0.0,-0.999961923064171,0.00872653549837375));
#2627=DIRECTION('',(-1.0,0.0,0.0));
#2628=ORIENTED_EDGE('',*,*,#3400,.F.);
#2629=ORIENTED_EDGE('',*,*,#3401,.F.);
#2630=ORIENTED_EDGE('',*,*,#3402,.T.);
#2631=ORIENTED_EDGE('',*,*,#3403,.T.);
#2632=ORIENTED_EDGE('',*,*,#3404,.T.);
#2633=ORIENTED_EDGE('',*,*,#2987,.T.);
#2634=CARTESIAN_POINT('',(-14.23602436053,2.587413656816,-1.977000030316));
#2635=DIRECTION('',(-0.0,1.0,0.0));
#2636=DIRECTION('',(1.0,0.0,0.0));
#2637=ORIENTED_EDGE('',*,*,#3404,.F.);
#2638=ORIENTED_EDGE('',*,*,#3405,.T.);
#2639=ORIENTED_EDGE('',*,*,#2988,.T.);
#2640=CARTESIAN_POINT('',(-9.496093999999,2.684517514988,9.15));
#2641=DIRECTION('',(0.0,-0.999961923064171,0.00872653549837375));
#2642=DIRECTION('',(-1.0,0.0,0.0));
#2643=ORIENTED_EDGE('',*,*,#3406,.F.);
#2644=ORIENTED_EDGE('',*,*,#2989,.T.);
#2645=ORIENTED_EDGE('',*,*,#3405,.F.);
#2646=ORIENTED_EDGE('',*,*,#3407,.T.);
#2647=CARTESIAN_POINT('',(-9.030072822531,2.874974183168,-1.852004789933));
#2648=DIRECTION('',(0.704014724455977,0.0,0.710185375623277));
#2649=DIRECTION('',(0.0,-1.0,0.0));
#2650=ORIENTED_EDGE('',*,*,#3403,.F.);
#2651=ORIENTED_EDGE('',*,*,#3408,.T.);
#2652=ORIENTED_EDGE('',*,*,#3409,.T.);
#2653=ORIENTED_EDGE('',*,*,#3407,.F.);
#2654=CARTESIAN_POINT('',(-9.056163639469,2.587413656816,-1.977000030316));
#2655=DIRECTION('',(-1.0,0.0,0.0));
#2656=DIRECTION('',(0.0,0.0,1.0));
#2657=ORIENTED_EDGE('',*,*,#3406,.T.);
#2658=ORIENTED_EDGE('',*,*,#3409,.F.);
#2659=ORIENTED_EDGE('',*,*,#3410,.T.);
#2660=ORIENTED_EDGE('',*,*,#3411,.T.);
#2661=ORIENTED_EDGE('',*,*,#2990,.T.);
#2662=CARTESIAN_POINT('',(-14.81709321453,3.162534709521,0.02300000000005));
#2663=DIRECTION('',(-0.0,1.0,0.0));
#2664=DIRECTION('',(1.0,0.0,0.0));
#2665=ORIENTED_EDGE('',*,*,#3411,.F.);
#2666=ORIENTED_EDGE('',*,*,#3412,.T.);
#2667=ORIENTED_EDGE('',*,*,#3413,.T.);
#2668=ORIENTED_EDGE('',*,*,#2991,.T.);
#2669=CARTESIAN_POINT('',(-8.47509478547,3.162534709521,0.02300000000005));
#2670=DIRECTION('',(-1.0,0.0,0.0));
#2671=DIRECTION('',(0.0,0.0,1.0));
#2672=ORIENTED_EDGE('',*,*,#3413,.F.);
#2673=ORIENTED_EDGE('',*,*,#3414,.T.);
#2674=ORIENTED_EDGE('',*,*,#3415,.F.);
#2675=ORIENTED_EDGE('',*,*,#3416,.T.);
#2676=ORIENTED_EDGE('',*,*,#2992,.T.);
#2677=CARTESIAN_POINT('',(-8.47509478547,4.574370709521,0.02300000000005));
#2678=DIRECTION('',(0.0,-1.0,0.0));
#2679=DIRECTION('',(0.0,0.0,-1.0));
#2680=ORIENTED_EDGE('',*,*,#3417,.F.);
#2681=ORIENTED_EDGE('',*,*,#2993,.T.);
#2682=ORIENTED_EDGE('',*,*,#3416,.F.);
#2683=ORIENTED_EDGE('',*,*,#3418,.T.);
#2684=CARTESIAN_POINT('',(-9.030072822531,5.044982709521,-1.852004789933));
#2685=DIRECTION('',(0.704014724455977,0.0,0.710185375623277));
#2686=DIRECTION('',(0.0,-1.0,0.0));
#2687=ORIENTED_EDGE('',*,*,#3415,.T.);
#2688=ORIENTED_EDGE('',*,*,#3419,.T.);
#2689=ORIENTED_EDGE('',*,*,#3420,.T.);
#2690=ORIENTED_EDGE('',*,*,#3418,.F.);
#2691=CARTESIAN_POINT('',(-9.056163639469,2.587413656816,-1.977000030316));
#2692=DIRECTION('',(-1.0,0.0,0.0));
#2693=DIRECTION('',(0.0,0.0,1.0));
#2694=ORIENTED_EDGE('',*,*,#3421,.T.);
#2695=ORIENTED_EDGE('',*,*,#3422,.T.);
#2696=ORIENTED_EDGE('',*,*,#2994,.T.);
#2697=ORIENTED_EDGE('',*,*,#3417,.T.);
#2698=ORIENTED_EDGE('',*,*,#3420,.F.);
#2699=CARTESIAN_POINT('',(-10.06790506049,5.515594709521,0.02300000000005));
#2700=DIRECTION('',(-0.0,1.0,0.0));
#2701=DIRECTION('',(1.0,0.0,0.0));
#2702=ORIENTED_EDGE('',*,*,#3422,.F.);
#2703=ORIENTED_EDGE('',*,*,#3423,.T.);
#2704=ORIENTED_EDGE('',*,*,#3424,.T.);
#2705=ORIENTED_EDGE('',*,*,#2995,.T.);
#2706=CARTESIAN_POINT('',(-8.47509478547,5.515594709521,0.02300000000005));
#2707=DIRECTION('',(-1.0,0.0,0.0));
#2708=DIRECTION('',(0.0,0.0,1.0));
#2709=ORIENTED_EDGE('',*,*,#3424,.F.);
#2710=ORIENTED_EDGE('',*,*,#3425,.T.);
#2711=ORIENTED_EDGE('',*,*,#3426,.F.);
#2712=ORIENTED_EDGE('',*,*,#3427,.T.);
#2713=ORIENTED_EDGE('',*,*,#2996,.T.);
#2714=CARTESIAN_POINT('',(-8.47509478547,6.92743070952,0.02300000000005));
#2715=DIRECTION('',(0.0,-1.0,0.0));
#2716=DIRECTION('',(0.0,0.0,-1.0));
#2717=ORIENTED_EDGE('',*,*,#3372,.F.);
#2718=ORIENTED_EDGE('',*,*,#2997,.T.);
#2719=ORIENTED_EDGE('',*,*,#3427,.F.);
#2720=ORIENTED_EDGE('',*,*,#3428,.T.);
#2721=CARTESIAN_POINT('',(-9.030072822531,7.214991235873,-1.852004789933));
#2722=DIRECTION('',(0.704014724455977,0.0,0.710185375623277));
#2723=DIRECTION('',(0.0,-1.0,0.0));
#2724=ORIENTED_EDGE('',*,*,#3429,.T.);
#2725=ORIENTED_EDGE('',*,*,#3430,.T.);
#2726=ORIENTED_EDGE('',*,*,#3428,.F.);
#2727=ORIENTED_EDGE('',*,*,#3426,.T.);
#2728=CARTESIAN_POINT('',(-9.056163639469,2.587413656816,-1.977000030316));
#2729=DIRECTION('',(-1.0,0.0,0.0));
#2730=DIRECTION('',(0.0,0.0,1.0));
#2731=ORIENTED_EDGE('',*,*,#3430,.F.);
#2732=ORIENTED_EDGE('',*,*,#3431,.T.);
#2733=ORIENTED_EDGE('',*,*,#3377,.T.);
#2734=ORIENTED_EDGE('',*,*,#3373,.F.);
#2735=CARTESIAN_POINT('',(-9.056163639469,7.600370128351,-1.977000030316));
#2736=DIRECTION('',(0.0,-1.0,0.0));
#2737=DIRECTION('',(0.0,0.0,-1.0));
#2738=ORIENTED_EDGE('',*,*,#3421,.F.);
#2739=ORIENTED_EDGE('',*,*,#3419,.F.);
#2740=ORIENTED_EDGE('',*,*,#3414,.F.);
#2741=ORIENTED_EDGE('',*,*,#3412,.F.);
#2742=ORIENTED_EDGE('',*,*,#3410,.F.);
#2743=ORIENTED_EDGE('',*,*,#3408,.F.);
#2744=ORIENTED_EDGE('',*,*,#3402,.F.);
#2745=ORIENTED_EDGE('',*,*,#3432,.F.);
#2746=ORIENTED_EDGE('',*,*,#3395,.F.);
#2747=ORIENTED_EDGE('',*,*,#3393,.F.);
#2748=ORIENTED_EDGE('',*,*,#3391,.F.);
#2749=ORIENTED_EDGE('',*,*,#3387,.F.);
#2750=ORIENTED_EDGE('',*,*,#3385,.F.);
#2751=ORIENTED_EDGE('',*,*,#3382,.F.);
#2752=ORIENTED_EDGE('',*,*,#3380,.F.);
#2753=ORIENTED_EDGE('',*,*,#3378,.F.);
#2754=ORIENTED_EDGE('',*,*,#3431,.F.);
#2755=ORIENTED_EDGE('',*,*,#3429,.F.);
#2756=ORIENTED_EDGE('',*,*,#3425,.F.);
#2757=ORIENTED_EDGE('',*,*,#3423,.F.);
#2758=ORIENTED_EDGE('',*,*,#3433,.T.);
#2759=ORIENTED_EDGE('',*,*,#3434,.T.);
#2760=ORIENTED_EDGE('',*,*,#3435,.T.);
#2761=ORIENTED_EDGE('',*,*,#3436,.F.);
#2762=ORIENTED_EDGE('',*,*,#3437,.T.);
#2763=ORIENTED_EDGE('',*,*,#3438,.F.);
#2764=ORIENTED_EDGE('',*,*,#3439,.T.);
#2765=ORIENTED_EDGE('',*,*,#3440,.F.);
#2766=CARTESIAN_POINT('',(-11.84204168034,4.298664709521,9.123));
#2767=DIRECTION('',(0.0,0.0,-1.0));
#2768=DIRECTION('',(0.0,-1.0,0.0));
#2769=ORIENTED_EDGE('',*,*,#3398,.T.);
#2770=ORIENTED_EDGE('',*,*,#3396,.T.);
#2771=ORIENTED_EDGE('',*,*,#3432,.T.);
#2772=ORIENTED_EDGE('',*,*,#3401,.T.);
#2773=CARTESIAN_POINT('',(-14.23602436053,7.500370128351,-1.977000030316));
#2774=DIRECTION('',(1.0,0.0,0.0));
#2775=DIRECTION('',(0.0,1.0,0.0));
#2776=ORIENTED_EDGE('',*,*,#3440,.T.);
#2777=ORIENTED_EDGE('',*,*,#3441,.F.);
#2778=ORIENTED_EDGE('',*,*,#3442,.F.);
#2779=ORIENTED_EDGE('',*,*,#3443,.F.);
#2780=CARTESIAN_POINT('',(-11.084094,-0.06419529047989,22.71500003286));
#2781=DIRECTION('',(1.0,0.0,0.0));
#2782=DIRECTION('',(0.0,1.0,0.0));
#2783=ORIENTED_EDGE('',*,*,#3444,.T.);
#2784=ORIENTED_EDGE('',*,*,#3445,.T.);
#2785=ORIENTED_EDGE('',*,*,#3446,.T.);
#2786=ORIENTED_EDGE('',*,*,#3433,.F.);
#2787=ORIENTED_EDGE('',*,*,#3443,.T.);
#2788=CARTESIAN_POINT('',(-11.164094,5.716422709521,0.0));
#2789=DIRECTION('',(0.0,0.0,-1.0));
#2790=DIRECTION('',(1.0,0.0,0.0));
#2791=ORIENTED_EDGE('',*,*,#3447,.F.);
#2792=ORIENTED_EDGE('',*,*,#3434,.F.);
#2793=ORIENTED_EDGE('',*,*,#3446,.F.);
#2794=ORIENTED_EDGE('',*,*,#3448,.F.);
#2795=CARTESIAN_POINT('',(-11.52335750103,5.796422709521,21.77134859584));
#2796=DIRECTION('',(-0.0,1.0,0.0));
#2797=DIRECTION('',(1.0,0.0,0.0));
#2798=ORIENTED_EDGE('',*,*,#3445,.F.);
#2799=ORIENTED_EDGE('',*,*,#3449,.F.);
#2800=ORIENTED_EDGE('',*,*,#3450,.F.);
#2801=ORIENTED_EDGE('',*,*,#3451,.F.);
#2802=ORIENTED_EDGE('',*,*,#3452,.F.);
#2803=ORIENTED_EDGE('',*,*,#3448,.T.);
#2804=CARTESIAN_POINT('',(-11.646094,5.596422709521,2.449287748137));
#2805=DIRECTION('',(0.0,0.707106781186548,-0.707106781186548));
#2806=DIRECTION('',(-1.0,0.0,0.0));
#2807=ORIENTED_EDGE('',*,*,#3435,.F.);
#2808=ORIENTED_EDGE('',*,*,#3447,.T.);
#2809=ORIENTED_EDGE('',*,*,#3452,.T.);
#2810=ORIENTED_EDGE('',*,*,#3453,.T.);
#2811=ORIENTED_EDGE('',*,*,#3454,.T.);
#2812=CARTESIAN_POINT('',(-12.128094,5.716422709521,0.0));
#2813=DIRECTION('',(0.0,0.0,1.0));
#2814=DIRECTION('',(-1.0,0.0,0.0));
#2815=ORIENTED_EDGE('',*,*,#3455,.F.);
#2816=ORIENTED_EDGE('',*,*,#3456,.F.);
#2817=ORIENTED_EDGE('',*,*,#3436,.T.);
#2818=ORIENTED_EDGE('',*,*,#3454,.F.);
#2819=CARTESIAN_POINT('',(-12.208094,-0.06419529047989,21.64100003286));
#2820=DIRECTION('',(-1.0,0.0,0.0));
#2821=DIRECTION('',(0.0,0.0,1.0));
#2822=ORIENTED_EDGE('',*,*,#3457,.T.);
#2823=ORIENTED_EDGE('',*,*,#3458,.T.);
#2824=ORIENTED_EDGE('',*,*,#3459,.T.);
#2825=ORIENTED_EDGE('',*,*,#3437,.F.);
#2826=ORIENTED_EDGE('',*,*,#3456,.T.);
#2827=CARTESIAN_POINT('',(-12.128094,4.752422709521,0.0));
#2828=DIRECTION('',(0.0,0.0,-1.0));
#2829=DIRECTION('',(1.0,0.0,0.0));
#2830=ORIENTED_EDGE('',*,*,#3460,.F.);
#2831=ORIENTED_EDGE('',*,*,#3438,.T.);
#2832=ORIENTED_EDGE('',*,*,#3459,.F.);
#2833=ORIENTED_EDGE('',*,*,#3461,.F.);
#2834=CARTESIAN_POINT('',(-11.061094,4.672422709521,20.83100003286));
#2835=DIRECTION('',(0.0,-1.0,0.0));
#2836=DIRECTION('',(0.0,0.0,-1.0));
#2837=ORIENTED_EDGE('',*,*,#3458,.F.);
#2838=ORIENTED_EDGE('',*,*,#3462,.F.);
#2839=ORIENTED_EDGE('',*,*,#3463,.F.);
#2840=ORIENTED_EDGE('',*,*,#3464,.F.);
#2841=ORIENTED_EDGE('',*,*,#3465,.F.);
#2842=ORIENTED_EDGE('',*,*,#3461,.T.);
#2843=CARTESIAN_POINT('',(-11.646094,4.872422709521,2.449287748137));
#2844=DIRECTION('',(0.0,-0.707106781186548,-0.707106781186548));
#2845=DIRECTION('',(0.0,-0.707106781186548,0.707106781186548));
#2846=ORIENTED_EDGE('',*,*,#3439,.F.);
#2847=ORIENTED_EDGE('',*,*,#3460,.T.);
#2848=ORIENTED_EDGE('',*,*,#3465,.T.);
#2849=ORIENTED_EDGE('',*,*,#3466,.T.);
#2850=ORIENTED_EDGE('',*,*,#3441,.T.);
#2851=CARTESIAN_POINT('',(-11.164094,4.752422709521,0.0));
#2852=DIRECTION('',(0.0,0.0,1.0));
#2853=DIRECTION('',(-1.0,0.0,0.0));
#2854=ORIENTED_EDGE('',*,*,#3466,.F.);
#2855=ORIENTED_EDGE('',*,*,#3464,.T.);
#2856=ORIENTED_EDGE('',*,*,#3467,.F.);
#2857=ORIENTED_EDGE('',*,*,#3449,.T.);
#2858=ORIENTED_EDGE('',*,*,#3444,.F.);
#2859=ORIENTED_EDGE('',*,*,#3442,.T.);
#2860=CARTESIAN_POINT('',(-11.284094,5.259422709521,2.449287748137));
#2861=DIRECTION('',(0.707106781186548,0.0,-0.707106781186548));
#2862=DIRECTION('',(0.0,-1.0,0.0));
#2863=ORIENTED_EDGE('',*,*,#3450,.T.);
#2864=ORIENTED_EDGE('',*,*,#3467,.T.);
#2865=ORIENTED_EDGE('',*,*,#3463,.T.);
#2866=ORIENTED_EDGE('',*,*,#3468,.T.);
#2867=CARTESIAN_POINT('',(-11.31340474478,4.064584155575,2.249287748137));
#2868=DIRECTION('',(0.0,0.0,-1.0));
#2869=DIRECTION('',(0.0,-1.0,0.0));
#2870=ORIENTED_EDGE('',*,*,#3457,.F.);
#2871=ORIENTED_EDGE('',*,*,#3455,.T.);
#2872=ORIENTED_EDGE('',*,*,#3453,.F.);
#2873=ORIENTED_EDGE('',*,*,#3451,.T.);
#2874=ORIENTED_EDGE('',*,*,#3468,.F.);
#2875=ORIENTED_EDGE('',*,*,#3462,.T.);
#2876=CARTESIAN_POINT('',(-12.008094,5.259422709521,2.449287748137));
#2877=DIRECTION('',(-0.707106781186548,0.0,-0.707106781186548));
#2878=DIRECTION('',(-0.707106781186548,0.0,0.707106781186548));
#2879=ORIENTED_EDGE('',*,*,#3469,.T.);
#2880=ORIENTED_EDGE('',*,*,#3470,.T.);
#2881=ORIENTED_EDGE('',*,*,#2935,.T.);
#2882=ORIENTED_EDGE('',*,*,#2942,.F.);
#2883=CARTESIAN_POINT('',(-12.796094,10.25084400492,1.22504888108));
#2884=DIRECTION('',(1.0,0.0,0.0));
#2885=DIRECTION('',(0.0,1.0,0.0));
#2886=ORIENTED_EDGE('',*,*,#3471,.F.);
#2887=ORIENTED_EDGE('',*,*,#2938,.F.);
#2888=ORIENTED_EDGE('',*,*,#2936,.T.);
#2889=ORIENTED_EDGE('',*,*,#3470,.F.);
#2890=CARTESIAN_POINT('',(-19.046094,10.25084400492,1.19548409862));
#2891=DIRECTION('',(-0.0,1.0,0.0));
#2892=DIRECTION('',(1.0,0.0,0.0));
#2893=ORIENTED_EDGE('',*,*,#2941,.F.);
#2894=ORIENTED_EDGE('',*,*,#2939,.T.);
#2895=ORIENTED_EDGE('',*,*,#3471,.T.);
#2896=ORIENTED_EDGE('',*,*,#3469,.F.);
#2897=CARTESIAN_POINT('',(-10.496094,10.25084400492,1.22504888108));
#2898=DIRECTION('',(0.0,0.0,-1.0));
#2899=DIRECTION('',(0.0,-1.0,0.0));
#2900=AXIS2_PLACEMENT_3D('',#3472,#3473,#3474);
#2901=AXIS2_PLACEMENT_3D('',#3475,#3476,#3477);
#2902=AXIS2_PLACEMENT_3D('',#3478,#3479,#3480);
#2903=AXIS2_PLACEMENT_3D('',#3481,#3482,#3483);
#2904=AXIS2_PLACEMENT_3D('',#3484,#3485,#3486);
#2905=AXIS2_PLACEMENT_3D('',#3487,#3488,#3489);
#2906=EDGE_CURVE('',#3490,#3491,#3492,.T.);
#2907=EDGE_CURVE('',#3493,#3490,#3494,.T.);
#2908=EDGE_CURVE('',#3493,#3495,#3496,.T.);
#2909=EDGE_CURVE('',#3491,#3495,#3497,.T.);
#2910=EDGE_CURVE('',#3498,#3499,#3500,.T.);
#2911=EDGE_CURVE('',#3499,#3501,#3502,.T.);
#2912=EDGE_CURVE('',#3501,#3503,#3504,.T.);
#2913=EDGE_CURVE('',#3498,#3503,#3505,.T.);
#2914=EDGE_CURVE('',#3490,#3506,#3507,.T.);
#2915=EDGE_CURVE('',#3490,#3508,#3509,.T.);
#2916=EDGE_CURVE('',#3508,#3510,#3511,.T.);
#2917=EDGE_CURVE('',#3510,#3512,#3513,.T.);
#2918=EDGE_CURVE('',#3514,#3512,#3515,.T.);
#2919=EDGE_CURVE('',#3506,#3514,#3516,.T.);
#2920=EDGE_CURVE('',#3517,#3518,#3519,.T.);
#2921=EDGE_CURVE('',#3520,#3518,#3521,.T.);
#2922=EDGE_CURVE('',#3520,#3522,#3523,.T.);
#2923=EDGE_CURVE('',#3517,#3522,#3524,.T.);
#2924=EDGE_CURVE('',#3525,#3526,#3527,.T.);
#2925=EDGE_CURVE('',#3528,#3525,#3529,.T.);
#2926=EDGE_CURVE('',#3530,#3528,#3531,.T.);
#2927=EDGE_CURVE('',#3526,#3530,#3532,.T.);
#2928=EDGE_CURVE('',#3533,#3526,#3534,.T.);
#2929=EDGE_CURVE('',#3535,#3533,#3536,.T.);
#2930=EDGE_CURVE('',#3537,#3535,#3538,.T.);
#2931=EDGE_CURVE('',#3539,#3537,#3540,.T.);
#2932=EDGE_CURVE('',#3539,#3541,#3542,.T.);
#2933=EDGE_CURVE('',#3541,#3526,#3543,.T.);
#2934=EDGE_CURVE('',#3544,#3545,#3546,.T.);
#2935=EDGE_CURVE('',#3547,#3545,#3548,.T.);
#2936=EDGE_CURVE('',#3549,#3547,#3550,.T.);
#2937=EDGE_CURVE('',#3544,#3549,#3551,.T.);
#2938=EDGE_CURVE('',#3549,#3552,#3553,.T.);
#2939=EDGE_CURVE('',#3554,#3552,#3555,.T.);
#2940=EDGE_CURVE('',#3544,#3554,#3556,.T.);
#2941=EDGE_CURVE('',#3554,#3557,#3558,.T.);
#2942=EDGE_CURVE('',#3557,#3545,#3559,.T.);
#2943=EDGE_CURVE('',#3560,#3545,#3561,.T.);
#2944=EDGE_CURVE('',#3562,#3560,#3563,.T.);
#2945=EDGE_CURVE('',#3562,#3564,#3565,.T.);
#2946=EDGE_CURVE('',#3566,#3564,#3567,.T.);
#2947=EDGE_CURVE('',#3544,#3566,#3568,.T.);
#2948=EDGE_CURVE('',#3566,#3569,#3570,.T.);
#2949=EDGE_CURVE('',#3571,#3569,#3572,.T.);
#2950=EDGE_CURVE('',#3571,#3573,#3574,.T.);
#2951=EDGE_CURVE('',#3573,#3575,#3576,.T.);
#2952=EDGE_CURVE('',#3575,#3577,#3578,.T.);
#2953=EDGE_CURVE('',#3579,#3577,#3580,.T.);
#2954=EDGE_CURVE('',#3579,#3560,#3581,.T.);
#2955=EDGE_CURVE('',#3582,#3583,#3584,.T.);
#2956=EDGE_CURVE('',#3585,#3583,#3586,.T.);
#2957=EDGE_CURVE('',#3585,#3587,#3588,.T.);
#2958=EDGE_CURVE('',#3589,#3587,#3590,.T.);
#2959=EDGE_CURVE('',#3589,#3591,#3592,.T.);
#2960=EDGE_CURVE('',#3593,#3591,#3594,.T.);
#2961=EDGE_CURVE('',#3595,#3593,#3596,.T.);
#2962=EDGE_CURVE('',#3597,#3595,#3598,.T.);
#2963=EDGE_CURVE('',#3599,#3597,#3600,.T.);
#2964=EDGE_CURVE('',#3601,#3599,#3602,.T.);
#2965=EDGE_CURVE('',#3603,#3601,#3604,.T.);
#2966=EDGE_CURVE('',#3605,#3603,#3606,.T.);
#2967=EDGE_CURVE('',#3605,#3607,#3608,.T.);
#2968=EDGE_CURVE('',#3609,#3607,#3610,.T.);
#2969=EDGE_CURVE('',#3611,#3609,#3612,.T.);
#2970=EDGE_CURVE('',#3613,#3611,#3614,.T.);
#2971=EDGE_CURVE('',#3613,#3615,#3616,.T.);
#2972=EDGE_CURVE('',#3615,#3617,#3618,.T.);
#2973=EDGE_CURVE('',#3617,#3619,#3620,.T.);
#2974=EDGE_CURVE('',#3619,#3621,#3622,.T.);
#2975=EDGE_CURVE('',#3623,#3621,#3624,.T.);
#2976=EDGE_CURVE('',#3623,#3582,#3625,.T.);
#2977=EDGE_CURVE('',#3626,#3627,#3628,.T.);
#2978=EDGE_CURVE('',#3626,#3629,#3630,.T.);
#2979=EDGE_CURVE('',#3631,#3629,#3632,.T.);
#2980=EDGE_CURVE('',#3633,#3631,#3634,.T.);
#2981=EDGE_CURVE('',#3635,#3633,#3636,.T.);
#2982=EDGE_CURVE('',#3635,#3637,#3638,.T.);
#2983=EDGE_CURVE('',#3639,#3637,#3640,.T.);
#2984=EDGE_CURVE('',#3641,#3639,#3642,.T.);
#2985=EDGE_CURVE('',#3643,#3641,#3644,.T.);
#2986=EDGE_CURVE('',#3645,#3643,#3646,.T.);
#2987=EDGE_CURVE('',#3647,#3645,#3648,.T.);
#2988=EDGE_CURVE('',#3649,#3647,#3650,.T.);
#2989=EDGE_CURVE('',#3651,#3649,#3652,.T.);
#2990=EDGE_CURVE('',#3653,#3651,#3654,.T.);
#2991=EDGE_CURVE('',#3655,#3653,#3656,.T.);
#2992=EDGE_CURVE('',#3657,#3655,#3658,.T.);
#2993=EDGE_CURVE('',#3659,#3657,#3660,.T.);
#2994=EDGE_CURVE('',#3661,#3659,#3662,.T.);
#2995=EDGE_CURVE('',#3663,#3661,#3664,.T.);
#2996=EDGE_CURVE('',#3665,#3663,#3666,.T.);
#2997=EDGE_CURVE('',#3667,#3665,#3668,.T.);
#2998=EDGE_CURVE('',#3667,#3627,#3669,.T.);
#2999=EDGE_CURVE('',#3562,#3670,#3671,.T.);
#3000=EDGE_CURVE('',#3579,#3670,#3672,.T.);
#3001=EDGE_CURVE('',#3673,#3577,#3674,.T.);
#3002=EDGE_CURVE('',#3670,#3673,#3675,.T.);
#3003=EDGE_CURVE('',#3676,#3677,#3678,.T.);
#3004=EDGE_CURVE('',#3679,#3676,#3680,.T.);
#3005=EDGE_CURVE('',#3681,#3679,#3682,.T.);
#3006=EDGE_CURVE('',#3677,#3681,#3683,.T.);
#3007=EDGE_CURVE('',#3684,#3685,#3686,.T.);
#3008=EDGE_CURVE('',#3687,#3685,#3688,.T.);
#3009=EDGE_CURVE('',#3687,#3564,#3689,.T.);
#3010=EDGE_CURVE('',#3673,#3690,#3691,.T.);
#3011=EDGE_CURVE('',#3690,#3684,#3692,.T.);
#3012=EDGE_CURVE('',#3693,#3694,#3695,.T.);
#3013=EDGE_CURVE('',#3696,#3694,#3697,.T.);
#3014=EDGE_CURVE('',#3696,#3698,#3699,.T.);
#3015=EDGE_CURVE('',#3700,#3698,#3701,.T.);
#3016=EDGE_CURVE('',#3700,#3702,#3703,.T.);
#3017=EDGE_CURVE('',#3704,#3702,#3705,.T.);
#3018=EDGE_CURVE('',#3704,#3706,#3707,.T.);
#3019=EDGE_CURVE('',#3693,#3706,#3708,.T.);
#3020=EDGE_CURVE('',#3709,#3710,#3711,.T.);
#3021=EDGE_CURVE('',#3712,#3710,#3713,.T.);
#3022=EDGE_CURVE('',#3714,#3712,#3715,.T.);
#3023=EDGE_CURVE('',#3716,#3714,#3717,.T.);
#3024=EDGE_CURVE('',#3716,#3718,#3719,.T.);
#3025=EDGE_CURVE('',#3720,#3718,#3721,.T.);
#3026=EDGE_CURVE('',#3720,#3722,#3723,.T.);
#3027=EDGE_CURVE('',#3709,#3722,#3724,.T.);
#3028=EDGE_CURVE('',#3725,#3690,#3726,.T.);
#3029=EDGE_CURVE('',#3725,#3727,#3728,.T.);
#3030=EDGE_CURVE('',#3729,#3727,#3730,.T.);
#3031=EDGE_CURVE('',#3731,#3729,#3732,.T.);
#3032=EDGE_CURVE('',#3575,#3731,#3733,.T.);
#3033=EDGE_CURVE('',#3734,#3573,#3735,.T.);
#3034=EDGE_CURVE('',#3736,#3734,#3737,.T.);
#3035=EDGE_CURVE('',#3738,#3736,#3739,.T.);
#3036=EDGE_CURVE('',#3738,#3740,#3741,.T.);
#3037=EDGE_CURVE('',#3684,#3740,#3742,.T.);
#3038=EDGE_CURVE('',#3743,#3744,#3745,.T.);
#3039=EDGE_CURVE('',#3744,#3746,#3747,.T.);
#3040=EDGE_CURVE('',#3746,#3748,#3749,.T.);
#3041=EDGE_CURVE('',#3748,#3750,#3751,.T.);
#3042=EDGE_CURVE('',#3750,#3752,#3753,.T.);
#3043=EDGE_CURVE('',#3754,#3752,#3755,.T.);
#3044=EDGE_CURVE('',#3754,#3756,#3757,.T.);
#3045=EDGE_CURVE('',#3758,#3756,#3759,.T.);
#3046=EDGE_CURVE('',#3758,#3528,#3760,.T.);
#3047=EDGE_CURVE('',#3525,#3761,#3762,.T.);
#3048=EDGE_CURVE('',#3761,#3763,#3764,.T.);
#3049=EDGE_CURVE('',#3765,#3763,#3766,.T.);
#3050=EDGE_CURVE('',#3765,#3767,#3768,.T.);
#3051=EDGE_CURVE('',#3767,#3769,#3770,.T.);
#3052=EDGE_CURVE('',#3769,#3771,#3772,.T.);
#3053=EDGE_CURVE('',#3771,#3520,#3773,.T.);
#3054=EDGE_CURVE('',#3774,#3518,#3775,.T.);
#3055=EDGE_CURVE('',#3774,#3776,#3777,.T.);
#3056=EDGE_CURVE('',#3776,#3778,#3779,.T.);
#3057=EDGE_CURVE('',#3778,#3780,#3781,.T.);
#3058=EDGE_CURVE('',#3780,#3491,#3782,.T.);
#3059=EDGE_CURVE('',#3495,#3783,#3784,.T.);
#3060=EDGE_CURVE('',#3743,#3783,#3785,.T.);
#3061=EDGE_CURVE('',#3740,#3734,#3786,.T.);
#3062=EDGE_CURVE('',#3571,#3685,#3787,.T.);
#3063=EDGE_CURVE('',#3687,#3569,#3788,.T.);
#3064=EDGE_CURVE('',#3734,#3789,#3790,.T.);
#3065=EDGE_CURVE('',#3791,#3740,#3792,.T.);
#3066=EDGE_CURVE('',#3789,#3791,#3793,.T.);
#3067=EDGE_CURVE('',#3789,#3794,#3795,.T.);
#3068=EDGE_CURVE('',#3796,#3791,#3797,.T.);
#3069=EDGE_CURVE('',#3794,#3796,#3798,.T.);
#3070=EDGE_CURVE('',#3794,#3736,#3799,.T.);
#3071=EDGE_CURVE('',#3738,#3796,#3800,.T.);
#3072=EDGE_CURVE('',#3731,#3725,#3801,.T.);
#3073=EDGE_CURVE('',#3802,#3731,#3803,.T.);
#3074=EDGE_CURVE('',#3802,#3804,#3805,.T.);
#3075=EDGE_CURVE('',#3804,#3725,#3806,.T.);
#3076=EDGE_CURVE('',#3727,#3807,#3808,.T.);
#3077=EDGE_CURVE('',#3807,#3804,#3809,.T.);
#3078=EDGE_CURVE('',#3810,#3802,#3811,.T.);
#3079=EDGE_CURVE('',#3810,#3807,#3812,.T.);
#3080=EDGE_CURVE('',#3729,#3810,#3813,.T.);
#3081=EDGE_CURVE('',#3814,#3783,#3815,.T.);
#3082=EDGE_CURVE('',#3814,#3816,#3817,.T.);
#3083=EDGE_CURVE('',#3743,#3816,#3818,.T.);
#3084=EDGE_CURVE('',#3816,#3819,#3820,.T.);
#3085=EDGE_CURVE('',#3821,#3819,#3822,.T.);
#3086=EDGE_CURVE('',#3821,#3823,#3824,.T.);
#3087=EDGE_CURVE('',#3823,#3744,#3825,.T.);
#3088=EDGE_CURVE('',#3826,#3823,#3827,.T.);
#3089=EDGE_CURVE('',#3746,#3826,#3828,.T.);
#3090=EDGE_CURVE('',#3829,#3826,#3830,.T.);
#3091=EDGE_CURVE('',#3829,#3748,#3831,.T.);
#3092=EDGE_CURVE('',#3503,#3829,#3832,.T.);
#3093=EDGE_CURVE('',#3750,#3501,#3833,.T.);
#3094=EDGE_CURVE('',#3499,#3752,#3834,.T.);
#3095=EDGE_CURVE('',#3498,#3835,#3836,.T.);
#3096=EDGE_CURVE('',#3754,#3835,#3837,.T.);
#3097=EDGE_CURVE('',#3835,#3838,#3839,.T.);
#3098=EDGE_CURVE('',#3840,#3838,#3841,.T.);
#3099=EDGE_CURVE('',#3840,#3842,#3843,.T.);
#3100=EDGE_CURVE('',#3842,#3756,#3844,.T.);
#3101=EDGE_CURVE('',#3758,#3845,#3846,.T.);
#3102=EDGE_CURVE('',#3842,#3845,#3847,.T.);
#3103=EDGE_CURVE('',#3530,#3845,#3848,.T.);
#3104=EDGE_CURVE('',#3533,#3840,#3849,.T.);
#3105=EDGE_CURVE('',#3541,#3761,#3850,.T.);
#3106=EDGE_CURVE('',#3539,#3763,#3851,.T.);
#3107=EDGE_CURVE('',#3765,#3537,#3852,.T.);
#3108=EDGE_CURVE('',#3853,#3535,#3854,.T.);
#3109=EDGE_CURVE('',#3853,#3855,#3856,.T.);
#3110=EDGE_CURVE('',#3855,#3767,#3857,.T.);
#3111=EDGE_CURVE('',#3858,#3855,#3859,.T.);
#3112=EDGE_CURVE('',#3860,#3858,#3861,.T.);
#3113=EDGE_CURVE('',#3769,#3860,#3862,.T.);
#3114=EDGE_CURVE('',#3863,#3860,#3864,.T.);
#3115=EDGE_CURVE('',#3771,#3863,#3865,.T.);
#3116=EDGE_CURVE('',#3866,#3863,#3867,.T.);
#3117=EDGE_CURVE('',#3522,#3866,#3868,.T.);
#3118=EDGE_CURVE('',#3517,#3869,#3870,.T.);
#3119=EDGE_CURVE('',#3774,#3869,#3871,.T.);
#3120=EDGE_CURVE('',#3869,#3872,#3873,.T.);
#3121=EDGE_CURVE('',#3514,#3872,#3874,.T.);
#3122=EDGE_CURVE('',#3512,#3776,#3875,.T.);
#3123=EDGE_CURVE('',#3778,#3510,#3876,.T.);
#3124=EDGE_CURVE('',#3508,#3780,#3877,.T.);
#3125=EDGE_CURVE('',#3819,#3506,#3878,.T.);
#3126=EDGE_CURVE('',#3814,#3493,#3879,.T.);
#3127=EDGE_CURVE('',#3838,#3821,#3880,.T.);
#3128=EDGE_CURVE('',#3872,#3853,#3881,.T.);
#3129=EDGE_CURVE('',#3858,#3866,#3882,.T.);
#3130=EDGE_CURVE('',#3883,#3884,#3885,.T.);
#3131=EDGE_CURVE('',#3693,#3883,#3886,.T.);
#3132=EDGE_CURVE('',#3884,#3706,#3887,.T.);
#3133=EDGE_CURVE('',#3704,#3888,#3889,.T.);
#3134=EDGE_CURVE('',#3884,#3888,#3890,.T.);
#3135=EDGE_CURVE('',#3891,#3888,#3892,.T.);
#3136=EDGE_CURVE('',#3891,#3893,#3894,.T.);
#3137=EDGE_CURVE('',#3893,#3884,#3895,.T.);
#3138=EDGE_CURVE('',#3893,#3896,#3897,.T.);
#3139=EDGE_CURVE('',#3883,#3896,#3898,.T.);
#3140=EDGE_CURVE('',#3896,#3899,#3900,.T.);
#3141=EDGE_CURVE('',#3901,#3899,#3902,.T.);
#3142=EDGE_CURVE('',#3901,#3883,#3903,.T.);
#3143=EDGE_CURVE('',#3901,#3694,#3904,.T.);
#3144=EDGE_CURVE('',#3905,#3906,#3907,.T.);
#3145=EDGE_CURVE('',#3908,#3905,#3909,.T.);
#3146=EDGE_CURVE('',#3908,#3910,#3911,.T.);
#3147=EDGE_CURVE('',#3696,#3910,#3912,.T.);
#3148=EDGE_CURVE('',#3906,#3899,#3913,.T.);
#3149=EDGE_CURVE('',#3914,#3915,#3916,.T.);
#3150=EDGE_CURVE('',#3915,#3906,#3917,.T.);
#3151=EDGE_CURVE('',#3896,#3914,#3918,.T.);
#3152=EDGE_CURVE('',#3919,#3893,#3920,.T.);
#3153=EDGE_CURVE('',#3919,#3914,#3921,.T.);
#3154=EDGE_CURVE('',#3922,#3923,#3924,.T.);
#3155=EDGE_CURVE('',#3915,#3923,#3925,.T.);
#3156=EDGE_CURVE('',#3926,#3919,#3927,.T.);
#3157=EDGE_CURVE('',#3922,#3926,#3928,.T.);
#3158=EDGE_CURVE('',#3929,#3930,#3931,.T.);
#3159=EDGE_CURVE('',#3929,#3932,#3933,.T.);
#3160=EDGE_CURVE('',#3932,#3922,#3934,.T.);
#3161=EDGE_CURVE('',#3935,#3926,#3936,.T.);
#3162=EDGE_CURVE('',#3930,#3935,#3937,.T.);
#3163=EDGE_CURVE('',#3938,#3702,#3939,.T.);
#3164=EDGE_CURVE('',#3938,#3940,#3941,.T.);
#3165=EDGE_CURVE('',#3930,#3940,#3942,.T.);
#3166=EDGE_CURVE('',#3891,#3935,#3943,.T.);
#3167=EDGE_CURVE('',#3944,#3940,#3945,.T.);
#3168=EDGE_CURVE('',#3944,#3946,#3947,.T.);
#3169=EDGE_CURVE('',#3946,#3929,#3948,.T.);
#3170=EDGE_CURVE('',#3949,#3946,#3950,.T.);
#3171=EDGE_CURVE('',#3951,#3949,#3952,.T.);
#3172=EDGE_CURVE('',#3953,#3951,#3954,.T.);
#3173=EDGE_CURVE('',#3953,#3932,#3955,.T.);
#3174=EDGE_CURVE('',#3953,#3923,#3956,.T.);
#3175=EDGE_CURVE('',#3905,#3951,#3957,.T.);
#3176=EDGE_CURVE('',#3949,#3958,#3959,.T.);
#3177=EDGE_CURVE('',#3908,#3958,#3960,.T.);
#3178=EDGE_CURVE('',#3961,#3910,#3962,.T.);
#3179=EDGE_CURVE('',#3958,#3961,#3963,.T.);
#3180=EDGE_CURVE('',#3958,#3944,#3964,.T.);
#3181=EDGE_CURVE('',#3965,#3944,#3966,.T.);
#3182=EDGE_CURVE('',#3965,#3961,#3967,.T.);
#3183=EDGE_CURVE('',#3961,#3698,#3968,.T.);
#3184=EDGE_CURVE('',#3700,#3965,#3969,.T.);
#3185=EDGE_CURVE('',#3938,#3965,#3970,.T.);
#3186=EDGE_CURVE('',#3971,#3722,#3972,.T.);
#3187=EDGE_CURVE('',#3971,#3973,#3974,.T.);
#3188=EDGE_CURVE('',#3709,#3973,#3975,.T.);
#3189=EDGE_CURVE('',#3973,#3976,#3977,.T.);
#3190=EDGE_CURVE('',#3710,#3976,#3978,.T.);
#3191=EDGE_CURVE('',#3979,#3976,#3980,.T.);
#3192=EDGE_CURVE('',#3979,#3981,#3982,.T.);
#3193=EDGE_CURVE('',#3983,#3981,#3984,.T.);
#3194=EDGE_CURVE('',#3983,#3712,#3985,.T.);
#3195=EDGE_CURVE('',#3983,#3986,#3987,.T.);
#3196=EDGE_CURVE('',#3986,#3714,#3988,.T.);
#3197=EDGE_CURVE('',#3986,#3989,#3990,.T.);
#3198=EDGE_CURVE('',#3716,#3989,#3991,.T.);
#3199=EDGE_CURVE('',#3989,#3992,#3993,.T.);
#3200=EDGE_CURVE('',#3718,#3992,#3994,.T.);
#3201=EDGE_CURVE('',#3995,#3992,#3996,.T.);
#3202=EDGE_CURVE('',#3995,#3997,#3998,.T.);
#3203=EDGE_CURVE('',#3999,#3997,#4000,.T.);
#3204=EDGE_CURVE('',#3999,#3720,#4001,.T.);
#3205=EDGE_CURVE('',#3999,#3971,#4002,.T.);
#3206=EDGE_CURVE('',#3997,#4003,#4004,.T.);
#3207=EDGE_CURVE('',#4003,#4005,#4006,.T.);
#3208=EDGE_CURVE('',#4005,#3971,#4007,.T.);
#3209=EDGE_CURVE('',#3973,#4008,#4009,.T.);
#3210=EDGE_CURVE('',#4008,#4005,#4010,.T.);
#3211=EDGE_CURVE('',#4011,#4003,#4012,.T.);
#3212=EDGE_CURVE('',#4013,#4011,#4014,.T.);
#3213=EDGE_CURVE('',#4015,#4013,#4016,.T.);
#3214=EDGE_CURVE('',#4008,#4015,#4017,.T.);
#3215=EDGE_CURVE('',#4015,#3979,#4018,.T.);
#3216=EDGE_CURVE('',#3981,#4019,#4020,.T.);
#3217=EDGE_CURVE('',#4013,#4021,#4022,.T.);
#3218=EDGE_CURVE('',#4021,#4019,#4023,.T.);
#3219=EDGE_CURVE('',#4024,#4025,#4026,.T.);
#3220=EDGE_CURVE('',#4027,#4024,#4028,.T.);
#3221=EDGE_CURVE('',#4029,#4027,#4030,.T.);
#3222=EDGE_CURVE('',#4019,#4029,#4031,.T.);
#3223=EDGE_CURVE('',#4021,#4025,#4032,.T.);
#3224=EDGE_CURVE('',#4025,#4011,#4033,.T.);
#3225=EDGE_CURVE('',#4024,#3995,#4034,.T.);
#3226=EDGE_CURVE('',#3989,#4027,#4035,.T.);
#3227=EDGE_CURVE('',#4029,#3986,#4036,.T.);
#3228=EDGE_CURVE('',#3681,#4037,#4038,.T.);
#3229=EDGE_CURVE('',#4039,#4037,#4040,.T.);
#3230=EDGE_CURVE('',#3677,#4039,#4041,.T.);
#3231=EDGE_CURVE('',#4042,#4039,#4043,.T.);
#3232=EDGE_CURVE('',#3676,#4042,#4044,.T.);
#3233=EDGE_CURVE('',#4045,#4042,#4046,.T.);
#3234=EDGE_CURVE('',#3679,#4045,#4047,.T.);
#3235=EDGE_CURVE('',#4037,#4045,#4048,.T.);
#3236=EDGE_CURVE('',#4049,#4050,#4051,.T.);
#3237=EDGE_CURVE('',#4052,#4049,#4053,.T.);
#3238=EDGE_CURVE('',#4052,#4054,#4055,.T.);
#3239=EDGE_CURVE('',#4054,#4056,#4057,.T.);
#3240=EDGE_CURVE('',#4056,#4058,#4059,.T.);
#3241=EDGE_CURVE('',#4058,#4060,#4061,.T.);
#3242=EDGE_CURVE('',#4060,#4062,#4063,.T.);
#3243=EDGE_CURVE('',#4062,#4064,#4065,.T.);
#3244=EDGE_CURVE('',#4066,#4064,#4067,.T.);
#3245=EDGE_CURVE('',#4068,#4066,#4069,.T.);
#3246=EDGE_CURVE('',#4070,#4068,#4071,.T.);
#3247=EDGE_CURVE('',#4072,#4070,#4073,.T.);
#3248=EDGE_CURVE('',#4050,#4072,#4074,.T.);
#3249=EDGE_CURVE('',#4075,#4076,#4077,.T.);
#3250=EDGE_CURVE('',#4076,#4050,#4078,.T.);
#3251=EDGE_CURVE('',#4075,#4072,#4079,.T.);
#3252=EDGE_CURVE('',#4080,#4075,#4081,.T.);
#3253=EDGE_CURVE('',#4080,#4070,#4082,.T.);
#3254=EDGE_CURVE('',#4083,#4080,#4084,.T.);
#3255=EDGE_CURVE('',#4083,#4068,#4085,.T.);
#3256=EDGE_CURVE('',#4086,#4083,#4087,.T.);
#3257=EDGE_CURVE('',#4086,#4066,#4088,.T.);
#3258=EDGE_CURVE('',#4089,#4086,#4090,.T.);
#3259=EDGE_CURVE('',#4089,#4064,#4091,.T.);
#3260=EDGE_CURVE('',#4089,#4092,#4093,.T.);
#3261=EDGE_CURVE('',#4092,#4062,#4094,.T.);
#3262=EDGE_CURVE('',#4092,#4095,#4096,.T.);
#3263=EDGE_CURVE('',#4095,#4060,#4097,.T.);
#3264=EDGE_CURVE('',#4095,#4098,#4099,.T.);
#3265=EDGE_CURVE('',#4098,#4058,#4100,.T.);
#3266=EDGE_CURVE('',#4098,#4101,#4102,.T.);
#3267=EDGE_CURVE('',#4101,#4056,#4103,.T.);
#3268=EDGE_CURVE('',#4101,#4104,#4105,.T.);
#3269=EDGE_CURVE('',#4104,#4054,#4106,.T.);
#3270=EDGE_CURVE('',#4104,#4107,#4108,.T.);
#3271=EDGE_CURVE('',#4107,#4052,#4109,.T.);
#3272=EDGE_CURVE('',#4110,#4107,#4111,.T.);
#3273=EDGE_CURVE('',#4110,#4049,#4112,.T.);
#3274=EDGE_CURVE('',#4076,#4110,#4113,.T.);
#3275=EDGE_CURVE('',#3623,#4114,#4115,.T.);
#3276=EDGE_CURVE('',#4116,#4114,#4117,.T.);
#3277=EDGE_CURVE('',#3582,#4116,#4118,.T.);
#3278=EDGE_CURVE('',#4119,#4120,#4121,.T.);
#3279=EDGE_CURVE('',#4120,#3583,#4122,.T.);
#3280=EDGE_CURVE('',#4119,#4116,#4123,.T.);
#3281=EDGE_CURVE('',#4124,#4114,#4125,.T.);
#3282=EDGE_CURVE('',#4119,#4124,#4126,.T.);
#3283=EDGE_CURVE('',#4127,#4128,#4129,.T.);
#3284=EDGE_CURVE('',#4130,#4127,#4131,.T.);
#3285=EDGE_CURVE('',#4132,#4130,#4133,.T.);
#3286=EDGE_CURVE('',#4134,#4132,#4135,.T.);
#3287=EDGE_CURVE('',#4136,#4134,#4137,.T.);
#3288=EDGE_CURVE('',#4138,#4136,#4139,.T.);
#3289=EDGE_CURVE('',#4140,#4138,#4141,.T.);
#3290=EDGE_CURVE('',#4142,#4140,#4143,.T.);
#3291=EDGE_CURVE('',#4144,#4142,#4145,.T.);
#3292=EDGE_CURVE('',#4146,#4144,#4147,.T.);
#3293=EDGE_CURVE('',#4148,#4146,#4149,.T.);
#3294=EDGE_CURVE('',#4150,#4148,#4151,.T.);
#3295=EDGE_CURVE('',#4152,#4150,#4153,.T.);
#3296=EDGE_CURVE('',#4154,#4152,#4155,.T.);
#3297=EDGE_CURVE('',#4156,#4154,#4157,.T.);
#3298=EDGE_CURVE('',#4158,#4156,#4159,.T.);
#3299=EDGE_CURVE('',#4120,#4158,#4160,.T.);
#3300=EDGE_CURVE('',#4128,#4124,#4161,.T.);
#3301=EDGE_CURVE('',#4162,#4163,#4164,.T.);
#3302=EDGE_CURVE('',#4163,#4165,#4166,.T.);
#3303=EDGE_CURVE('',#4165,#4167,#4168,.T.);
#3304=EDGE_CURVE('',#4169,#4167,#4170,.T.);
#3305=EDGE_CURVE('',#4169,#4171,#4172,.T.);
#3306=EDGE_CURVE('',#4173,#4171,#4174,.T.);
#3307=EDGE_CURVE('',#4173,#4175,#4176,.T.);
#3308=EDGE_CURVE('',#4162,#4175,#4177,.T.);
#3309=EDGE_CURVE('',#4128,#4178,#4179,.T.);
#3310=EDGE_CURVE('',#4178,#4114,#4180,.T.);
#3311=EDGE_CURVE('',#3621,#4178,#4181,.T.);
#3312=EDGE_CURVE('',#4182,#3619,#4183,.T.);
#3313=EDGE_CURVE('',#4182,#4178,#4184,.T.);
#3314=EDGE_CURVE('',#4182,#4127,#4185,.T.);
#3315=EDGE_CURVE('',#3617,#4130,#4186,.T.);
#3316=EDGE_CURVE('',#4132,#3615,#4187,.T.);
#3317=EDGE_CURVE('',#3613,#4188,#4189,.T.);
#3318=EDGE_CURVE('',#4134,#4188,#4190,.T.);
#3319=EDGE_CURVE('',#4188,#4191,#4192,.T.);
#3320=EDGE_CURVE('',#4191,#4136,#4193,.T.);
#3321=EDGE_CURVE('',#4191,#3611,#4194,.T.);
#3322=EDGE_CURVE('',#4138,#3609,#4195,.T.);
#3323=EDGE_CURVE('',#4140,#3607,#4196,.T.);
#3324=EDGE_CURVE('',#3605,#4197,#4198,.T.);
#3325=EDGE_CURVE('',#4142,#4197,#4199,.T.);
#3326=EDGE_CURVE('',#4144,#4200,#4201,.T.);
#3327=EDGE_CURVE('',#4197,#4200,#4202,.T.);
#3328=EDGE_CURVE('',#4200,#3603,#4203,.T.);
#3329=EDGE_CURVE('',#4200,#3601,#4204,.T.);
#3330=EDGE_CURVE('',#4205,#3599,#4206,.T.);
#3331=EDGE_CURVE('',#4146,#4205,#4207,.T.);
#3332=EDGE_CURVE('',#4208,#4205,#4209,.T.);
#3333=EDGE_CURVE('',#4208,#4148,#4210,.T.);
#3334=EDGE_CURVE('',#4150,#3593,#4211,.T.);
#3335=EDGE_CURVE('',#4208,#3595,#4212,.T.);
#3336=EDGE_CURVE('',#3597,#4205,#4213,.T.);
#3337=EDGE_CURVE('',#4152,#3591,#4214,.T.);
#3338=EDGE_CURVE('',#3589,#4215,#4216,.T.);
#3339=EDGE_CURVE('',#4154,#4215,#4217,.T.);
#3340=EDGE_CURVE('',#4218,#4215,#4219,.T.);
#3341=EDGE_CURVE('',#4218,#4156,#4220,.T.);
#3342=EDGE_CURVE('',#4158,#3585,#4221,.T.);
#3343=EDGE_CURVE('',#4218,#3587,#4222,.T.);
#3344=EDGE_CURVE('',#4162,#4223,#4224,.T.);
#3345=EDGE_CURVE('',#4225,#4175,#4226,.T.);
#3346=EDGE_CURVE('',#4223,#4225,#4227,.T.);
#3347=EDGE_CURVE('',#4228,#4225,#4229,.T.);
#3348=EDGE_CURVE('',#4230,#4228,#4231,.T.);
#3349=EDGE_CURVE('',#4232,#4230,#4233,.T.);
#3350=EDGE_CURVE('',#4234,#4232,#4235,.T.);
#3351=EDGE_CURVE('',#4223,#4234,#4236,.T.);
#3352=EDGE_CURVE('',#4234,#4237,#4238,.T.);
#3353=EDGE_CURVE('',#4237,#4163,#4239,.T.);
#3354=EDGE_CURVE('',#4237,#4240,#4241,.T.);
#3355=EDGE_CURVE('',#4165,#4240,#4242,.T.);
#3356=EDGE_CURVE('',#4240,#4243,#4244,.T.);
#3357=EDGE_CURVE('',#4243,#4245,#4246,.T.);
#3358=EDGE_CURVE('',#4245,#4167,#4247,.T.);
#3359=EDGE_CURVE('',#4169,#4248,#4249,.T.);
#3360=EDGE_CURVE('',#4248,#4245,#4250,.T.);
#3361=EDGE_CURVE('',#4251,#4243,#4252,.T.);
#3362=EDGE_CURVE('',#4253,#4251,#4254,.T.);
#3363=EDGE_CURVE('',#4255,#4253,#4256,.T.);
#3364=EDGE_CURVE('',#4248,#4255,#4257,.T.);
#3365=EDGE_CURVE('',#4255,#4258,#4259,.T.);
#3366=EDGE_CURVE('',#4258,#4171,#4260,.T.);
#3367=EDGE_CURVE('',#4258,#4261,#4262,.T.);
#3368=EDGE_CURVE('',#4173,#4261,#4263,.T.);
#3369=EDGE_CURVE('',#4261,#4228,#4264,.T.);
#3370=EDGE_CURVE('',#4253,#4230,#4265,.T.);
#3371=EDGE_CURVE('',#4232,#4251,#4266,.T.);
#3372=EDGE_CURVE('',#3667,#4267,#4268,.T.);
#3373=EDGE_CURVE('',#4267,#4269,#4270,.T.);
#3374=EDGE_CURVE('',#3627,#4269,#4271,.T.);
#3375=EDGE_CURVE('',#3626,#4272,#4273,.T.);
#3376=EDGE_CURVE('',#4272,#4269,#4274,.T.);
#3377=EDGE_CURVE('',#4275,#4269,#4276,.T.);
#3378=EDGE_CURVE('',#4275,#4277,#4278,.T.);
#3379=EDGE_CURVE('',#4277,#4272,#4279,.T.);
#3380=EDGE_CURVE('',#4277,#4280,#4281,.T.);
#3381=EDGE_CURVE('',#4280,#3629,#4282,.T.);
#3382=EDGE_CURVE('',#4280,#4283,#4284,.T.);
#3383=EDGE_CURVE('',#4283,#3631,#4285,.T.);
#3384=EDGE_CURVE('',#4286,#3633,#4287,.T.);
#3385=EDGE_CURVE('',#4283,#4288,#4289,.T.);
#3386=EDGE_CURVE('',#4286,#4288,#4290,.T.);
#3387=EDGE_CURVE('',#4288,#4291,#4292,.T.);
#3388=EDGE_CURVE('',#4291,#4293,#4294,.T.);
#3389=EDGE_CURVE('',#4293,#4286,#4295,.T.);
#3390=EDGE_CURVE('',#3635,#4293,#4296,.T.);
#3391=EDGE_CURVE('',#4291,#4297,#4298,.T.);
#3392=EDGE_CURVE('',#4297,#3637,#4299,.T.);
#3393=EDGE_CURVE('',#4297,#4300,#4301,.T.);
#3394=EDGE_CURVE('',#4300,#3639,#4302,.T.);
#3395=EDGE_CURVE('',#4300,#4303,#4304,.T.);
#3396=EDGE_CURVE('',#4305,#4303,#4306,.T.);
#3397=EDGE_CURVE('',#4305,#3641,#4307,.T.);
#3398=EDGE_CURVE('',#4308,#4305,#4309,.T.);
#3399=EDGE_CURVE('',#3643,#4308,#4310,.T.);
#3400=EDGE_CURVE('',#4308,#3645,#4311,.T.);
#3401=EDGE_CURVE('',#4312,#4308,#4313,.T.);
#3402=EDGE_CURVE('',#4312,#4314,#4315,.T.);
#3403=EDGE_CURVE('',#4314,#4316,#4317,.T.);
#3404=EDGE_CURVE('',#4316,#3647,#4318,.T.);
#3405=EDGE_CURVE('',#4316,#3649,#4319,.T.);
#3406=EDGE_CURVE('',#3651,#4320,#4321,.T.);
#3407=EDGE_CURVE('',#4316,#4320,#4322,.T.);
#3408=EDGE_CURVE('',#4314,#4323,#4324,.T.);
#3409=EDGE_CURVE('',#4323,#4320,#4325,.T.);
#3410=EDGE_CURVE('',#4323,#4326,#4327,.T.);
#3411=EDGE_CURVE('',#4326,#3653,#4328,.T.);
#3412=EDGE_CURVE('',#4326,#4329,#4330,.T.);
#3413=EDGE_CURVE('',#4329,#3655,#4331,.T.);
#3414=EDGE_CURVE('',#4329,#4332,#4333,.T.);
#3415=EDGE_CURVE('',#4334,#4332,#4335,.T.);
#3416=EDGE_CURVE('',#4334,#3657,#4336,.T.);
#3417=EDGE_CURVE('',#3659,#4337,#4338,.T.);
#3418=EDGE_CURVE('',#4334,#4337,#4339,.T.);
#3419=EDGE_CURVE('',#4332,#4340,#4341,.T.);
#3420=EDGE_CURVE('',#4340,#4337,#4342,.T.);
#3421=EDGE_CURVE('',#4340,#4343,#4344,.T.);
#3422=EDGE_CURVE('',#4343,#3661,#4345,.T.);
#3423=EDGE_CURVE('',#4343,#4346,#4347,.T.);
#3424=EDGE_CURVE('',#4346,#3663,#4348,.T.);
#3425=EDGE_CURVE('',#4346,#4349,#4350,.T.);
#3426=EDGE_CURVE('',#4351,#4349,#4352,.T.);
#3427=EDGE_CURVE('',#4351,#3665,#4353,.T.);
#3428=EDGE_CURVE('',#4351,#4267,#4354,.T.);
#3429=EDGE_CURVE('',#4349,#4355,#4356,.T.);
#3430=EDGE_CURVE('',#4355,#4267,#4357,.T.);
#3431=EDGE_CURVE('',#4355,#4275,#4358,.T.);
#3432=EDGE_CURVE('',#4303,#4312,#4359,.T.);
#3433=EDGE_CURVE('',#4360,#4361,#4362,.T.);
#3434=EDGE_CURVE('',#4361,#4363,#4364,.T.);
#3435=EDGE_CURVE('',#4363,#4365,#4366,.T.);
#3436=EDGE_CURVE('',#4367,#4365,#4368,.T.);
#3437=EDGE_CURVE('',#4367,#4369,#4370,.T.);
#3438=EDGE_CURVE('',#4371,#4369,#4372,.T.);
#3439=EDGE_CURVE('',#4371,#4373,#4374,.T.);
#3440=EDGE_CURVE('',#4360,#4373,#4375,.T.);
#3441=EDGE_CURVE('',#4376,#4373,#4377,.T.);
#3442=EDGE_CURVE('',#4378,#4376,#4379,.T.);
#3443=EDGE_CURVE('',#4360,#4378,#4380,.T.);
#3444=EDGE_CURVE('',#4378,#4381,#4382,.T.);
#3445=EDGE_CURVE('',#4381,#4383,#4384,.T.);
#3446=EDGE_CURVE('',#4383,#4361,#4385,.T.);
#3447=EDGE_CURVE('',#4363,#4386,#4387,.T.);
#3448=EDGE_CURVE('',#4386,#4383,#4388,.T.);
#3449=EDGE_CURVE('',#4389,#4381,#4390,.T.);
#3450=EDGE_CURVE('',#4391,#4389,#4392,.T.);
#3451=EDGE_CURVE('',#4393,#4391,#4394,.T.);
#3452=EDGE_CURVE('',#4386,#4393,#4395,.T.);
#3453=EDGE_CURVE('',#4393,#4396,#4397,.T.);
#3454=EDGE_CURVE('',#4396,#4365,#4398,.T.);
#3455=EDGE_CURVE('',#4399,#4396,#4400,.T.);
#3456=EDGE_CURVE('',#4367,#4399,#4401,.T.);
#3457=EDGE_CURVE('',#4399,#4402,#4403,.T.);
#3458=EDGE_CURVE('',#4402,#4404,#4405,.T.);
#3459=EDGE_CURVE('',#4404,#4369,#4406,.T.);
#3460=EDGE_CURVE('',#4371,#4407,#4408,.T.);
#3461=EDGE_CURVE('',#4407,#4404,#4409,.T.);
#3462=EDGE_CURVE('',#4410,#4402,#4411,.T.);
#3463=EDGE_CURVE('',#4412,#4410,#4413,.T.);
#3464=EDGE_CURVE('',#4414,#4412,#4415,.T.);
#3465=EDGE_CURVE('',#4407,#4414,#4416,.T.);
#3466=EDGE_CURVE('',#4414,#4376,#4417,.T.);
#3467=EDGE_CURVE('',#4389,#4412,#4418,.T.);
#3468=EDGE_CURVE('',#4410,#4391,#4419,.T.);
#3469=EDGE_CURVE('',#3557,#4420,#4421,.T.);
#3470=EDGE_CURVE('',#4420,#3547,#4422,.T.);
#3471=EDGE_CURVE('',#3552,#4420,#4423,.T.);
#3472=CARTESIAN_POINT('',(-11.64866199803,-4.283499881597,6.622999936794));
#3473=DIRECTION('',(0.0,-1.0,0.0));
#3474=DIRECTION('',(1.0,0.0,0.0));
#3475=CARTESIAN_POINT('',(-11.64866199803,-4.283499881597,6.622999936794));
#3476=DIRECTION('',(0.0,-1.0,0.0));
#3477=DIRECTION('',(-1.0,0.0,0.0));
#3478=CARTESIAN_POINT('',(-11.64866199803,-4.283499881597,13.92299993679));
#3479=DIRECTION('',(0.0,-1.0,0.0));
#3480=DIRECTION('',(1.0,0.0,0.0));
#3481=CARTESIAN_POINT('',(-11.64866199803,-4.283499881597,13.92299993679));
#3482=DIRECTION('',(0.0,-1.0,0.0));
#3483=DIRECTION('',(-1.0,0.0,0.0));
#3484=CARTESIAN_POINT('',(-11.64866199803,-4.283499881597,19.42299993679));
#3485=DIRECTION('',(0.0,-1.0,0.0));
#3486=DIRECTION('',(1.0,0.0,0.0));
#3487=CARTESIAN_POINT('',(-11.64866199803,-4.283499881597,19.42299993679));
#3488=DIRECTION('',(0.0,-1.0,0.0));
#3489=DIRECTION('',(-1.0,0.0,0.0));
#3490=VERTEX_POINT('',#4424);
#3491=VERTEX_POINT('',#4425);
#3492=LINE('',#4426,#4427);
#3493=VERTEX_POINT('',#4428);
#3494=CIRCLE('',#4429,1.475);
#3495=VERTEX_POINT('',#4430);
#3496=LINE('',#4431,#4432);
#3497=CIRCLE('',#4433,1.475);
#3498=VERTEX_POINT('',#4434);
#3499=VERTEX_POINT('',#4435);
#3500=LINE('',#4436,#4437);
#3501=VERTEX_POINT('',#4438);
#3502=CIRCLE('',#4439,0.1000002159176);
#3503=VERTEX_POINT('',#4440);
#3504=LINE('',#4441,#4442);
#3505=B_SPLINE_CURVE_WITH_KNOTS('',3,(#4443,#4444,#4445,#4446,#4447,#4448,#4449,#4450,#4451,#4452),.UNSPECIFIED.,.F.,.F.,(4,1,1,1,1,1,1,4),(0.0,0.1428571428571,0.2857142857143,0.4285714285714,0.5714285714286,0.7142857142857,0.8571428571429,1.00000000005416),.UNSPECIFIED.);
#3506=VERTEX_POINT('',#4453);
#3507=LINE('',#4454,#4455);
#3508=VERTEX_POINT('',#4456);
#3509=CIRCLE('',#4457,1.475);
#3510=VERTEX_POINT('',#4458);
#3511=B_SPLINE_CURVE_WITH_KNOTS('',3,(#4459,#4460,#4461,#4462,#4463,#4464,#4465,#4466,#4467,#4468),.UNSPECIFIED.,.F.,.F.,(4,1,1,1,1,1,1,4),(0.0,0.1428571428571,0.2857142857143,0.4285714285714,0.5714285714286,0.7142857142857,0.8571428571429,1.0),.UNSPECIFIED.);
#3512=VERTEX_POINT('',#4469);
#3513=B_SPLINE_CURVE_WITH_KNOTS('',3,(#4470,#4471,#4472,#4473,#4474,#4475),.UNSPECIFIED.,.F.,.F.,(4,1,1,4),(0.0,0.3333333333333,0.6666666666667,1.0),.UNSPECIFIED.);
#3514=VERTEX_POINT('',#4476);
#3515=B_SPLINE_CURVE_WITH_KNOTS('',3,(#4477,#4478,#4479,#4480,#4481,#4482),.UNSPECIFIED.,.F.,.F.,(4,1,1,4),(0.0,0.3333333333333,0.6666666666667,1.0),.UNSPECIFIED.);
#3516=CIRCLE('',#4483,1.132961625414);
#3517=VERTEX_POINT('',#4484);
#3518=VERTEX_POINT('',#4485);
#3519=LINE('',#4486,#4487);
#3520=VERTEX_POINT('',#4488);
#3521=CIRCLE('',#4489,0.1);
#3522=VERTEX_POINT('',#4490);
#3523=LINE('',#4491,#4492);
#3524=B_SPLINE_CURVE_WITH_KNOTS('',3,(#4493,#4494,#4495,#4496,#4497,#4498,#4499,#4500,#4501,#4502),.UNSPECIFIED.,.F.,.F.,(4,1,1,1,1,1,1,4),(0.0,0.1428571428571,0.2857142857143,0.4285714285714,0.5714285714286,0.7142857142857,0.8571428571429,1.0),.UNSPECIFIED.);
#3525=VERTEX_POINT('',#4503);
#3526=VERTEX_POINT('',#4504);
#3527=LINE('',#4505,#4506);
#3528=VERTEX_POINT('',#4507);
#3529=CIRCLE('',#4508,1.475);
#3530=VERTEX_POINT('',#4509);
#3531=LINE('',#4510,#4511);
#3532=CIRCLE('',#4512,1.475);
#3533=VERTEX_POINT('',#4513);
#3534=LINE('',#4514,#4515);
#3535=VERTEX_POINT('',#4516);
#3536=CIRCLE('',#4517,1.132961625414);
#3537=VERTEX_POINT('',#4518);
#3538=B_SPLINE_CURVE_WITH_KNOTS('',3,(#4519,#4520,#4521,#4522,#4523,#4524),.UNSPECIFIED.,.F.,.F.,(4,1,1,4),(0.0,0.3333333333333,0.6666666666667,1.0),.UNSPECIFIED.);
#3539=VERTEX_POINT('',#4525);
#3540=B_SPLINE_CURVE_WITH_KNOTS('',3,(#4526,#4527,#4528,#4529,#4530,#4531),.UNSPECIFIED.,.F.,.F.,(4,1,1,4),(0.0,0.3333333333333,0.6666666666667,1.0),.UNSPECIFIED.);
#3541=VERTEX_POINT('',#4532);
#3542=B_SPLINE_CURVE_WITH_KNOTS('',3,(#4533,#4534,#4535,#4536,#4537,#4538,#4539,#4540,#4541,#4542),.UNSPECIFIED.,.F.,.F.,(4,1,1,1,1,1,1,4),(0.0,0.1428571428571,0.2857142857143,0.4285714285714,0.5714285714286,0.7142857142857,0.8571428571429,1.0),.UNSPECIFIED.);
#3543=CIRCLE('',#4543,1.475);
#3544=VERTEX_POINT('',#4544);
#3545=VERTEX_POINT('',#4545);
#3546=LINE('',#4546,#4547);
#3547=VERTEX_POINT('',#4548);
#3548=LINE('',#4549,#4550);
#3549=VERTEX_POINT('',#4551);
#3550=LINE('',#4552,#4553);
#3551=LINE('',#4554,#4555);
#3552=VERTEX_POINT('',#4556);
#3553=LINE('',#4557,#4558);
#3554=VERTEX_POINT('',#4559);
#3555=LINE('',#4560,#4561);
#3556=LINE('',#4562,#4563);
#3557=VERTEX_POINT('',#4564);
#3558=LINE('',#4565,#4566);
#3559=LINE('',#4567,#4568);
#3560=VERTEX_POINT('',#4569);
#3561=LINE('',#4570,#4571);
#3562=VERTEX_POINT('',#4572);
#3563=LINE('',#4573,#4574);
#3564=VERTEX_POINT('',#4575);
#3565=LINE('',#4576,#4577);
#3566=VERTEX_POINT('',#4578);
#3567=LINE('',#4579,#4580);
#3568=LINE('',#4581,#4582);
#3569=VERTEX_POINT('',#4583);
#3570=CIRCLE('',#4584,0.5);
#3571=VERTEX_POINT('',#4585);
#3572=LINE('',#4586,#4587);
#3573=VERTEX_POINT('',#4588);
#3574=CIRCLE('',#4589,0.5);
#3575=VERTEX_POINT('',#4590);
#3576=LINE('',#4591,#4592);
#3577=VERTEX_POINT('',#4593);
#3578=CIRCLE('',#4594,0.5);
#3579=VERTEX_POINT('',#4595);
#3580=LINE('',#4596,#4597);
#3581=CIRCLE('',#4598,0.5);
#3582=VERTEX_POINT('',#4599);
#3583=VERTEX_POINT('',#4600);
#3584=LINE('',#4601,#4602);
#3585=VERTEX_POINT('',#4603);
#3586=LINE('',#4604,#4605);
#3587=VERTEX_POINT('',#4606);
#3588=LINE('',#4607,#4608);
#3589=VERTEX_POINT('',#4609);
#3590=LINE('',#4610,#4611);
#3591=VERTEX_POINT('',#4612);
#3592=LINE('',#4613,#4614);
#3593=VERTEX_POINT('',#4615);
#3594=LINE('',#4616,#4617);
#3595=VERTEX_POINT('',#4618);
#3596=LINE('',#4619,#4620);
#3597=VERTEX_POINT('',#4621);
#3598=LINE('',#4622,#4623);
#3599=VERTEX_POINT('',#4624);
#3600=LINE('',#4625,#4626);
#3601=VERTEX_POINT('',#4627);
#3602=LINE('',#4628,#4629);
#3603=VERTEX_POINT('',#4630);
#3604=LINE('',#4631,#4632);
#3605=VERTEX_POINT('',#4633);
#3606=LINE('',#4634,#4635);
#3607=VERTEX_POINT('',#4636);
#3608=LINE('',#4637,#4638);
#3609=VERTEX_POINT('',#4639);
#3610=LINE('',#4640,#4641);
#3611=VERTEX_POINT('',#4642);
#3612=LINE('',#4643,#4644);
#3613=VERTEX_POINT('',#4645);
#3614=LINE('',#4646,#4647);
#3615=VERTEX_POINT('',#4648);
#3616=LINE('',#4649,#4650);
#3617=VERTEX_POINT('',#4651);
#3618=LINE('',#4652,#4653);
#3619=VERTEX_POINT('',#4654);
#3620=LINE('',#4655,#4656);
#3621=VERTEX_POINT('',#4657);
#3622=LINE('',#4658,#4659);
#3623=VERTEX_POINT('',#4660);
#3624=LINE('',#4661,#4662);
#3625=LINE('',#4663,#4664);
#3626=VERTEX_POINT('',#4665);
#3627=VERTEX_POINT('',#4666);
#3628=LINE('',#4667,#4668);
#3629=VERTEX_POINT('',#4669);
#3630=LINE('',#4670,#4671);
#3631=VERTEX_POINT('',#4672);
#3632=LINE('',#4673,#4674);
#3633=VERTEX_POINT('',#4675);
#3634=LINE('',#4676,#4677);
#3635=VERTEX_POINT('',#4678);
#3636=LINE('',#4679,#4680);
#3637=VERTEX_POINT('',#4681);
#3638=LINE('',#4682,#4683);
#3639=VERTEX_POINT('',#4684);
#3640=LINE('',#4685,#4686);
#3641=VERTEX_POINT('',#4687);
#3642=LINE('',#4688,#4689);
#3643=VERTEX_POINT('',#4690);
#3644=LINE('',#4691,#4692);
#3645=VERTEX_POINT('',#4693);
#3646=LINE('',#4694,#4695);
#3647=VERTEX_POINT('',#4696);
#3648=LINE('',#4697,#4698);
#3649=VERTEX_POINT('',#4699);
#3650=LINE('',#4700,#4701);
#3651=VERTEX_POINT('',#4702);
#3652=LINE('',#4703,#4704);
#3653=VERTEX_POINT('',#4705);
#3654=LINE('',#4706,#4707);
#3655=VERTEX_POINT('',#4708);
#3656=LINE('',#4709,#4710);
#3657=VERTEX_POINT('',#4711);
#3658=LINE('',#4712,#4713);
#3659=VERTEX_POINT('',#4714);
#3660=LINE('',#4715,#4716);
#3661=VERTEX_POINT('',#4717);
#3662=LINE('',#4718,#4719);
#3663=VERTEX_POINT('',#4720);
#3664=LINE('',#4721,#4722);
#3665=VERTEX_POINT('',#4723);
#3666=LINE('',#4724,#4725);
#3667=VERTEX_POINT('',#4726);
#3668=LINE('',#4727,#4728);
#3669=LINE('',#4729,#4730);
#3670=VERTEX_POINT('',#4731);
#3671=CIRCLE('',#4732,0.5);
#3672=LINE('',#4733,#4734);
#3673=VERTEX_POINT('',#4735);
#3674=LINE('',#4736,#4737);
#3675=LINE('',#4738,#4739);
#3676=VERTEX_POINT('',#4740);
#3677=VERTEX_POINT('',#4741);
#3678=LINE('',#4742,#4743);
#3679=VERTEX_POINT('',#4744);
#3680=LINE('',#4745,#4746);
#3681=VERTEX_POINT('',#4747);
#3682=LINE('',#4748,#4749);
#3683=LINE('',#4750,#4751);
#3684=VERTEX_POINT('',#4752);
#3685=VERTEX_POINT('',#4753);
#3686=CIRCLE('',#4754,0.5);
#3687=VERTEX_POINT('',#4755);
#3688=LINE('',#4756,#4757);
#3689=CIRCLE('',#4758,0.5);
#3690=VERTEX_POINT('',#4759);
#3691=CIRCLE('',#4760,0.5);
#3692=LINE('',#4761,#4762);
#3693=VERTEX_POINT('',#4763);
#3694=VERTEX_POINT('',#4764);
#3695=CIRCLE('',#4765,0.08);
#3696=VERTEX_POINT('',#4766);
#3697=LINE('',#4767,#4768);
#3698=VERTEX_POINT('',#4769);
#3699=CIRCLE('',#4770,0.08);
#3700=VERTEX_POINT('',#4771);
#3701=LINE('',#4772,#4773);
#3702=VERTEX_POINT('',#4774);
#3703=CIRCLE('',#4775,0.08);
#3704=VERTEX_POINT('',#4776);
#3705=LINE('',#4777,#4778);
#3706=VERTEX_POINT('',#4779);
#3707=CIRCLE('',#4780,0.08);
#3708=LINE('',#4781,#4782);
#3709=VERTEX_POINT('',#4783);
#3710=VERTEX_POINT('',#4784);
#3711=B_SPLINE_CURVE_WITH_KNOTS('',3,(#4785,#4786,#4787,#4788,#4789,#4790,#4791),.UNSPECIFIED.,.F.,.F.,(4,1,1,1,4),(0.0,0.25,0.5,0.75,1.0),.UNSPECIFIED.);
#3712=VERTEX_POINT('',#4792);
#3713=LINE('',#4793,#4794);
#3714=VERTEX_POINT('',#4795);
#3715=B_SPLINE_CURVE_WITH_KNOTS('',3,(#4796,#4797,#4798,#4799,#4800,#4801,#4802),.UNSPECIFIED.,.F.,.F.,(4,1,1,1,4),(0.0,0.25,0.5,0.75,1.0),.UNSPECIFIED.);
#3716=VERTEX_POINT('',#4803);
#3717=LINE('',#4804,#4805);
#3718=VERTEX_POINT('',#4806);
#3719=B_SPLINE_CURVE_WITH_KNOTS('',3,(#4807,#4808,#4809,#4810,#4811,#4812,#4813),.UNSPECIFIED.,.F.,.F.,(4,1,1,1,4),(0.0,0.25,0.499999999997546,0.75,0.999999999990185),.UNSPECIFIED.);
#3720=VERTEX_POINT('',#4814);
#3721=LINE('',#4815,#4816);
#3722=VERTEX_POINT('',#4817);
#3723=B_SPLINE_CURVE_WITH_KNOTS('',3,(#4818,#4819,#4820,#4821,#4822,#4823,#4824),.UNSPECIFIED.,.F.,.F.,(4,1,1,1,4),(0.0,0.25,0.5,0.75,1.0),.UNSPECIFIED.);
#3724=LINE('',#4825,#4826);
#3725=VERTEX_POINT('',#4827);
#3726=LINE('',#4828,#4829);
#3727=VERTEX_POINT('',#4830);
#3728=LINE('',#4831,#4832);
#3729=VERTEX_POINT('',#4833);
#3730=LINE('',#4834,#4835);
#3731=VERTEX_POINT('',#4836);
#3732=LINE('',#4837,#4838);
#3733=LINE('',#4839,#4840);
#3734=VERTEX_POINT('',#4841);
#3735=LINE('',#4842,#4843);
#3736=VERTEX_POINT('',#4844);
#3737=LINE('',#4845,#4846);
#3738=VERTEX_POINT('',#4847);
#3739=LINE('',#4848,#4849);
#3740=VERTEX_POINT('',#4850);
#3741=LINE('',#4851,#4852);
#3742=LINE('',#4853,#4854);
#3743=VERTEX_POINT('',#4855);
#3744=VERTEX_POINT('',#4856);
#3745=CIRCLE('',#4857,0.85);
#3746=VERTEX_POINT('',#4858);
#3747=LINE('',#4859,#4860);
#3748=VERTEX_POINT('',#4861);
#3749=CIRCLE('',#4862,0.1);
#3750=VERTEX_POINT('',#4863);
#3751=CIRCLE('',#4864,1.525);
#3752=VERTEX_POINT('',#4865);
#3753=CIRCLE('',#4866,0.1000000029915);
#3754=VERTEX_POINT('',#4867);
#3755=LINE('',#4868,#4869);
#3756=VERTEX_POINT('',#4870);
#3757=CIRCLE('',#4871,0.85);
#3758=VERTEX_POINT('',#4872);
#3759=LINE('',#4873,#4874);
#3760=CIRCLE('',#4875,0.1);
#3761=VERTEX_POINT('',#4876);
#3762=CIRCLE('',#4877,1.475);
#3763=VERTEX_POINT('',#4878);
#3764=CIRCLE('',#4879,0.1);
#3765=VERTEX_POINT('',#4880);
#3766=LINE('',#4881,#4882);
#3767=VERTEX_POINT('',#4883);
#3768=CIRCLE('',#4884,0.85);
#3769=VERTEX_POINT('',#4885);
#3770=LINE('',#4886,#4887);
#3771=VERTEX_POINT('',#4888);
#3772=CIRCLE('',#4889,0.1000000029914);
#3773=CIRCLE('',#4890,1.525);
#3774=VERTEX_POINT('',#4891);
#3775=LINE('',#4892,#4893);
#3776=VERTEX_POINT('',#4894);
#3777=CIRCLE('',#4895,0.85);
#3778=VERTEX_POINT('',#4896);
#3779=LINE('',#4897,#4898);
#3780=VERTEX_POINT('',#4899);
#3781=CIRCLE('',#4900,0.1);
#3782=CIRCLE('',#4901,1.475);
#3783=VERTEX_POINT('',#4902);
#3784=CIRCLE('',#4903,0.1);
#3785=LINE('',#4904,#4905);
#3786=LINE('',#4906,#4907);
#3787=LINE('',#4908,#4909);
#3788=LINE('',#4910,#4911);
#3789=VERTEX_POINT('',#4912);
#3790=LINE('',#4913,#4914);
#3791=VERTEX_POINT('',#4915);
#3792=LINE('',#4916,#4917);
#3793=LINE('',#4918,#4919);
#3794=VERTEX_POINT('',#4920);
#3795=LINE('',#4921,#4922);
#3796=VERTEX_POINT('',#4923);
#3797=LINE('',#4924,#4925);
#3798=LINE('',#4926,#4927);
#3799=LINE('',#4928,#4929);
#3800=LINE('',#4930,#4931);
#3801=LINE('',#4932,#4933);
#3802=VERTEX_POINT('',#4934);
#3803=LINE('',#4935,#4936);
#3804=VERTEX_POINT('',#4937);
#3805=LINE('',#4938,#4939);
#3806=LINE('',#4940,#4941);
#3807=VERTEX_POINT('',#4942);
#3808=LINE('',#4943,#4944);
#3809=LINE('',#4945,#4946);
#3810=VERTEX_POINT('',#4947);
#3811=LINE('',#4948,#4949);
#3812=LINE('',#4950,#4951);
#3813=LINE('',#4952,#4953);
#3814=VERTEX_POINT('',#4954);
#3815=LINE('',#4955,#4956);
#3816=VERTEX_POINT('',#4957);
#3817=B_SPLINE_CURVE_WITH_KNOTS('',3,(#4958,#4959,#4960,#4961,#4962,#4963),.UNSPECIFIED.,.F.,.F.,(4,1,1,4),(0.0,0.3333333333333,0.6666666666667,1.0),.UNSPECIFIED.);
#3818=LINE('',#4964,#4965);
#3819=VERTEX_POINT('',#4966);
#3820=B_SPLINE_CURVE_WITH_KNOTS('',3,(#4967,#4968,#4969,#4970,#4971,#4972),.UNSPECIFIED.,.F.,.F.,(4,1,1,4),(0.0,0.3333333333333,0.6666666666667,0.999987855368124),.UNSPECIFIED.);
#3821=VERTEX_POINT('',#4973);
#3822=CIRCLE('',#4974,0.85);
#3823=VERTEX_POINT('',#4975);
#3824=B_SPLINE_CURVE_WITH_KNOTS('',3,(#4976,#4977,#4978,#4979,#4980,#4981),.UNSPECIFIED.,.F.,.F.,(4,1,1,4),(0.0,0.3333333333333,0.6666666666667,1.0),.UNSPECIFIED.);
#3825=LINE('',#4982,#4983);
#3826=VERTEX_POINT('',#4984);
#3827=B_SPLINE_CURVE_WITH_KNOTS('',3,(#4985,#4986,#4987,#4988,#4989,#4990),.UNSPECIFIED.,.F.,.F.,(4,1,1,4),(0.0,0.3333333333333,0.6666666666667,1.0),.UNSPECIFIED.);
#3828=LINE('',#4991,#4992);
#3829=VERTEX_POINT('',#4993);
#3830=B_SPLINE_CURVE_WITH_KNOTS('',3,(#4994,#4995,#4996,#4997,#4998,#4999,#5000,#5001,#5002,#5003),.UNSPECIFIED.,.F.,.F.,(4,1,1,1,1,1,1,4),(0.0,0.1428571428571,0.2857142857143,0.4285714285714,0.5714285714286,0.7142857142857,0.8571428571429,1.0),.UNSPECIFIED.);
#3831=LINE('',#5004,#5005);
#3832=CIRCLE('',#5006,1.525);
#3833=LINE('',#5007,#5008);
#3834=LINE('',#5009,#5010);
#3835=VERTEX_POINT('',#5011);
#3836=B_SPLINE_CURVE_WITH_KNOTS('',3,(#5012,#5013,#5014,#5015,#5016,#5017),.UNSPECIFIED.,.F.,.F.,(4,1,1,4),(0.0,0.3333333333333,0.6666666666667,1.0),.UNSPECIFIED.);
#3837=LINE('',#5018,#5019);
#3838=VERTEX_POINT('',#5020);
#3839=B_SPLINE_CURVE_WITH_KNOTS('',3,(#5021,#5022,#5023,#5024,#5025,#5026),.UNSPECIFIED.,.F.,.F.,(4,1,1,4),(0.0,0.3333333333333,0.6666666666667,1.0),.UNSPECIFIED.);
#3840=VERTEX_POINT('',#5027);
#3841=CIRCLE('',#5028,0.85);
#3842=VERTEX_POINT('',#5029);
#3843=B_SPLINE_CURVE_WITH_KNOTS('',3,(#5030,#5031,#5032,#5033,#5034,#5035),.UNSPECIFIED.,.F.,.F.,(4,1,1,4),(9.09339204512807E-06,0.3333333333333,0.6666666666667,1.0),.UNSPECIFIED.);
#3844=LINE('',#5036,#5037);
#3845=VERTEX_POINT('',#5038);
#3846=LINE('',#5039,#5040);
#3847=B_SPLINE_CURVE_WITH_KNOTS('',3,(#5041,#5042,#5043,#5044,#5045,#5046),.UNSPECIFIED.,.F.,.F.,(4,1,1,4),(0.0,0.3333333333333,0.6666666666667,1.0),.UNSPECIFIED.);
#3848=B_SPLINE_CURVE_WITH_KNOTS('',3,(#5047,#5048,#5049,#5050,#5051,#5052,#5053,#5054,#5055,#5056),.UNSPECIFIED.,.F.,.F.,(4,1,1,1,1,1,1,4),(0.0,0.1428571428571,0.2857142857143,0.4285714285714,0.5714285714286,0.7142857142857,0.8571428571429,1.0),.UNSPECIFIED.);
#3849=CIRCLE('',#5057,1.132961625414);
#3850=LINE('',#5058,#5059);
#3851=LINE('',#5060,#5061);
#3852=LINE('',#5062,#5063);
#3853=VERTEX_POINT('',#5064);
#3854=CIRCLE('',#5065,0.85);
#3855=VERTEX_POINT('',#5066);
#3856=B_SPLINE_CURVE_WITH_KNOTS('',3,(#5067,#5068,#5069,#5070,#5071,#5072),.UNSPECIFIED.,.F.,.F.,(4,1,1,4),(0.0,0.3333333333333,0.6666666666667,1.0),.UNSPECIFIED.);
#3857=LINE('',#5073,#5074);
#3858=VERTEX_POINT('',#5075);
#3859=B_SPLINE_CURVE_WITH_KNOTS('',3,(#5076,#5077,#5078,#5079,#5080,#5081),.UNSPECIFIED.,.F.,.F.,(4,1,1,4),(0.0,0.3333333333333,0.6666666666667,1.0),.UNSPECIFIED.);
#3860=VERTEX_POINT('',#5082);
#3861=LINE('',#5083,#5084);
#3862=LINE('',#5085,#5086);
#3863=VERTEX_POINT('',#5087);
#3864=CIRCLE('',#5088,0.1000002159172);
#3865=LINE('',#5089,#5090);
#3866=VERTEX_POINT('',#5091);
#3867=LINE('',#5092,#5093);
#3868=CIRCLE('',#5094,1.525);
#3869=VERTEX_POINT('',#5095);
#3870=B_SPLINE_CURVE_WITH_KNOTS('',3,(#5096,#5097,#5098,#5099,#5100,#5101),.UNSPECIFIED.,.F.,.F.,(4,1,1,4),(0.0,0.3333333333333,0.6666666666667,1.0),.UNSPECIFIED.);
#3871=LINE('',#5102,#5103);
#3872=VERTEX_POINT('',#5104);
#3873=B_SPLINE_CURVE_WITH_KNOTS('',3,(#5105,#5106,#5107,#5108,#5109,#5110),.UNSPECIFIED.,.F.,.F.,(4,1,1,4),(0.0,0.3333333333333,0.6666666666667,1.0),.UNSPECIFIED.);
#3874=CIRCLE('',#5111,0.85);
#3875=LINE('',#5112,#5113);
#3876=LINE('',#5114,#5115);
#3877=LINE('',#5116,#5117);
#3878=CIRCLE('',#5118,1.132961625414);
#3879=B_SPLINE_CURVE_WITH_KNOTS('',3,(#5119,#5120,#5121,#5122,#5123,#5124,#5125,#5126,#5127,#5128),.UNSPECIFIED.,.F.,.F.,(4,1,1,1,1,1,1,4),(0.0,0.1428571428571,0.2857142857143,0.4285714285714,0.5714285714286,0.7142857142857,0.8571428571429,1.0),.UNSPECIFIED.);
#3880=CIRCLE('',#5129,1.132961625414);
#3881=CIRCLE('',#5130,1.132961625414);
#3882=B_SPLINE_CURVE_WITH_KNOTS('',3,(#5131,#5132,#5133,#5134,#5135,#5136,#5137,#5138,#5139,#5140),.UNSPECIFIED.,.F.,.F.,(4,1,1,1,1,1,1,4),(0.0,0.1428571428571,0.2857142857143,0.4285714285714,0.5714285714286,0.7142857142857,0.8571428571429,1.0),.UNSPECIFIED.);
#3883=VERTEX_POINT('',#5141);
#3884=VERTEX_POINT('',#5142);
#3885=LINE('',#5143,#5144);
#3886=LINE('',#5145,#5146);
#3887=LINE('',#5147,#5148);
#3888=VERTEX_POINT('',#5149);
#3889=LINE('',#5150,#5151);
#3890=CIRCLE('',#5152,0.08);
#3891=VERTEX_POINT('',#5153);
#3892=CIRCLE('',#5154,1.12);
#3893=VERTEX_POINT('',#5155);
#3894=CIRCLE('',#5156,0.08);
#3895=CIRCLE('',#5157,1.04);
#3896=VERTEX_POINT('',#5158);
#3897=LINE('',#5159,#5160);
#3898=CIRCLE('',#5161,1.04);
#3899=VERTEX_POINT('',#5162);
#3900=CIRCLE('',#5163,0.08);
#3901=VERTEX_POINT('',#5164);
#3902=CIRCLE('',#5165,1.12);
#3903=CIRCLE('',#5166,0.08);
#3904=LINE('',#5167,#5168);
#3905=VERTEX_POINT('',#5169);
#3906=VERTEX_POINT('',#5170);
#3907=LINE('',#5171,#5172);
#3908=VERTEX_POINT('',#5173);
#3909=LINE('',#5174,#5175);
#3910=VERTEX_POINT('',#5176);
#3911=CIRCLE('',#5177,1.96);
#3912=LINE('',#5178,#5179);
#3913=LINE('',#5180,#5181);
#3914=VERTEX_POINT('',#5182);
#3915=VERTEX_POINT('',#5183);
#3916=B_SPLINE_CURVE_WITH_KNOTS('',3,(#5184,#5185,#5186,#5187),.UNSPECIFIED.,.F.,.F.,(4,4),(0.0,1.0),.UNSPECIFIED.);
#3917=B_SPLINE_CURVE_WITH_KNOTS('',3,(#5188,#5189,#5190,#5191),.UNSPECIFIED.,.F.,.F.,(4,4),(0.0,1.0),.UNSPECIFIED.);
#3918=LINE('',#5192,#5193);
#3919=VERTEX_POINT('',#5194);
#3920=LINE('',#5195,#5196);
#3921=LINE('',#5197,#5198);
#3922=VERTEX_POINT('',#5199);
#3923=VERTEX_POINT('',#5200);
#3924=LINE('',#5201,#5202);
#3925=LINE('',#5203,#5204);
#3926=VERTEX_POINT('',#5205);
#3927=B_SPLINE_CURVE_WITH_KNOTS('',3,(#5206,#5207,#5208,#5209),.UNSPECIFIED.,.F.,.F.,(4,4),(0.0,1.0),.UNSPECIFIED.);
#3928=LINE('',#5210,#5211);
#3929=VERTEX_POINT('',#5212);
#3930=VERTEX_POINT('',#5213);
#3931=B_SPLINE_CURVE_WITH_KNOTS('',3,(#5214,#5215,#5216,#5217),.UNSPECIFIED.,.F.,.F.,(4,4),(1.56643889952294E-11,1.0),.UNSPECIFIED.);
#3932=VERTEX_POINT('',#5218);
#3933=LINE('',#5219,#5220);
#3934=LINE('',#5221,#5222);
#3935=VERTEX_POINT('',#5223);
#3936=B_SPLINE_CURVE_WITH_KNOTS('',3,(#5224,#5225,#5226,#5227),.UNSPECIFIED.,.F.,.F.,(4,4),(0.0,0.999999999984336),.UNSPECIFIED.);
#3937=LINE('',#5228,#5229);
#3938=VERTEX_POINT('',#5230);
#3939=LINE('',#5231,#5232);
#3940=VERTEX_POINT('',#5233);
#3941=CIRCLE('',#5234,1.96);
#3942=LINE('',#5235,#5236);
#3943=LINE('',#5237,#5238);
#3944=VERTEX_POINT('',#5239);
#3945=CIRCLE('',#5240,0.08);
#3946=VERTEX_POINT('',#5241);
#3947=LINE('',#5242,#5243);
#3948=B_SPLINE_CURVE_WITH_KNOTS('',3,(#5244,#5245,#5246,#5247),.UNSPECIFIED.,.F.,.F.,(4,4),(0.0,1.0),.UNSPECIFIED.);
#3949=VERTEX_POINT('',#5248);
#3950=LINE('',#5249,#5250);
#3951=VERTEX_POINT('',#5251);
#3952=B_SPLINE_CURVE_WITH_KNOTS('',3,(#5252,#5253,#5254,#5255),.UNSPECIFIED.,.F.,.F.,(4,4),(1.56643890022225E-11,1.0),.UNSPECIFIED.);
#3953=VERTEX_POINT('',#5256);
#3954=LINE('',#5257,#5258);
#3955=LINE('',#5259,#5260);
#3956=LINE('',#5261,#5262);
#3957=B_SPLINE_CURVE_WITH_KNOTS('',3,(#5263,#5264,#5265,#5266),.UNSPECIFIED.,.F.,.F.,(4,4),(0.0,1.0),.UNSPECIFIED.);
#3958=VERTEX_POINT('',#5267);
#3959=LINE('',#5268,#5269);
#3960=CIRCLE('',#5270,0.08);
#3961=VERTEX_POINT('',#5271);
#3962=CIRCLE('',#5272,0.08);
#3963=CIRCLE('',#5273,2.04);
#3964=LINE('',#5274,#5275);
#3965=VERTEX_POINT('',#5276);
#3966=CIRCLE('',#5277,2.04);
#3967=LINE('',#5278,#5279);
#3968=LINE('',#5280,#5281);
#3969=LINE('',#5282,#5283);
#3970=CIRCLE('',#5284,0.08);
#3971=VERTEX_POINT('',#5285);
#3972=CIRCLE('',#5286,1.02);
#3973=VERTEX_POINT('',#5287);
#3974=LINE('',#5288,#5289);
#3975=CIRCLE('',#5290,1.02);
#3976=VERTEX_POINT('',#5291);
#3977=B_SPLINE_CURVE_WITH_KNOTS('',3,(#5292,#5293,#5294,#5295,#5296,#5297,#5298),.UNSPECIFIED.,.F.,.F.,(4,1,1,1,4),(0.0,0.25,0.5,0.75,1.0),.UNSPECIFIED.);
#3978=CIRCLE('',#5299,1.1);
#3979=VERTEX_POINT('',#5300);
#3980=LINE('',#5301,#5302);
#3981=VERTEX_POINT('',#5303);
#3982=LINE('',#5304,#5305);
#3983=VERTEX_POINT('',#5306);
#3984=LINE('',#5307,#5308);
#3985=CIRCLE('',#5309,2.014);
#3986=VERTEX_POINT('',#5310);
#3987=B_SPLINE_CURVE_WITH_KNOTS('',3,(#5311,#5312,#5313,#5314,#5315,#5316,#5317),.UNSPECIFIED.,.F.,.F.,(4,1,1,1,4),(0.0,0.25,0.5,0.75,1.0),.UNSPECIFIED.);
#3988=CIRCLE('',#5318,2.094);
#3989=VERTEX_POINT('',#5319);
#3990=LINE('',#5320,#5321);
#3991=CIRCLE('',#5322,2.094);
#3992=VERTEX_POINT('',#5323);
#3993=B_SPLINE_CURVE_WITH_KNOTS('',3,(#5324,#5325,#5326,#5327,#5328,#5329,#5330),.UNSPECIFIED.,.F.,.F.,(4,1,1,1,4),(0.0,0.25,0.5,0.75,1.0),.UNSPECIFIED.);
#3994=CIRCLE('',#5331,2.014);
#3995=VERTEX_POINT('',#5332);
#3996=LINE('',#5333,#5334);
#3997=VERTEX_POINT('',#5335);
#3998=LINE('',#5336,#5337);
#3999=VERTEX_POINT('',#5338);
#4000=LINE('',#5339,#5340);
#4001=CIRCLE('',#5341,1.1);
#4002=B_SPLINE_CURVE_WITH_KNOTS('',3,(#5342,#5343,#5344,#5345,#5346,#5347,#5348),.UNSPECIFIED.,.F.,.F.,(4,1,1,1,4),(0.0,0.25,0.5,0.75,1.0),.UNSPECIFIED.);
#4003=VERTEX_POINT('',#5349);
#4004=B_SPLINE_CURVE_WITH_KNOTS('',3,(#5350,#5351,#5352,#5353),.UNSPECIFIED.,.F.,.F.,(4,4),(0.0,1.0),.UNSPECIFIED.);
#4005=VERTEX_POINT('',#5354);
#4006=B_SPLINE_CURVE_WITH_KNOTS('',3,(#5355,#5356,#5357,#5358),.UNSPECIFIED.,.F.,.F.,(4,4),(0.0,1.0),.UNSPECIFIED.);
#4007=LINE('',#5359,#5360);
#4008=VERTEX_POINT('',#5361);
#4009=LINE('',#5362,#5363);
#4010=LINE('',#5364,#5365);
#4011=VERTEX_POINT('',#5366);
#4012=LINE('',#5367,#5368);
#4013=VERTEX_POINT('',#5369);
#4014=LINE('',#5370,#5371);
#4015=VERTEX_POINT('',#5372);
#4016=LINE('',#5373,#5374);
#4017=B_SPLINE_CURVE_WITH_KNOTS('',3,(#5375,#5376,#5377,#5378),.UNSPECIFIED.,.F.,.F.,(4,4),(0.0,1.0),.UNSPECIFIED.);
#4018=B_SPLINE_CURVE_WITH_KNOTS('',3,(#5379,#5380,#5381,#5382),.UNSPECIFIED.,.F.,.F.,(4,4),(0.0,1.0),.UNSPECIFIED.);
#4019=VERTEX_POINT('',#5383);
#4020=B_SPLINE_CURVE_WITH_KNOTS('',3,(#5384,#5385,#5386,#5387),.UNSPECIFIED.,.F.,.F.,(4,4),(0.0,1.0),.UNSPECIFIED.);
#4021=VERTEX_POINT('',#5388);
#4022=LINE('',#5389,#5390);
#4023=LINE('',#5391,#5392);
#4024=VERTEX_POINT('',#5393);
#4025=VERTEX_POINT('',#5394);
#4026=LINE('',#5395,#5396);
#4027=VERTEX_POINT('',#5397);
#4028=B_SPLINE_CURVE_WITH_KNOTS('',3,(#5398,#5399,#5400,#5401),.UNSPECIFIED.,.F.,.F.,(4,4),(0.0,1.0),.UNSPECIFIED.);
#4029=VERTEX_POINT('',#5402);
#4030=LINE('',#5403,#5404);
#4031=B_SPLINE_CURVE_WITH_KNOTS('',3,(#5405,#5406,#5407,#5408),.UNSPECIFIED.,.F.,.F.,(4,4),(0.0,1.0),.UNSPECIFIED.);
#4032=LINE('',#5409,#5410);
#4033=LINE('',#5411,#5412);
#4034=B_SPLINE_CURVE_WITH_KNOTS('',3,(#5413,#5414,#5415,#5416),.UNSPECIFIED.,.F.,.F.,(4,4),(0.0,1.0),.UNSPECIFIED.);
#4035=LINE('',#5417,#5418);
#4036=LINE('',#5419,#5420);
#4037=VERTEX_POINT('',#5421);
#4038=LINE('',#5422,#5423);
#4039=VERTEX_POINT('',#5424);
#4040=LINE('',#5425,#5426);
#4041=LINE('',#5427,#5428);
#4042=VERTEX_POINT('',#5429);
#4043=LINE('',#5430,#5431);
#4044=LINE('',#5432,#5433);
#4045=VERTEX_POINT('',#5434);
#4046=LINE('',#5435,#5436);
#4047=LINE('',#5437,#5438);
#4048=LINE('',#5439,#5440);
#4049=VERTEX_POINT('',#5441);
#4050=VERTEX_POINT('',#5442);
#4051=LINE('',#5443,#5444);
#4052=VERTEX_POINT('',#5445);
#4053=LINE('',#5446,#5447);
#4054=VERTEX_POINT('',#5448);
#4055=LINE('',#5449,#5450);
#4056=VERTEX_POINT('',#5451);
#4057=LINE('',#5452,#5453);
#4058=VERTEX_POINT('',#5454);
#4059=LINE('',#5455,#5456);
#4060=VERTEX_POINT('',#5457);
#4061=LINE('',#5458,#5459);
#4062=VERTEX_POINT('',#5460);
#4063=LINE('',#5461,#5462);
#4064=VERTEX_POINT('',#5463);
#4065=LINE('',#5464,#5465);
#4066=VERTEX_POINT('',#5466);
#4067=LINE('',#5467,#5468);
#4068=VERTEX_POINT('',#5469);
#4069=LINE('',#5470,#5471);
#4070=VERTEX_POINT('',#5472);
#4071=LINE('',#5473,#5474);
#4072=VERTEX_POINT('',#5475);
#4073=LINE('',#5476,#5477);
#4074=LINE('',#5478,#5479);
#4075=VERTEX_POINT('',#5480);
#4076=VERTEX_POINT('',#5481);
#4077=LINE('',#5482,#5483);
#4078=LINE('',#5484,#5485);
#4079=LINE('',#5486,#5487);
#4080=VERTEX_POINT('',#5488);
#4081=LINE('',#5489,#5490);
#4082=LINE('',#5491,#5492);
#4083=VERTEX_POINT('',#5493);
#4084=LINE('',#5494,#5495);
#4085=LINE('',#5496,#5497);
#4086=VERTEX_POINT('',#5498);
#4087=LINE('',#5499,#5500);
#4088=LINE('',#5501,#5502);
#4089=VERTEX_POINT('',#5503);
#4090=LINE('',#5504,#5505);
#4091=LINE('',#5506,#5507);
#4092=VERTEX_POINT('',#5508);
#4093=LINE('',#5509,#5510);
#4094=LINE('',#5511,#5512);
#4095=VERTEX_POINT('',#5513);
#4096=LINE('',#5514,#5515);
#4097=LINE('',#5516,#5517);
#4098=VERTEX_POINT('',#5518);
#4099=LINE('',#5519,#5520);
#4100=LINE('',#5521,#5522);
#4101=VERTEX_POINT('',#5523);
#4102=LINE('',#5524,#5525);
#4103=LINE('',#5526,#5527);
#4104=VERTEX_POINT('',#5528);
#4105=LINE('',#5529,#5530);
#4106=LINE('',#5531,#5532);
#4107=VERTEX_POINT('',#5533);
#4108=LINE('',#5534,#5535);
#4109=LINE('',#5536,#5537);
#4110=VERTEX_POINT('',#5538);
#4111=LINE('',#5539,#5540);
#4112=LINE('',#5541,#5542);
#4113=LINE('',#5543,#5544);
#4114=VERTEX_POINT('',#5545);
#4115=LINE('',#5546,#5547);
#4116=VERTEX_POINT('',#5548);
#4117=LINE('',#5549,#5550);
#4118=LINE('',#5551,#5552);
#4119=VERTEX_POINT('',#5553);
#4120=VERTEX_POINT('',#5554);
#4121=LINE('',#5555,#5556);
#4122=LINE('',#5557,#5558);
#4123=LINE('',#5559,#5560);
#4124=VERTEX_POINT('',#5561);
#4125=LINE('',#5562,#5563);
#4126=LINE('',#5564,#5565);
#4127=VERTEX_POINT('',#5566);
#4128=VERTEX_POINT('',#5567);
#4129=LINE('',#5568,#5569);
#4130=VERTEX_POINT('',#5570);
#4131=LINE('',#5571,#5572);
#4132=VERTEX_POINT('',#5573);
#4133=LINE('',#5574,#5575);
#4134=VERTEX_POINT('',#5576);
#4135=LINE('',#5577,#5578);
#4136=VERTEX_POINT('',#5579);
#4137=LINE('',#5580,#5581);
#4138=VERTEX_POINT('',#5582);
#4139=LINE('',#5583,#5584);
#4140=VERTEX_POINT('',#5585);
#4141=LINE('',#5586,#5587);
#4142=VERTEX_POINT('',#5588);
#4143=LINE('',#5589,#5590);
#4144=VERTEX_POINT('',#5591);
#4145=LINE('',#5592,#5593);
#4146=VERTEX_POINT('',#5594);
#4147=LINE('',#5595,#5596);
#4148=VERTEX_POINT('',#5597);
#4149=LINE('',#5598,#5599);
#4150=VERTEX_POINT('',#5600);
#4151=LINE('',#5601,#5602);
#4152=VERTEX_POINT('',#5603);
#4153=LINE('',#5604,#5605);
#4154=VERTEX_POINT('',#5606);
#4155=LINE('',#5607,#5608);
#4156=VERTEX_POINT('',#5609);
#4157=LINE('',#5610,#5611);
#4158=VERTEX_POINT('',#5612);
#4159=LINE('',#5613,#5614);
#4160=LINE('',#5615,#5616);
#4161=LINE('',#5617,#5618);
#4162=VERTEX_POINT('',#5619);
#4163=VERTEX_POINT('',#5620);
#4164=CIRCLE('',#5621,0.08);
#4165=VERTEX_POINT('',#5622);
#4166=LINE('',#5623,#5624);
#4167=VERTEX_POINT('',#5625);
#4168=CIRCLE('',#5626,0.08);
#4169=VERTEX_POINT('',#5627);
#4170=LINE('',#5628,#5629);
#4171=VERTEX_POINT('',#5630);
#4172=CIRCLE('',#5631,0.08);
#4173=VERTEX_POINT('',#5632);
#4174=LINE('',#5633,#5634);
#4175=VERTEX_POINT('',#5635);
#4176=CIRCLE('',#5636,0.08);
#4177=LINE('',#5637,#5638);
#4178=VERTEX_POINT('',#5639);
#4179=LINE('',#5640,#5641);
#4180=LINE('',#5642,#5643);
#4181=LINE('',#5644,#5645);
#4182=VERTEX_POINT('',#5646);
#4183=LINE('',#5647,#5648);
#4184=LINE('',#5649,#5650);
#4185=LINE('',#5651,#5652);
#4186=LINE('',#5653,#5654);
#4187=LINE('',#5655,#5656);
#4188=VERTEX_POINT('',#5657);
#4189=LINE('',#5658,#5659);
#4190=LINE('',#5660,#5661);
#4191=VERTEX_POINT('',#5662);
#4192=LINE('',#5663,#5664);
#4193=LINE('',#5665,#5666);
#4194=LINE('',#5667,#5668);
#4195=LINE('',#5669,#5670);
#4196=LINE('',#5671,#5672);
#4197=VERTEX_POINT('',#5673);
#4198=LINE('',#5674,#5675);
#4199=LINE('',#5676,#5677);
#4200=VERTEX_POINT('',#5678);
#4201=LINE('',#5679,#5680);
#4202=LINE('',#5681,#5682);
#4203=LINE('',#5683,#5684);
#4204=LINE('',#5685,#5686);
#4205=VERTEX_POINT('',#5687);
#4206=LINE('',#5688,#5689);
#4207=LINE('',#5690,#5691);
#4208=VERTEX_POINT('',#5692);
#4209=LINE('',#5693,#5694);
#4210=LINE('',#5695,#5696);
#4211=LINE('',#5697,#5698);
#4212=LINE('',#5699,#5700);
#4213=LINE('',#5701,#5702);
#4214=LINE('',#5703,#5704);
#4215=VERTEX_POINT('',#5705);
#4216=LINE('',#5706,#5707);
#4217=LINE('',#5708,#5709);
#4218=VERTEX_POINT('',#5710);
#4219=LINE('',#5711,#5712);
#4220=LINE('',#5713,#5714);
#4221=LINE('',#5715,#5716);
#4222=LINE('',#5717,#5718);
#4223=VERTEX_POINT('',#5719);
#4224=LINE('',#5720,#5721);
#4225=VERTEX_POINT('',#5722);
#4226=LINE('',#5723,#5724);
#4227=LINE('',#5725,#5726);
#4228=VERTEX_POINT('',#5727);
#4229=B_SPLINE_CURVE_WITH_KNOTS('',3,(#5728,#5729,#5730,#5731),.UNSPECIFIED.,.F.,.F.,(4,4),(0.0,1.0),.UNSPECIFIED.);
#4230=VERTEX_POINT('',#5732);
#4231=LINE('',#5733,#5734);
#4232=VERTEX_POINT('',#5735);
#4233=LINE('',#5736,#5737);
#4234=VERTEX_POINT('',#5738);
#4235=LINE('',#5739,#5740);
#4236=B_SPLINE_CURVE_WITH_KNOTS('',3,(#5741,#5742,#5743,#5744),.UNSPECIFIED.,.F.,.F.,(4,4),(0.0,1.0),.UNSPECIFIED.);
#4237=VERTEX_POINT('',#5745);
#4238=B_SPLINE_CURVE_WITH_KNOTS('',3,(#5746,#5747,#5748,#5749),.UNSPECIFIED.,.F.,.F.,(4,4),(0.0,1.0),.UNSPECIFIED.);
#4239=LINE('',#5750,#5751);
#4240=VERTEX_POINT('',#5752);
#4241=LINE('',#5753,#5754);
#4242=LINE('',#5755,#5756);
#4243=VERTEX_POINT('',#5757);
#4244=B_SPLINE_CURVE_WITH_KNOTS('',3,(#5758,#5759,#5760,#5761),.UNSPECIFIED.,.F.,.F.,(4,4),(0.0,1.0),.UNSPECIFIED.);
#4245=VERTEX_POINT('',#5762);
#4246=B_SPLINE_CURVE_WITH_KNOTS('',3,(#5763,#5764,#5765,#5766),.UNSPECIFIED.,.F.,.F.,(4,4),(0.0,1.0),.UNSPECIFIED.);
#4247=LINE('',#5767,#5768);
#4248=VERTEX_POINT('',#5769);
#4249=LINE('',#5770,#5771);
#4250=LINE('',#5772,#5773);
#4251=VERTEX_POINT('',#5774);
#4252=LINE('',#5775,#5776);
#4253=VERTEX_POINT('',#5777);
#4254=LINE('',#5778,#5779);
#4255=VERTEX_POINT('',#5780);
#4256=LINE('',#5781,#5782);
#4257=B_SPLINE_CURVE_WITH_KNOTS('',3,(#5783,#5784,#5785,#5786),.UNSPECIFIED.,.F.,.F.,(4,4),(0.0,1.00000000000016),.UNSPECIFIED.);
#4258=VERTEX_POINT('',#5787);
#4259=B_SPLINE_CURVE_WITH_KNOTS('',3,(#5788,#5789,#5790,#5791),.UNSPECIFIED.,.F.,.F.,(4,4),(0.0,1.0),.UNSPECIFIED.);
#4260=LINE('',#5792,#5793);
#4261=VERTEX_POINT('',#5794);
#4262=LINE('',#5795,#5796);
#4263=LINE('',#5797,#5798);
#4264=B_SPLINE_CURVE_WITH_KNOTS('',3,(#5799,#5800,#5801,#5802),.UNSPECIFIED.,.F.,.F.,(4,4),(0.0,1.0),.UNSPECIFIED.);
#4265=LINE('',#5803,#5804);
#4266=LINE('',#5805,#5806);
#4267=VERTEX_POINT('',#5807);
#4268=LINE('',#5808,#5809);
#4269=VERTEX_POINT('',#5810);
#4270=LINE('',#5811,#5812);
#4271=LINE('',#5813,#5814);
#4272=VERTEX_POINT('',#5815);
#4273=LINE('',#5816,#5817);
#4274=LINE('',#5818,#5819);
#4275=VERTEX_POINT('',#5820);
#4276=LINE('',#5821,#5822);
#4277=VERTEX_POINT('',#5823);
#4278=LINE('',#5824,#5825);
#4279=LINE('',#5826,#5827);
#4280=VERTEX_POINT('',#5828);
#4281=LINE('',#5829,#5830);
#4282=LINE('',#5831,#5832);
#4283=VERTEX_POINT('',#5833);
#4284=LINE('',#5834,#5835);
#4285=LINE('',#5836,#5837);
#4286=VERTEX_POINT('',#5838);
#4287=LINE('',#5839,#5840);
#4288=VERTEX_POINT('',#5841);
#4289=LINE('',#5842,#5843);
#4290=LINE('',#5844,#5845);
#4291=VERTEX_POINT('',#5846);
#4292=LINE('',#5847,#5848);
#4293=VERTEX_POINT('',#5849);
#4294=LINE('',#5850,#5851);
#4295=LINE('',#5852,#5853);
#4296=LINE('',#5854,#5855);
#4297=VERTEX_POINT('',#5856);
#4298=LINE('',#5857,#5858);
#4299=LINE('',#5859,#5860);
#4300=VERTEX_POINT('',#5861);
#4301=LINE('',#5862,#5863);
#4302=LINE('',#5864,#5865);
#4303=VERTEX_POINT('',#5866);
#4304=LINE('',#5867,#5868);
#4305=VERTEX_POINT('',#5869);
#4306=LINE('',#5870,#5871);
#4307=LINE('',#5872,#5873);
#4308=VERTEX_POINT('',#5874);
#4309=LINE('',#5875,#5876);
#4310=LINE('',#5877,#5878);
#4311=LINE('',#5879,#5880);
#4312=VERTEX_POINT('',#5881);
#4313=LINE('',#5882,#5883);
#4314=VERTEX_POINT('',#5884);
#4315=LINE('',#5885,#5886);
#4316=VERTEX_POINT('',#5887);
#4317=LINE('',#5888,#5889);
#4318=LINE('',#5890,#5891);
#4319=LINE('',#5892,#5893);
#4320=VERTEX_POINT('',#5894);
#4321=LINE('',#5895,#5896);
#4322=LINE('',#5897,#5898);
#4323=VERTEX_POINT('',#5899);
#4324=LINE('',#5900,#5901);
#4325=LINE('',#5902,#5903);
#4326=VERTEX_POINT('',#5904);
#4327=LINE('',#5905,#5906);
#4328=LINE('',#5907,#5908);
#4329=VERTEX_POINT('',#5909);
#4330=LINE('',#5910,#5911);
#4331=LINE('',#5912,#5913);
#4332=VERTEX_POINT('',#5914);
#4333=LINE('',#5915,#5916);
#4334=VERTEX_POINT('',#5917);
#4335=LINE('',#5918,#5919);
#4336=LINE('',#5920,#5921);
#4337=VERTEX_POINT('',#5922);
#4338=LINE('',#5923,#5924);
#4339=LINE('',#5925,#5926);
#4340=VERTEX_POINT('',#5927);
#4341=LINE('',#5928,#5929);
#4342=LINE('',#5930,#5931);
#4343=VERTEX_POINT('',#5932);
#4344=LINE('',#5933,#5934);
#4345=LINE('',#5935,#5936);
#4346=VERTEX_POINT('',#5937);
#4347=LINE('',#5938,#5939);
#4348=LINE('',#5940,#5941);
#4349=VERTEX_POINT('',#5942);
#4350=LINE('',#5943,#5944);
#4351=VERTEX_POINT('',#5945);
#4352=LINE('',#5946,#5947);
#4353=LINE('',#5948,#5949);
#4354=LINE('',#5950,#5951);
#4355=VERTEX_POINT('',#5952);
#4356=LINE('',#5953,#5954);
#4357=LINE('',#5955,#5956);
#4358=LINE('',#5957,#5958);
#4359=LINE('',#5959,#5960);
#4360=VERTEX_POINT('',#5961);
#4361=VERTEX_POINT('',#5962);
#4362=CIRCLE('',#5963,0.08);
#4363=VERTEX_POINT('',#5964);
#4364=LINE('',#5965,#5966);
#4365=VERTEX_POINT('',#5967);
#4366=CIRCLE('',#5968,0.08);
#4367=VERTEX_POINT('',#5969);
#4368=LINE('',#5970,#5971);
#4369=VERTEX_POINT('',#5972);
#4370=CIRCLE('',#5973,0.08);
#4371=VERTEX_POINT('',#5974);
#4372=LINE('',#5975,#5976);
#4373=VERTEX_POINT('',#5977);
#4374=CIRCLE('',#5978,0.08);
#4375=LINE('',#5979,#5980);
#4376=VERTEX_POINT('',#5981);
#4377=LINE('',#5982,#5983);
#4378=VERTEX_POINT('',#5984);
#4379=LINE('',#5985,#5986);
#4380=LINE('',#5987,#5988);
#4381=VERTEX_POINT('',#5989);
#4382=B_SPLINE_CURVE_WITH_KNOTS('',3,(#5990,#5991,#5992,#5993),.UNSPECIFIED.,.F.,.F.,(4,4),(0.0,1.0),.UNSPECIFIED.);
#4383=VERTEX_POINT('',#5994);
#4384=B_SPLINE_CURVE_WITH_KNOTS('',3,(#5995,#5996,#5997,#5998),.UNSPECIFIED.,.F.,.F.,(4,4),(0.0,1.0),.UNSPECIFIED.);
#4385=LINE('',#5999,#6000);
#4386=VERTEX_POINT('',#6001);
#4387=LINE('',#6002,#6003);
#4388=LINE('',#6004,#6005);
#4389=VERTEX_POINT('',#6006);
#4390=LINE('',#6007,#6008);
#4391=VERTEX_POINT('',#6009);
#4392=LINE('',#6010,#6011);
#4393=VERTEX_POINT('',#6012);
#4394=LINE('',#6013,#6014);
#4395=B_SPLINE_CURVE_WITH_KNOTS('',3,(#6015,#6016,#6017,#6018),.UNSPECIFIED.,.F.,.F.,(4,4),(0.0,1.0),.UNSPECIFIED.);
#4396=VERTEX_POINT('',#6019);
#4397=B_SPLINE_CURVE_WITH_KNOTS('',3,(#6020,#6021,#6022,#6023),.UNSPECIFIED.,.F.,.F.,(4,4),(0.0,1.0),.UNSPECIFIED.);
#4398=LINE('',#6024,#6025);
#4399=VERTEX_POINT('',#6026);
#4400=LINE('',#6027,#6028);
#4401=LINE('',#6029,#6030);
#4402=VERTEX_POINT('',#6031);
#4403=B_SPLINE_CURVE_WITH_KNOTS('',3,(#6032,#6033,#6034,#6035),.UNSPECIFIED.,.F.,.F.,(4,4),(0.0,1.0),.UNSPECIFIED.);
#4404=VERTEX_POINT('',#6036);
#4405=B_SPLINE_CURVE_WITH_KNOTS('',3,(#6037,#6038,#6039,#6040),.UNSPECIFIED.,.F.,.F.,(4,4),(0.0,1.0),.UNSPECIFIED.);
#4406=LINE('',#6041,#6042);
#4407=VERTEX_POINT('',#6043);
#4408=LINE('',#6044,#6045);
#4409=LINE('',#6046,#6047);
#4410=VERTEX_POINT('',#6048);
#4411=LINE('',#6049,#6050);
#4412=VERTEX_POINT('',#6051);
#4413=LINE('',#6052,#6053);
#4414=VERTEX_POINT('',#6054);
#4415=LINE('',#6055,#6056);
#4416=B_SPLINE_CURVE_WITH_KNOTS('',3,(#6057,#6058,#6059,#6060),.UNSPECIFIED.,.F.,.F.,(4,4),(0.0,1.0),.UNSPECIFIED.);
#4417=B_SPLINE_CURVE_WITH_KNOTS('',3,(#6061,#6062,#6063,#6064),.UNSPECIFIED.,.F.,.F.,(4,4),(0.0,1.0),.UNSPECIFIED.);
#4418=LINE('',#6065,#6066);
#4419=LINE('',#6067,#6068);
#4420=VERTEX_POINT('',#6069);
#4421=LINE('',#6070,#6071);
#4422=LINE('',#6072,#6073);
#4423=LINE('',#6074,#6075);
#4424=CARTESIAN_POINT('',(-13.12366199803,-6.420029345732,6.622999936794));
#4425=CARTESIAN_POINT('',(-13.12366199803,-3.783532865812,6.622999936794));
#4426=CARTESIAN_POINT('',(-13.12366199803,-5.101781105772,6.622999936794));
#4427=VECTOR('',#6076,1.0);
#4428=CARTESIAN_POINT('',(-13.10465959417,-6.420029345711,6.858999936872));
#4429=AXIS2_PLACEMENT_3D('',#6077,#6078,#6079);
#4430=CARTESIAN_POINT('',(-13.10465959418,-3.783532865812,6.858999936794));
#4431=CARTESIAN_POINT('',(-13.10465959417,-6.420029345711,6.858999936872));
#4432=VECTOR('',#6080,2.636496479899);
#4433=AXIS2_PLACEMENT_3D('',#6081,#6082,#6083);
#4434=CARTESIAN_POINT('',(-11.328661823748,-6.48689044651197,8.03091340700833));
#4435=CARTESIAN_POINT('',(-11.32866200454,-5.063533007111,8.030915066076));
#4436=CARTESIAN_POINT('',(-11.32866169429,-6.486892347597,8.03091176924));
#4437=VECTOR('',#6084,1.423359340489);
#4438=CARTESIAN_POINT('',(-11.41322342917,-5.063533010183,8.129716131803));
#4439=AXIS2_PLACEMENT_3D('',#6085,#6086,#6087);
#4440=CARTESIAN_POINT('',(-11.41322340154,-6.312803999706,8.1297161235));
#4441=CARTESIAN_POINT('',(-11.41322341063,-5.063533007111,8.129716126989));
#4442=VECTOR('',#6088,1.249270992595);
#4443=CARTESIAN_POINT('',(-11.32866169429,-6.486892347597,8.03091176924));
#4444=CARTESIAN_POINT('',(-11.32866170654,-6.474033545956,8.037060860593));
#4445=CARTESIAN_POINT('',(-11.32979187049,-6.449209573945,8.049187372262));
#4446=CARTESIAN_POINT('',(-11.33467368567,-6.414911240011,8.066645601718));
#4447=CARTESIAN_POINT('',(-11.3427822991,-6.383652271497,8.083290086057));
#4448=CARTESIAN_POINT('',(-11.35432296456,-6.356132149865,8.098755106722));
#4449=CARTESIAN_POINT('',(-11.36956215836,-6.333295378547,8.112567077693));
#4450=CARTESIAN_POINT('',(-11.38971665963,-6.316774091567,8.124033288809));
#4451=CARTESIAN_POINT('',(-11.40512573028,-6.312804025334,8.128450771145));
#4452=CARTESIAN_POINT('',(-11.41322340197,-6.312803999706,8.129716120718));
#4453=CARTESIAN_POINT('',(-12.78162362344,-7.153533007111,6.622999936794));
#4454=CARTESIAN_POINT('',(-12.952642810737,-6.786781176421,6.622999936794));
#4455=VECTOR('',#6089,1.0);
#4456=CARTESIAN_POINT('',(-13.10465959418,-6.420029345731,6.386999936791));
#4457=AXIS2_PLACEMENT_3D('',#6090,#6091,#6092);
#4458=CARTESIAN_POINT('',(-13.00594612667,-6.592668253738,6.30299978244));
#4459=CARTESIAN_POINT('',(-13.10465959418,-6.420029345731,6.386999936791));
#4460=CARTESIAN_POINT('',(-13.10335726968,-6.420029345731,6.378965270086));
#4461=CARTESIAN_POINT('',(-13.09888751629,-6.423951229648,6.363676531033));
#4462=CARTESIAN_POINT('',(-13.08748292414,-6.440135692521,6.343746499922));
#4463=CARTESIAN_POINT('',(-13.07359312124,-6.462873498553,6.328482709741));
#4464=CARTESIAN_POINT('',(-13.05821197969,-6.490048746453,6.317065257714));
#4465=CARTESIAN_POINT('',(-13.0416485196,-6.520978745784,6.309001194019));
#4466=CARTESIAN_POINT('',(-13.02417692623,-6.555161296422,6.30412215555));
#4467=CARTESIAN_POINT('',(-13.01208058472,-6.579863921491,6.30299978244));
#4468=CARTESIAN_POINT('',(-13.00594612667,-6.592668253738,6.30299978244));
#4469=CARTESIAN_POINT('',(-12.81866189511,-6.981951959403,6.302999473027));
#4470=CARTESIAN_POINT('',(-13.00594612667,-6.592668253738,6.30299978244));
#4471=CARTESIAN_POINT('',(-12.98483422042,-6.636734715567,6.30299978244));
#4472=CARTESIAN_POINT('',(-12.94282252163,-6.724319993284,6.30299994699));
#4473=CARTESIAN_POINT('',(-12.88039956651,-6.85408859052,6.303000132638));
#4474=CARTESIAN_POINT('',(-12.83917938296,-6.93951084864,6.302999473027));
#4475=CARTESIAN_POINT('',(-12.81866189511,-6.981951959403,6.302999473027));
#4476=CARTESIAN_POINT('',(-12.73424712075,-7.153533007111,6.298797860942));
#4477=CARTESIAN_POINT('',(-12.73424928505,-7.153533007111,6.298799169605));
#4478=CARTESIAN_POINT('',(-12.74357830819,-7.134934747672,6.29973019184));
#4479=CARTESIAN_POINT('',(-12.76225415375,-7.097412185703,6.301281314213));
#4480=CARTESIAN_POINT('',(-12.79040872267,-7.04021625945,6.302686663567));
#4481=CARTESIAN_POINT('',(-12.809225521,-7.001471415294,6.302999473027));
#4482=CARTESIAN_POINT('',(-12.81866189511,-6.981951959403,6.302999473027));
#4483=AXIS2_PLACEMENT_3D('',#6093,#6094,#6095);
#4484=CARTESIAN_POINT('',(-11.968662142345,-6.48689042588638,5.21508644960478));
#4485=CARTESIAN_POINT('',(-11.96866199803,-3.783532865812,5.215084811511));
#4486=CARTESIAN_POINT('',(-11.96866228666,-6.486892321218,5.215088087698));
#4487=VECTOR('',#6096,2.703359455407);
#4488=CARTESIAN_POINT('',(-11.88410059452,-3.783532865812,5.116283750088));
#4489=AXIS2_PLACEMENT_3D('',#6097,#6098,#6099);
#4490=CARTESIAN_POINT('',(-11.88410059452,-6.312803999706,5.116283750088));
#4491=CARTESIAN_POINT('',(-11.88410059452,-3.783532865812,5.116283750088));
#4492=VECTOR('',#6100,2.529271133894);
#4493=CARTESIAN_POINT('',(-11.96866228666,-6.486892321218,5.215088087698));
#4494=CARTESIAN_POINT('',(-11.96866228666,-6.473984080875,5.208915357515));
#4495=CARTESIAN_POINT('',(-11.96752572172,-6.449079623142,5.19674948854));
#4496=CARTESIAN_POINT('',(-11.9625981844,-6.414628675011,5.179207505343));
#4497=CARTESIAN_POINT('',(-11.95446738795,-6.383457364546,5.16260179084));
#4498=CARTESIAN_POINT('',(-11.94297335799,-6.356067584162,5.147207487901));
#4499=CARTESIAN_POINT('',(-11.92761207912,-6.333126327139,5.13332449906));
#4500=CARTESIAN_POINT('',(-11.90757621315,-6.316782025868,5.12196555699));
#4501=CARTESIAN_POINT('',(-11.89218801749,-6.312803999706,5.117547486106));
#4502=CARTESIAN_POINT('',(-11.88410059452,-6.312803999706,5.116283750088));
#4503=CARTESIAN_POINT('',(-10.17366199803,-3.783532865812,6.622999936794));
#4504=CARTESIAN_POINT('',(-10.17366199803,-6.420029345732,6.622999936794));
#4505=CARTESIAN_POINT('',(-10.17366199803,-5.101781105772,6.622999936794));
#4506=VECTOR('',#6101,1.0);
#4507=CARTESIAN_POINT('',(-10.19266440188,-3.783532865812,6.858999936794));
#4508=AXIS2_PLACEMENT_3D('',#6102,#6103,#6104);
#4509=CARTESIAN_POINT('',(-10.19266440188,-6.420029345731,6.858999936796));
#4510=CARTESIAN_POINT('',(-10.19266440188,-6.420029345731,6.858999936796));
#4511=VECTOR('',#6105,2.636496479919);
#4512=AXIS2_PLACEMENT_3D('',#6106,#6107,#6108);
#4513=CARTESIAN_POINT('',(-10.515700372616,-7.153533007111,6.622999936794));
#4514=CARTESIAN_POINT('',(-10.344681185323,-6.786781176421,6.622999936794));
#4515=VECTOR('',#6109,1.0);
#4516=CARTESIAN_POINT('',(-10.56307598189,-7.153533007111,6.298799105509));
#4517=AXIS2_PLACEMENT_3D('',#6110,#6111,#6112);
#4518=CARTESIAN_POINT('',(-10.47866209102,-6.981949220677,6.302999518114));
#4519=CARTESIAN_POINT('',(-10.47866209102,-6.981949220677,6.302999518114));
#4520=CARTESIAN_POINT('',(-10.48810007447,-7.001472006157,6.302999518114));
#4521=CARTESIAN_POINT('',(-10.5069189316,-7.040213788396,6.302686558255));
#4522=CARTESIAN_POINT('',(-10.53507381837,-7.097410531145,6.30128097756));
#4523=CARTESIAN_POINT('',(-10.55374656006,-7.134933977926,6.299730210653));
#4524=CARTESIAN_POINT('',(-10.56307598189,-7.153533007111,6.298799105509));
#4525=CARTESIAN_POINT('',(-10.29137786629,-6.59266824731,6.302999782703));
#4526=CARTESIAN_POINT('',(-10.29137786629,-6.59266824731,6.302999782703));
#4527=CARTESIAN_POINT('',(-10.3121176541,-6.63595799376,6.302999782703));
#4528=CARTESIAN_POINT('',(-10.35362460281,-6.722511413976,6.302999952879));
#4529=CARTESIAN_POINT('',(-10.41605912176,-6.852276133124,6.303000111633));
#4530=CARTESIAN_POINT('',(-10.45776975703,-6.938732726758,6.302999518114));
#4531=CARTESIAN_POINT('',(-10.47866209102,-6.981949220677,6.302999518114));
#4532=CARTESIAN_POINT('',(-10.19266440189,-6.420029345711,6.386999936716));
#4533=CARTESIAN_POINT('',(-10.29137786629,-6.59266824731,6.302999782703));
#4534=CARTESIAN_POINT('',(-10.28524281208,-6.579862670725,6.302999782703));
#4535=CARTESIAN_POINT('',(-10.27314569394,-6.555158491385,6.304122382749));
#4536=CARTESIAN_POINT('',(-10.25567424519,-6.520976419532,6.309001677995));
#4537=CARTESIAN_POINT('',(-10.23911231139,-6.490049400426,6.31706537892));
#4538=CARTESIAN_POINT('',(-10.22373319463,-6.462877322691,6.328480357401));
#4539=CARTESIAN_POINT('',(-10.20983987191,-6.440133837907,6.343748148442));
#4540=CARTESIAN_POINT('',(-10.19843798859,-6.423953409233,6.363673636858));
#4541=CARTESIAN_POINT('',(-10.19396693813,-6.420029345708,6.378963963654));
#4542=CARTESIAN_POINT('',(-10.19266440189,-6.420029345711,6.386999936716));
#4543=AXIS2_PLACEMENT_3D('',#6113,#6114,#6115);
#4544=CARTESIAN_POINT('',(-10.496094,8.700844042925,-1.977000004799));
#4545=CARTESIAN_POINT('',(-12.796094,8.700844042925,-1.977000004799));
#4546=CARTESIAN_POINT('',(-10.496094,8.700844042925,-1.977000004799));
#4547=VECTOR('',#6116,2.3);
#4548=CARTESIAN_POINT('',(-12.796094,10.25084400492,0.6247856839693));
#4549=CARTESIAN_POINT('',(-12.796094,10.25084400492,0.6247856839693));
#4550=VECTOR('',#6117,3.028496104086);
#4551=CARTESIAN_POINT('',(-10.496094,10.25084400492,0.6247856839693));
#4552=CARTESIAN_POINT('',(-10.496094,10.25084400492,0.6247856839693));
#4553=VECTOR('',#6118,2.3);
#4554=CARTESIAN_POINT('',(-10.496094,8.700844042925,-1.977000004799));
#4555=VECTOR('',#6119,3.028496104086);
#4556=CARTESIAN_POINT('',(-10.496094,10.25084400492,1.22504888108));
#4557=CARTESIAN_POINT('',(-10.496094,10.25084400492,0.6247856839693));
#4558=VECTOR('',#6120,0.6002631971108);
#4559=CARTESIAN_POINT('',(-10.496094,8.700844065728,1.22504888108));
#4560=CARTESIAN_POINT('',(-10.496094,8.700844065728,1.22504888108));
#4561=VECTOR('',#6121,1.549999939192);
#4562=CARTESIAN_POINT('',(-10.496094,8.700844042925,-1.977000004799));
#4563=VECTOR('',#6122,3.202048885879);
#4564=CARTESIAN_POINT('',(-12.796094,8.700844065728,1.22504888108));
#4565=CARTESIAN_POINT('',(-10.496094,8.700844065728,1.22504888108));
#4566=VECTOR('',#6123,2.3);
#4567=CARTESIAN_POINT('',(-12.796094,8.700844065728,1.22504888108));
#4568=VECTOR('',#6124,3.202048885879);
#4569=CARTESIAN_POINT('',(-15.32075225658,8.700844065728,-1.977000030316));
#4570=CARTESIAN_POINT('',(-15.32075225658,8.700844065728,-1.977000030316));
#4571=VECTOR('',#6125,2.524658256585);
#4572=CARTESIAN_POINT('',(-15.32075225658,8.700844065728,12.823));
#4573=CARTESIAN_POINT('',(-15.32075225658,8.700844065728,12.823));
#4574=VECTOR('',#6126,14.80000003032);
#4575=CARTESIAN_POINT('',(-7.971435739465,8.700844065728,12.823));
#4576=CARTESIAN_POINT('',(-15.32075225658,8.700844065728,12.823));
#4577=VECTOR('',#6127,7.34931651712);
#4578=CARTESIAN_POINT('',(-7.971435739465,8.700844065728,-1.977000030316));
#4579=CARTESIAN_POINT('',(-7.971435739465,8.700844065728,-1.977000030316));
#4580=VECTOR('',#6128,14.80000003032);
#4581=CARTESIAN_POINT('',(-10.496094,8.700844042925,-1.977000004799));
#4582=VECTOR('',#6129,2.524658260535);
#4583=CARTESIAN_POINT('',(-7.471435739465,8.200844065728,-1.977000030316));
#4584=AXIS2_PLACEMENT_3D('',#6130,#6131,#6132);
#4585=CARTESIAN_POINT('',(-7.471435739465,-3.283532865812,-1.977000030316));
#4586=CARTESIAN_POINT('',(-7.471435739465,-3.283532865812,-1.977000030316));
#4587=VECTOR('',#6133,11.48437693154);
#4588=CARTESIAN_POINT('',(-7.971436096195,-3.783532912912,-1.977000030316));
#4589=AXIS2_PLACEMENT_3D('',#6134,#6135,#6136);
#4590=CARTESIAN_POINT('',(-15.32075189983,-3.783532912912,-1.977000030316));
#4591=CARTESIAN_POINT('',(-7.971436096195,-3.783532912912,-1.977000030316));
#4592=VECTOR('',#6137,7.349315803632);
#4593=CARTESIAN_POINT('',(-15.82075225658,-3.283532865812,-1.977000030316));
#4594=AXIS2_PLACEMENT_3D('',#6138,#6139,#6140);
#4595=CARTESIAN_POINT('',(-15.82075225658,8.200844065728,-1.977000030316));
#4596=CARTESIAN_POINT('',(-15.82075225658,8.200844065728,-1.977000030316));
#4597=VECTOR('',#6141,11.48437693154);
#4598=AXIS2_PLACEMENT_3D('',#6142,#6143,#6144);
#4599=CARTESIAN_POINT('',(-9.485047278584,-2.497784567431,-1.977000030316));
#4600=CARTESIAN_POINT('',(-8.47143574144,-2.497784567431,-1.977000030316));
#4601=CARTESIAN_POINT('',(-9.485047278584,-2.497784567431,-1.977000030316));
#4602=VECTOR('',#6145,1.013611537144);
#4603=CARTESIAN_POINT('',(-8.47143574144,-1.125629290479,-1.977000030316));
#4604=CARTESIAN_POINT('',(-8.47143574144,-1.125629290479,-1.977000030316));
#4605=VECTOR('',#6146,1.372155276952);
#4606=CARTESIAN_POINT('',(-8.903982005594,-1.125629290479,-1.977000030316));
#4607=CARTESIAN_POINT('',(-8.47143574144,-1.125629290479,-1.977000030316));
#4608=VECTOR('',#6147,0.4325462641539);
#4609=CARTESIAN_POINT('',(-8.903982005594,-0.1844052904794,-1.977000030316));
#4610=CARTESIAN_POINT('',(-8.903982005594,-0.1844052904794,-1.977000030316));
#4611=VECTOR('',#6148,0.9412239999999);
#4612=CARTESIAN_POINT('',(-8.47509478547,-0.1844052904794,-1.977000030316));
#4613=CARTESIAN_POINT('',(-8.903982005594,-0.1844052904794,-1.977000030316));
#4614=VECTOR('',#6149,0.4288872201235);
#4615=CARTESIAN_POINT('',(-8.47509478547,1.22743070952,-1.977000030316));
#4616=CARTESIAN_POINT('',(-8.47509478547,1.22743070952,-1.977000030316));
#4617=VECTOR('',#6150,1.411836);
#4618=CARTESIAN_POINT('',(-8.903982005594,1.22743070952,-1.977000030316));
#4619=CARTESIAN_POINT('',(-8.903982005594,1.22743070952,-1.977000030316));
#4620=VECTOR('',#6151,0.4288872201235);
#4621=CARTESIAN_POINT('',(-8.903982005594,1.802551762225,-1.977000030316));
#4622=CARTESIAN_POINT('',(-8.903982005594,1.802551762225,-1.977000030316));
#4623=VECTOR('',#6152,0.5751210527049);
#4624=CARTESIAN_POINT('',(-9.056163639469,1.802551762225,-1.977000030316));
#4625=CARTESIAN_POINT('',(-9.056163639469,1.802551762225,-1.977000030316));
#4626=VECTOR('',#6153,0.1521816338746);
#4627=CARTESIAN_POINT('',(-14.23602436053,1.802551762225,-1.977000030316));
#4628=CARTESIAN_POINT('',(-14.23602436053,1.802551762225,-1.977000030316));
#4629=VECTOR('',#6154,5.179860721063);
#4630=CARTESIAN_POINT('',(-14.38820599441,1.802551762225,-1.977000030316));
#4631=CARTESIAN_POINT('',(-14.38820599441,1.802551762225,-1.977000030316));
#4632=VECTOR('',#6155,0.1521816338745);
#4633=CARTESIAN_POINT('',(-14.38820599441,1.22743070952,-1.977000030316));
#4634=CARTESIAN_POINT('',(-14.38820599441,1.22743070952,-1.977000030316));
#4635=VECTOR('',#6156,0.5751210527049);
#4636=CARTESIAN_POINT('',(-14.81709321453,1.22743070952,-1.977000030316));
#4637=CARTESIAN_POINT('',(-14.38820599441,1.22743070952,-1.977000030316));
#4638=VECTOR('',#6157,0.4288872201236);
#4639=CARTESIAN_POINT('',(-14.81709321453,-0.1844052904794,-1.977000030316));
#4640=CARTESIAN_POINT('',(-14.81709321453,-0.1844052904794,-1.977000030316));
#4641=VECTOR('',#6158,1.411836);
#4642=CARTESIAN_POINT('',(-14.38820599441,-0.1844052904794,-1.977000030316));
#4643=CARTESIAN_POINT('',(-14.38820599441,-0.1844052904794,-1.977000030316));
#4644=VECTOR('',#6159,0.4288872201236);
#4645=CARTESIAN_POINT('',(-14.38820599441,-1.125629290479,-1.977000030316));
#4646=CARTESIAN_POINT('',(-14.38820599441,-1.125629290479,-1.977000030316));
#4647=VECTOR('',#6160,0.9412239999999);
#4648=CARTESIAN_POINT('',(-14.81709321453,-1.125629290479,-1.977000030316));
#4649=CARTESIAN_POINT('',(-14.38820599441,-1.125629290479,-1.977000030316));
#4650=VECTOR('',#6161,0.4288872201236);
#4651=CARTESIAN_POINT('',(-14.81709321453,-2.497784567431,-1.977000030316));
#4652=CARTESIAN_POINT('',(-14.81709321453,-1.125629290479,-1.977000030316));
#4653=VECTOR('',#6162,1.372155276952);
#4654=CARTESIAN_POINT('',(-14.38820599441,-2.497784567431,-1.977000030316));
#4655=CARTESIAN_POINT('',(-14.81709321453,-2.497784567431,-1.977000030316));
#4656=VECTOR('',#6163,0.4288872201236);
#4657=CARTESIAN_POINT('',(-14.38820599441,-3.362586343184,-1.977000030316));
#4658=CARTESIAN_POINT('',(-14.38820599441,-2.497784567431,-1.977000030316));
#4659=VECTOR('',#6164,0.8648017757527);
#4660=CARTESIAN_POINT('',(-10.34984905434,-3.362586343184,-1.977000030316));
#4661=CARTESIAN_POINT('',(-10.34984905434,-3.362586343184,-1.977000030316));
#4662=VECTOR('',#6165,4.03835694007);
#4663=CARTESIAN_POINT('',(-10.34984905434,-3.362586343184,-1.977000030316));
#4664=VECTOR('',#6166,1.223014400034);
#4665=CARTESIAN_POINT('',(-14.38820599441,6.92743070952,-1.977000030316));
#4666=CARTESIAN_POINT('',(-14.38820599441,7.752551762225,-1.977000030316));
#4667=CARTESIAN_POINT('',(-14.38820599441,6.92743070952,-1.977000030316));
#4668=VECTOR('',#6167,0.8251210527049);
#4669=CARTESIAN_POINT('',(-14.81709321453,6.92743070952,-1.977000030316));
#4670=CARTESIAN_POINT('',(-14.38820599441,6.92743070952,-1.977000030316));
#4671=VECTOR('',#6168,0.4288872201236);
#4672=CARTESIAN_POINT('',(-14.81709321453,5.515594709521,-1.977000030316));
#4673=CARTESIAN_POINT('',(-14.81709321453,5.515594709521,-1.977000030316));
#4674=VECTOR('',#6169,1.411836);
#4675=CARTESIAN_POINT('',(-14.38820599441,5.515594709521,-1.977000030316));
#4676=CARTESIAN_POINT('',(-14.38820599441,5.515594709521,-1.977000030316));
#4677=VECTOR('',#6170,0.4288872201236);
#4678=CARTESIAN_POINT('',(-14.38820599441,4.574370709521,-1.977000030316));
#4679=CARTESIAN_POINT('',(-14.38820599441,4.574370709521,-1.977000030316));
#4680=VECTOR('',#6171,0.9412239999999);
#4681=CARTESIAN_POINT('',(-14.81709321453,4.574370709521,-1.977000030316));
#4682=CARTESIAN_POINT('',(-14.38820599441,4.574370709521,-1.977000030316));
#4683=VECTOR('',#6172,0.4288872201236);
#4684=CARTESIAN_POINT('',(-14.81709321453,3.162534709521,-1.977000030316));
#4685=CARTESIAN_POINT('',(-14.81709321453,3.162534709521,-1.977000030316));
#4686=VECTOR('',#6173,1.411836);
#4687=CARTESIAN_POINT('',(-14.38820599441,3.162534709521,-1.977000030316));
#4688=CARTESIAN_POINT('',(-14.38820599441,3.162534709521,-1.977000030316));
#4689=VECTOR('',#6174,0.4288872201236);
#4690=CARTESIAN_POINT('',(-14.38820599441,2.587413656816,-1.977000030316));
#4691=CARTESIAN_POINT('',(-14.38820599441,2.587413656816,-1.977000030316));
#4692=VECTOR('',#6175,0.5751210527049);
#4693=CARTESIAN_POINT('',(-14.23602436053,2.587413656816,-1.977000030316));
#4694=CARTESIAN_POINT('',(-14.23602436053,2.587413656816,-1.977000030316));
#4695=VECTOR('',#6176,0.1521816338745);
#4696=CARTESIAN_POINT('',(-9.056163639469,2.587413656816,-1.977000030316));
#4697=CARTESIAN_POINT('',(-9.056163639469,2.587413656816,-1.977000030316));
#4698=VECTOR('',#6177,5.179860721063);
#4699=CARTESIAN_POINT('',(-8.903982005594,2.587413656816,-1.977000030316));
#4700=CARTESIAN_POINT('',(-8.903982005594,2.587413656816,-1.977000030316));
#4701=VECTOR('',#6178,0.1521816338746);
#4702=CARTESIAN_POINT('',(-8.903982005594,3.162534709521,-1.977000030316));
#4703=CARTESIAN_POINT('',(-8.903982005594,3.162534709521,-1.977000030316));
#4704=VECTOR('',#6179,0.5751210527049);
#4705=CARTESIAN_POINT('',(-8.47509478547,3.162534709521,-1.977000030316));
#4706=CARTESIAN_POINT('',(-8.47509478547,3.162534709521,-1.977000030316));
#4707=VECTOR('',#6180,0.4288872201235);
#4708=CARTESIAN_POINT('',(-8.47509478547,4.574370709521,-1.977000030316));
#4709=CARTESIAN_POINT('',(-8.47509478547,4.574370709521,-1.977000030316));
#4710=VECTOR('',#6181,1.411836);
#4711=CARTESIAN_POINT('',(-8.903982005594,4.574370709521,-1.977000030316));
#4712=CARTESIAN_POINT('',(-8.903982005594,4.574370709521,-1.977000030316));
#4713=VECTOR('',#6182,0.4288872201235);
#4714=CARTESIAN_POINT('',(-8.903982005594,5.515594709521,-1.977000030316));
#4715=CARTESIAN_POINT('',(-8.903982005594,5.515594709521,-1.977000030316));
#4716=VECTOR('',#6183,0.9412239999999);
#4717=CARTESIAN_POINT('',(-8.47509478547,5.515594709521,-1.977000030316));
#4718=CARTESIAN_POINT('',(-8.47509478547,5.515594709521,-1.977000030316));
#4719=VECTOR('',#6184,0.4288872201235);
#4720=CARTESIAN_POINT('',(-8.47509478547,6.92743070952,-1.977000030316));
#4721=CARTESIAN_POINT('',(-8.47509478547,6.92743070952,-1.977000030316));
#4722=VECTOR('',#6185,1.411836);
#4723=CARTESIAN_POINT('',(-8.903982005594,6.92743070952,-1.977000030316));
#4724=CARTESIAN_POINT('',(-8.903982005594,6.92743070952,-1.977000030316));
#4725=VECTOR('',#6186,0.4288872201235);
#4726=CARTESIAN_POINT('',(-8.903982005594,7.752551762225,-1.977000030316));
#4727=CARTESIAN_POINT('',(-8.903982005594,7.752551762225,-1.977000030316));
#4728=VECTOR('',#6187,0.8251210527049);
#4729=CARTESIAN_POINT('',(-8.903982005594,7.752551762225,-1.977000030316));
#4730=VECTOR('',#6188,5.484223988813);
#4731=CARTESIAN_POINT('',(-15.82075225658,8.200844065728,12.823));
#4732=AXIS2_PLACEMENT_3D('',#6189,#6190,#6191);
#4733=CARTESIAN_POINT('',(-15.82075225658,8.200844065728,-1.977000030316));
#4734=VECTOR('',#6192,14.80000003032);
#4735=CARTESIAN_POINT('',(-15.82075225658,-3.283532865812,12.823));
#4736=CARTESIAN_POINT('',(-15.82075225658,-3.283532865812,12.823));
#4737=VECTOR('',#6193,14.80000003032);
#4738=CARTESIAN_POINT('',(-15.82075225658,8.200844065728,12.823));
#4739=VECTOR('',#6194,11.48437693154);
#4740=CARTESIAN_POINT('',(-15.82075225658,0.6586555999581,2.672999969685));
#4741=CARTESIAN_POINT('',(-15.82075225658,0.6586555999581,-0.8270000303151));
#4742=CARTESIAN_POINT('',(-15.82075225658,0.6586555999581,2.672999969685));
#4743=VECTOR('',#6195,3.5);
#4744=CARTESIAN_POINT('',(-15.82075225658,-2.841344400042,2.672999969685));
#4745=CARTESIAN_POINT('',(-15.82075225658,-2.841344400042,2.672999969685));
#4746=VECTOR('',#6196,3.5);
#4747=CARTESIAN_POINT('',(-15.82075225658,-2.841344400042,-0.8270000303151));
#4748=CARTESIAN_POINT('',(-15.82075225658,-2.841344400042,-0.8270000303151));
#4749=VECTOR('',#6197,3.5);
#4750=CARTESIAN_POINT('',(-15.82075225658,0.6586555999581,-0.8270000303151));
#4751=VECTOR('',#6198,3.5);
#4752=CARTESIAN_POINT('',(-7.971436096222,-3.783532912912,12.823));
#4753=CARTESIAN_POINT('',(-7.471435739465,-3.283532865812,12.823));
#4754=AXIS2_PLACEMENT_3D('',#6199,#6200,#6201);
#4755=CARTESIAN_POINT('',(-7.471435739465,8.200844065728,12.823));
#4756=CARTESIAN_POINT('',(-7.471435739465,8.200844065728,12.823));
#4757=VECTOR('',#6202,11.48437693154);
#4758=AXIS2_PLACEMENT_3D('',#6203,#6204,#6205);
#4759=CARTESIAN_POINT('',(-15.32075189985,-3.783532912912,12.823));
#4760=AXIS2_PLACEMENT_3D('',#6206,#6207,#6208);
#4761=CARTESIAN_POINT('',(-15.32075189985,-3.783532912912,12.823));
#4762=VECTOR('',#6209,7.349315803632);
#4763=CARTESIAN_POINT('',(-12.128094,4.672422709521,12.823));
#4764=CARTESIAN_POINT('',(-12.208094,4.752422709521,12.823));
#4765=AXIS2_PLACEMENT_3D('',#6210,#6211,#6212);
#4766=CARTESIAN_POINT('',(-12.208094,5.716422709521,12.823));
#4767=CARTESIAN_POINT('',(-12.208094,5.716422709521,12.823));
#4768=VECTOR('',#6213,0.964);
#4769=CARTESIAN_POINT('',(-12.128094,5.796422709521,12.823));
#4770=AXIS2_PLACEMENT_3D('',#6214,#6215,#6216);
#4771=CARTESIAN_POINT('',(-11.164094,5.796422709521,12.823));
#4772=CARTESIAN_POINT('',(-11.164094,5.796422709521,12.823));
#4773=VECTOR('',#6217,0.964);
#4774=CARTESIAN_POINT('',(-11.084094,5.716422709521,12.823));
#4775=AXIS2_PLACEMENT_3D('',#6218,#6219,#6220);
#4776=CARTESIAN_POINT('',(-11.084094,4.752422709521,12.823));
#4777=CARTESIAN_POINT('',(-11.084094,4.752422709521,12.823));
#4778=VECTOR('',#6221,0.964);
#4779=CARTESIAN_POINT('',(-11.164094,4.672422709521,12.823));
#4780=AXIS2_PLACEMENT_3D('',#6222,#6223,#6224);
#4781=CARTESIAN_POINT('',(-12.128094,4.672422709521,12.823));
#4782=VECTOR('',#6225,0.964);
#4783=CARTESIAN_POINT('',(-12.13066200001,-1.110683091564,12.823));
#4784=CARTESIAN_POINT('',(-12.210662,-1.022001940984,12.823));
#4785=CARTESIAN_POINT('',(-12.13066200001,-1.110683091564,12.823));
#4786=CARTESIAN_POINT('',(-12.14097218937,-1.110683091564,12.823));
#4787=CARTESIAN_POINT('',(-12.16022634036,-1.106582167844,12.823));
#4788=CARTESIAN_POINT('',(-12.18713621231,-1.087923837658,12.823));
#4789=CARTESIAN_POINT('',(-12.20569500033,-1.058665407859,12.823));
#4790=CARTESIAN_POINT('',(-12.210662,-1.035077178712,12.823));
#4791=CARTESIAN_POINT('',(-12.210662,-1.022001940984,12.823));
#4792=CARTESIAN_POINT('',(-12.210662,-0.04550589812342,12.823));
#4793=CARTESIAN_POINT('',(-12.210662,-0.04550589812342,12.823));
#4794=VECTOR('',#6226,0.9764960428605);
#4795=CARTESIAN_POINT('',(-12.13066200003,0.03611490415669,12.823));
#4796=CARTESIAN_POINT('',(-12.13066200003,0.03611490415669,12.823));
#4797=CARTESIAN_POINT('',(-12.14148780624,0.03611490415669,12.823));
#4798=CARTESIAN_POINT('',(-12.16146676845,0.03197764858124,12.823));
#4799=CARTESIAN_POINT('',(-12.18845234232,0.0141176538951,12.823));
#4800=CARTESIAN_POINT('',(-12.2063736652,-0.01335667387065,12.823));
#4801=CARTESIAN_POINT('',(-12.210662,-0.03415560079011,12.823));
#4802=CARTESIAN_POINT('',(-12.210662,-0.04550589812342,12.823));
#4803=CARTESIAN_POINT('',(-11.16666199997,0.03611490415668,12.823));
#4804=CARTESIAN_POINT('',(-11.16666199997,0.03611490415668,12.823));
#4805=VECTOR('',#6227,0.964000000065);
#4806=CARTESIAN_POINT('',(-11.086662,-0.04550589812378,12.823));
#4807=CARTESIAN_POINT('',(-11.16666199997,0.03611490415668,12.823));
#4808=CARTESIAN_POINT('',(-11.15576345285,0.03611490415668,12.823));
#4809=CARTESIAN_POINT('',(-11.13569254323,0.03191048750352,12.823));
#4810=CARTESIAN_POINT('',(-11.10883548642,0.01405032673019,12.823));
#4811=CARTESIAN_POINT('',(-11.09098045917,-0.01330063309201,12.823));
#4812=CARTESIAN_POINT('',(-11.086662,-0.03412877255264,12.823));
#4813=CARTESIAN_POINT('',(-11.086662,-0.04550589812445,12.823));
#4814=CARTESIAN_POINT('',(-11.086662,-1.022001940984,12.823));
#4815=CARTESIAN_POINT('',(-11.086662,-1.022001940984,12.823));
#4816=VECTOR('',#6228,0.9764960428595);
#4817=CARTESIAN_POINT('',(-11.16666199999,-1.110683091564,12.823));
#4818=CARTESIAN_POINT('',(-11.086662,-1.022001940984,12.823));
#4819=CARTESIAN_POINT('',(-11.086662,-1.034868105368,12.823));
#4820=CARTESIAN_POINT('',(-11.09144109891,-1.058201856592,12.823));
#4821=CARTESIAN_POINT('',(-11.11007742155,-1.087924975552,12.823));
#4822=CARTESIAN_POINT('',(-11.13745572308,-1.106754617633,12.823));
#4823=CARTESIAN_POINT('',(-11.15651321922,-1.110683091564,12.823));
#4824=CARTESIAN_POINT('',(-11.16666199999,-1.110683091564,12.823));
#4825=CARTESIAN_POINT('',(-12.13066200001,-1.110683091564,12.823));
#4826=VECTOR('',#6229,0.9640000000259);
#4827=CARTESIAN_POINT('',(-15.32075225659,-3.783532865812,11.82299996968));
#4828=CARTESIAN_POINT('',(-15.32075225659,-3.783532865812,11.82299996968));
#4829=VECTOR('',#6230,1.000000030316);
#4830=CARTESIAN_POINT('',(-13.82075225659,-3.783532865812,11.82299996968));
#4831=CARTESIAN_POINT('',(-15.32075225659,-3.783532865812,11.82299996968));
#4832=VECTOR('',#6231,1.5);
#4833=CARTESIAN_POINT('',(-13.82075225659,-3.783532865812,-0.9770000303163));
#4834=CARTESIAN_POINT('',(-13.82075225659,-3.783532865812,-0.9770000303163));
#4835=VECTOR('',#6232,12.8);
#4836=CARTESIAN_POINT('',(-15.32075225659,-3.783532865812,-0.9770015303163));
#4837=CARTESIAN_POINT('',(-15.32075225659,-3.783532865812,-0.9770015303163));
#4838=VECTOR('',#6233,1.500000000001);
#4839=CARTESIAN_POINT('',(-15.32075189983,-3.783532912912,-1.977000030316));
#4840=VECTOR('',#6234,0.9999985000001);
#4841=CARTESIAN_POINT('',(-7.971435741934,-3.783532865812,-0.9770000303163));
#4842=CARTESIAN_POINT('',(-7.971435741934,-3.783532865812,-0.9770000303163));
#4843=VECTOR('',#6235,1.0);
#4844=CARTESIAN_POINT('',(-9.471435743415,-3.783532865812,-0.9770000303163));
#4845=CARTESIAN_POINT('',(-9.471435743415,-3.783532865812,-0.9770000303163));
#4846=VECTOR('',#6236,1.500000001481);
#4847=CARTESIAN_POINT('',(-9.471435743415,-3.783532865812,11.82299996968));
#4848=CARTESIAN_POINT('',(-9.471435743415,-3.783532865812,11.82299996968));
#4849=VECTOR('',#6237,12.8);
#4850=CARTESIAN_POINT('',(-7.971435741934,-3.783532865812,11.82299996968));
#4851=CARTESIAN_POINT('',(-9.471435743415,-3.783532865812,11.82299996968));
#4852=VECTOR('',#6238,1.500000001481);
#4853=CARTESIAN_POINT('',(-7.971436096222,-3.783532912912,12.823));
#4854=VECTOR('',#6239,1.000000030316);
#4855=CARTESIAN_POINT('',(-12.81866199803,-3.783532865812,6.942999936794));
#4856=CARTESIAN_POINT('',(-11.96866199803,-3.783532865812,7.792999936794));
#4857=AXIS2_PLACEMENT_3D('',#6240,#6241,#6242);
#4858=CARTESIAN_POINT('',(-11.96866199803,-3.783532865812,8.030915062077));
#4859=CARTESIAN_POINT('',(-11.96866199803,-3.783532865812,7.792999936794));
#4860=VECTOR('',#6243,0.2379151252828);
#4861=CARTESIAN_POINT('',(-11.88410059452,-3.783532865812,8.1297161235));
#4862=AXIS2_PLACEMENT_3D('',#6244,#6245,#6246);
#4863=CARTESIAN_POINT('',(-11.41322339828,-3.783532865812,8.129716123896));
#4864=AXIS2_PLACEMENT_3D('',#6247,#6248,#6249);
#4865=CARTESIAN_POINT('',(-11.32866199876,-3.783532865812,8.030915058021));
#4866=AXIS2_PLACEMENT_3D('',#6250,#6251,#6252);
#4867=CARTESIAN_POINT('',(-11.32866199803,-3.783532865812,7.792999936794));
#4868=CARTESIAN_POINT('',(-11.32866199803,-3.783532865812,7.792999936794));
#4869=VECTOR('',#6253,0.2379151212269);
#4870=CARTESIAN_POINT('',(-10.47866199803,-3.783532865812,6.942999936794));
#4871=AXIS2_PLACEMENT_3D('',#6254,#6255,#6256);
#4872=CARTESIAN_POINT('',(-10.29137610331,-3.783532865812,6.942999936794));
#4873=CARTESIAN_POINT('',(-10.29137610331,-3.783532865812,6.942999936794));
#4874=VECTOR('',#6257,0.1872858947178);
#4875=AXIS2_PLACEMENT_3D('',#6258,#6259,#6260);
#4876=CARTESIAN_POINT('',(-10.19266440188,-3.783532865812,6.386999936794));
#4877=AXIS2_PLACEMENT_3D('',#6261,#6262,#6263);
#4878=CARTESIAN_POINT('',(-10.29137610331,-3.783532865812,6.302999936794));
#4879=AXIS2_PLACEMENT_3D('',#6264,#6265,#6266);
#4880=CARTESIAN_POINT('',(-10.47866199803,-3.783532865812,6.302999936794));
#4881=CARTESIAN_POINT('',(-10.47866199803,-3.783532865812,6.302999936794));
#4882=VECTOR('',#6267,0.1872858947178);
#4883=CARTESIAN_POINT('',(-11.32866199803,-3.783532865812,5.452999936793));
#4884=AXIS2_PLACEMENT_3D('',#6268,#6269,#6270);
#4885=CARTESIAN_POINT('',(-11.32866200022,-3.783532865812,5.215084823679));
#4886=CARTESIAN_POINT('',(-11.32866199803,-3.783532865812,5.452999936793));
#4887=VECTOR('',#6271,0.2379151212261);
#4888=CARTESIAN_POINT('',(-11.41322339761,-3.783532865812,5.116283750701));
#4889=AXIS2_PLACEMENT_3D('',#6272,#6273,#6274);
#4890=AXIS2_PLACEMENT_3D('',#6275,#6276,#6277);
#4891=CARTESIAN_POINT('',(-11.96866199803,-3.783532865812,5.452999936794));
#4892=CARTESIAN_POINT('',(-11.96866199803,-3.783532865812,5.452999936794));
#4893=VECTOR('',#6278,0.2379151252828);
#4894=CARTESIAN_POINT('',(-12.81866199803,-3.783532865812,6.302999936794));
#4895=AXIS2_PLACEMENT_3D('',#6279,#6280,#6281);
#4896=CARTESIAN_POINT('',(-13.00594789274,-3.783532865812,6.302999936794));
#4897=CARTESIAN_POINT('',(-12.81866199803,-3.783532865812,6.302999936794));
#4898=VECTOR('',#6282,0.1872858947178);
#4899=CARTESIAN_POINT('',(-13.10465959418,-3.783532865812,6.386999936794));
#4900=AXIS2_PLACEMENT_3D('',#6283,#6284,#6285);
#4901=AXIS2_PLACEMENT_3D('',#6286,#6287,#6288);
#4902=CARTESIAN_POINT('',(-13.00594789274,-3.783532865812,6.942999936794));
#4903=AXIS2_PLACEMENT_3D('',#6289,#6290,#6291);
#4904=CARTESIAN_POINT('',(-12.81866199803,-3.783532865812,6.942999936794));
#4905=VECTOR('',#6292,0.1872858947178);
#4906=CARTESIAN_POINT('',(-7.971435741934,-3.783532865812,11.82299996968));
#4907=VECTOR('',#6293,12.8);
#4908=CARTESIAN_POINT('',(-7.471435739465,-3.283532865812,-1.977000030316));
#4909=VECTOR('',#6294,14.80000003032);
#4910=CARTESIAN_POINT('',(-7.471435739465,8.200844065728,12.823));
#4911=VECTOR('',#6295,14.80000003032);
#4912=CARTESIAN_POINT('',(-7.971435743415,-4.283499881597,-0.9770000303163));
#4913=CARTESIAN_POINT('',(-7.971435741934,-3.783532865812,-0.9770000303163));
#4914=VECTOR('',#6296,0.4999670157847);
#4915=CARTESIAN_POINT('',(-7.971435743415,-4.283499881597,11.82299996968));
#4916=CARTESIAN_POINT('',(-7.971435743415,-4.283499881597,11.82299996968));
#4917=VECTOR('',#6297,0.4999670157847);
#4918=CARTESIAN_POINT('',(-7.971435743415,-4.283499881597,-0.9770000303163));
#4919=VECTOR('',#6298,12.8);
#4920=CARTESIAN_POINT('',(-9.471435743415,-4.283499881597,-0.9770000303163));
#4921=CARTESIAN_POINT('',(-7.971435743415,-4.283499881597,-0.9770000303163));
#4922=VECTOR('',#6299,1.5);
#4923=CARTESIAN_POINT('',(-9.471435743415,-4.283499881597,11.82299996968));
#4924=CARTESIAN_POINT('',(-9.471435743415,-4.283499881597,11.82299996968));
#4925=VECTOR('',#6300,1.5);
#4926=CARTESIAN_POINT('',(-9.471435743415,-4.283499881597,-0.9770000303163));
#4927=VECTOR('',#6301,12.8);
#4928=CARTESIAN_POINT('',(-9.471435743415,-4.283499881597,-0.9770000303163));
#4929=VECTOR('',#6302,0.4999670157847);
#4930=CARTESIAN_POINT('',(-9.471435743415,-3.783532865812,11.82299996968));
#4931=VECTOR('',#6303,0.4999670157847);
#4932=CARTESIAN_POINT('',(-15.32075225659,-3.783532865812,-0.9770015303163));
#4933=VECTOR('',#6304,12.8000015);
#4934=CARTESIAN_POINT('',(-15.32075225659,-4.283499881597,-0.9770000303163));
#4935=CARTESIAN_POINT('',(-15.32075225659,-4.283499881597,-0.9770000303163));
#4936=VECTOR('',#6305,0.499967015787);
#4937=CARTESIAN_POINT('',(-15.32075225659,-4.283499881597,11.82299996968));
#4938=CARTESIAN_POINT('',(-15.32075225659,-4.283499881597,-0.9770000303163));
#4939=VECTOR('',#6306,12.8);
#4940=CARTESIAN_POINT('',(-15.32075225659,-4.283499881597,11.82299996968));
#4941=VECTOR('',#6307,0.4999670157847);
#4942=CARTESIAN_POINT('',(-13.82075225659,-4.283499881597,11.82299996968));
#4943=CARTESIAN_POINT('',(-13.82075225659,-3.783532865812,11.82299996968));
#4944=VECTOR('',#6308,0.4999670157847);
#4945=CARTESIAN_POINT('',(-13.82075225659,-4.283499881597,11.82299996968));
#4946=VECTOR('',#6309,1.5);
#4947=CARTESIAN_POINT('',(-13.82075225659,-4.283499881597,-0.9770000303163));
#4948=CARTESIAN_POINT('',(-13.82075225659,-4.283499881597,-0.9770000303163));
#4949=VECTOR('',#6310,1.5);
#4950=CARTESIAN_POINT('',(-13.82075225659,-4.283499881597,-0.9770000303163));
#4951=VECTOR('',#6311,12.8);
#4952=CARTESIAN_POINT('',(-13.82075225659,-3.783532865812,-0.9770000303163));
#4953=VECTOR('',#6312,0.4999670157847);
#4954=CARTESIAN_POINT('',(-13.00594612976,-6.592668247309,6.943000090884));
#4955=CARTESIAN_POINT('',(-13.00594612976,-6.592668247309,6.943000090884));
#4956=VECTOR('',#6313,2.809135381497);
#4957=CARTESIAN_POINT('',(-12.81866190504,-6.981949220678,6.943000355474));
#4958=CARTESIAN_POINT('',(-13.00594612976,-6.592668247309,6.943000090884));
#4959=CARTESIAN_POINT('',(-12.98520634195,-6.635957993774,6.943000090884));
#4960=CARTESIAN_POINT('',(-12.94369939322,-6.72251141401,6.942999920709));
#4961=CARTESIAN_POINT('',(-12.88126487428,-6.852276133159,6.942999761955));
#4962=CARTESIAN_POINT('',(-12.83955423902,-6.938732726773,6.943000355474));
#4963=CARTESIAN_POINT('',(-12.81866190504,-6.981949220678,6.943000355474));
#4964=CARTESIAN_POINT('',(-12.81866199803,-3.783532865812,6.942999936794));
#4965=VECTOR('',#6314,3.198416354865);
#4966=CARTESIAN_POINT('',(-12.7342414341,-7.153533007111,6.947221053693));
#4967=CARTESIAN_POINT('',(-12.81866190504,-6.981949220678,6.943000355474));
#4968=CARTESIAN_POINT('',(-12.80922392158,-7.001472006157,6.943000355474));
#4969=CARTESIAN_POINT('',(-12.79040327824,-7.040213788397,6.94331370361));
#4970=CARTESIAN_POINT('',(-12.7622567712831,-7.09740983651561,6.94471752000796));
#4971=CARTESIAN_POINT('',(-12.7435647203966,-7.13493261080245,6.94627251836011));
#4972=CARTESIAN_POINT('',(-12.7342356372516,-7.15353097420509,6.94720357838825));
#4973=CARTESIAN_POINT('',(-11.97286407388,-7.153533007111,7.708585059516));
#4974=AXIS2_PLACEMENT_3D('',#6315,#6316,#6317);
#4975=CARTESIAN_POINT('',(-11.9686623852,-6.981953496327,7.792999850908));
#4976=CARTESIAN_POINT('',(-11.97286276461,-7.153533007111,7.708587224257));
#4977=CARTESIAN_POINT('',(-11.97193174239,-7.134934747813,7.717916247308));
#4978=CARTESIAN_POINT('',(-11.97038061065,-7.09741239084,7.736592094977));
#4979=CARTESIAN_POINT('',(-11.96897530695,-7.040215541268,7.764746652696));
#4980=CARTESIAN_POINT('',(-11.9686623852,-7.001472953303,7.783563476771));
#4981=CARTESIAN_POINT('',(-11.9686623852,-6.981953496327,7.792999850908));
#4982=CARTESIAN_POINT('',(-11.9686623852,-6.981953496327,7.792999850908));
#4983=VECTOR('',#6318,3.198420630515);
#4984=CARTESIAN_POINT('',(-11.96866228742,-6.486892339396,8.030911777151));
#4985=CARTESIAN_POINT('',(-11.96866228742,-6.486892339396,8.030911777151));
#4986=CARTESIAN_POINT('',(-11.96866228742,-6.543179907576,8.003995019926));
#4987=CARTESIAN_POINT('',(-11.9686619146,-6.654890234955,7.950502347843));
#4988=CARTESIAN_POINT('',(-11.96866185593,-6.81992379853,7.871208170128));
#4989=CARTESIAN_POINT('',(-11.9686623852,-6.928227532209,7.818972822333));
#4990=CARTESIAN_POINT('',(-11.9686623852,-6.981953496327,7.792999850908));
#4991=CARTESIAN_POINT('',(-11.96866199803,-3.783532865812,8.030915062077));
#4992=VECTOR('',#6319,2.703359473586);
#4993=CARTESIAN_POINT('',(-11.88410059462,-6.312803999679,8.129716123484));
#4994=CARTESIAN_POINT('',(-11.88410059462,-6.312803999679,8.129716123484));
#4995=CARTESIAN_POINT('',(-11.892186581,-6.312803999675,8.128452611948));
#4996=CARTESIAN_POINT('',(-11.90757301711,-6.316779708042,8.124035913925));
#4997=CARTESIAN_POINT('',(-11.92761335088,-6.33312775183,8.112674467392));
#4998=CARTESIAN_POINT('',(-11.94297092434,-6.356063542194,8.098794805011));
#4999=CARTESIAN_POINT('',(-11.95446748081,-6.383456614085,8.083398430138));
#5000=CARTESIAN_POINT('',(-11.96259869777,-6.414631109932,8.06679108477));
#5001=CARTESIAN_POINT('',(-11.96752596417,-6.449082604629,8.049248925354));
#5002=CARTESIAN_POINT('',(-11.96866228742,-6.473985425979,8.037083872806));
#5003=CARTESIAN_POINT('',(-11.96866228742,-6.486892339396,8.030911777151));
#5004=CARTESIAN_POINT('',(-11.88410059462,-6.312803999679,8.129716123484));
#5005=VECTOR('',#6320,2.529271133867);
#5006=AXIS2_PLACEMENT_3D('',#6321,#6322,#6323);
#5007=CARTESIAN_POINT('',(-11.41322339828,-3.783532865812,8.129716123896));
#5008=VECTOR('',#6324,1.280000141299);
#5009=CARTESIAN_POINT('',(-11.32866200454,-5.063533007111,8.030915066076));
#5010=VECTOR('',#6325,1.280000141299);
#5011=CARTESIAN_POINT('',(-11.32866165594,-6.981950757797,7.792999860829));
#5012=CARTESIAN_POINT('',(-11.32866169429,-6.486892347597,8.03091176924));
#5013=CARTESIAN_POINT('',(-11.32866169429,-6.541953901421,8.004581292993));
#5014=CARTESIAN_POINT('',(-11.32866209416,-6.652036934473,7.951886585557));
#5015=CARTESIAN_POINT('',(-11.32866211717,-6.817061600225,7.872570278002));
#5016=CARTESIAN_POINT('',(-11.32866165594,-6.927001312615,7.819564304082));
#5017=CARTESIAN_POINT('',(-11.32866165594,-6.981950757797,7.792999860829));
#5018=CARTESIAN_POINT('',(-11.32866199803,-3.783532865812,7.792999936794));
#5019=VECTOR('',#6326,3.198417891984);
#5020=CARTESIAN_POINT('',(-11.32445992218,-7.153533007111,7.708585059515));
#5021=CARTESIAN_POINT('',(-11.32866165594,-6.981950757797,7.792999860829));
#5022=CARTESIAN_POINT('',(-11.32866165594,-7.001473544369,7.783561877346));
#5023=CARTESIAN_POINT('',(-11.32834858379,-7.040213070115,7.764742994481));
#5024=CARTESIAN_POINT('',(-11.32694304875,-7.097410736305,7.736588118904));
#5025=CARTESIAN_POINT('',(-11.32539227247,-7.134933978065,7.717915375108));
#5026=CARTESIAN_POINT('',(-11.32446116734,-7.153533007111,7.708585953357));
#5027=CARTESIAN_POINT('',(-10.56308256187,-7.153533007111,6.947221053403));
#5028=AXIS2_PLACEMENT_3D('',#6327,#6328,#6329);
#5029=CARTESIAN_POINT('',(-10.47866210094,-6.981951959509,6.943000400561));
#5030=CARTESIAN_POINT('',(-10.5630873441178,-7.15353148501926,6.94720353977099));
#5031=CARTESIAN_POINT('',(-10.5537585744636,-7.13493372404979,6.94627255129971));
#5032=CARTESIAN_POINT('',(-10.5350633346026,-7.09741166561202,6.9447171876855));
#5033=CARTESIAN_POINT('',(-10.5069170596,-7.040216259402,6.943313598286));
#5034=CARTESIAN_POINT('',(-10.48809847505,-7.001471415399,6.943000400561));
#5035=CARTESIAN_POINT('',(-10.47866210094,-6.981951959509,6.943000400561));
#5036=CARTESIAN_POINT('',(-10.47866210094,-6.981951959509,6.943000400561));
#5037=VECTOR('',#6330,3.198419093697);
#5038=CARTESIAN_POINT('',(-10.29137786639,-6.592668247514,6.943000090886));
#5039=CARTESIAN_POINT('',(-10.29137610331,-3.783532865812,6.942999936794));
#5040=VECTOR('',#6331,2.809135381702);
#5041=CARTESIAN_POINT('',(-10.47866210094,-6.981951959509,6.943000400561));
#5042=CARTESIAN_POINT('',(-10.45776976644,-6.938735465875,6.943000400561));
#5043=CARTESIAN_POINT('',(-10.41605911742,-6.852274854981,6.942999740915));
#5044=CARTESIAN_POINT('',(-10.35362460405,-6.722511779162,6.94299992672));
#5045=CARTESIAN_POINT('',(-10.31211765421,-6.635957993994,6.943000090886));
#5046=CARTESIAN_POINT('',(-10.29137786639,-6.592668247514,6.943000090886));
#5047=CARTESIAN_POINT('',(-10.19266440188,-6.420029345731,6.858999936796));
#5048=CARTESIAN_POINT('',(-10.19396672641,-6.420029345731,6.867034603695));
#5049=CARTESIAN_POINT('',(-10.19843647995,-6.423951229897,6.882323342989));
#5050=CARTESIAN_POINT('',(-10.20984107207,-6.440135692769,6.902253373859));
#5051=CARTESIAN_POINT('',(-10.22373087503,-6.462873498873,6.917517164026));
#5052=CARTESIAN_POINT('',(-10.23911201583,-6.490048745552,6.928934615387));
#5053=CARTESIAN_POINT('',(-10.25567547424,-6.520978741537,6.936998678816));
#5054=CARTESIAN_POINT('',(-10.2731470698,-6.555161296396,6.941877717961));
#5055=CARTESIAN_POINT('',(-10.28524340775,-6.579863914039,6.943000090886));
#5056=CARTESIAN_POINT('',(-10.29137786639,-6.592668247514,6.943000090886));
#5057=AXIS2_PLACEMENT_3D('',#6332,#6333,#6334);
#5058=CARTESIAN_POINT('',(-10.19266440189,-6.420029345711,6.386999936716));
#5059=VECTOR('',#6335,2.636496479899);
#5060=CARTESIAN_POINT('',(-10.29137786629,-6.59266824731,6.302999782703));
#5061=VECTOR('',#6336,2.809135381498);
#5062=CARTESIAN_POINT('',(-10.47866199803,-3.783532865812,6.302999936794));
#5063=VECTOR('',#6337,3.198416354865);
#5064=CARTESIAN_POINT('',(-11.32445992218,-7.153533007111,5.537414814072));
#5065=AXIS2_PLACEMENT_3D('',#6338,#6339,#6340);
#5066=CARTESIAN_POINT('',(-11.32866161086,-6.981953496324,5.45300002268));
#5067=CARTESIAN_POINT('',(-11.32446123144,-7.153533007111,5.53741264933));
#5068=CARTESIAN_POINT('',(-11.32539225366,-7.134934747813,5.528083626279));
#5069=CARTESIAN_POINT('',(-11.3269433854,-7.097412390839,5.50940777861));
#5070=CARTESIAN_POINT('',(-11.3283486891,-7.04021554127,5.481253220892));
#5071=CARTESIAN_POINT('',(-11.32866161086,-7.0014729533,5.462436396816));
#5072=CARTESIAN_POINT('',(-11.32866161086,-6.981953496324,5.45300002268));
#5073=CARTESIAN_POINT('',(-11.32866161086,-6.981953496324,5.45300002268));
#5074=VECTOR('',#6341,3.198420630512);
#5075=CARTESIAN_POINT('',(-11.32866169909,-6.486892354439,5.21508810618));
#5076=CARTESIAN_POINT('',(-11.32866169909,-6.486892354439,5.21508810618));
#5077=CARTESIAN_POINT('',(-11.32866169909,-6.543179922606,5.242004863421));
#5078=CARTESIAN_POINT('',(-11.32866208591,-6.654890227941,5.295497521191));
#5079=CARTESIAN_POINT('',(-11.32866213885,-6.819923800534,5.37479170476));
#5080=CARTESIAN_POINT('',(-11.32866161086,-6.928227532211,5.427027051257));
#5081=CARTESIAN_POINT('',(-11.32866161086,-6.981953496324,5.45300002268));
#5082=CARTESIAN_POINT('',(-11.32866200901,-5.063533005664,5.215084803918));
#5083=CARTESIAN_POINT('',(-11.32866200242,-5.063533007111,5.21508480898));
#5084=VECTOR('',#6342,1.423359347331);
#5085=CARTESIAN_POINT('',(-11.32866199876,-3.783532865812,5.215084815567));
#5086=VECTOR('',#6343,1.280000141299);
#5087=CARTESIAN_POINT('',(-11.41322340581,-5.063533007759,5.11628374784));
#5088=AXIS2_PLACEMENT_3D('',#6344,#6345,#6346);
#5089=CARTESIAN_POINT('',(-11.4132234037,-3.783532865812,5.116283748845));
#5090=VECTOR('',#6347,1.280000141947);
#5091=CARTESIAN_POINT('',(-11.41322339585,-6.312803999706,5.116283752779));
#5092=CARTESIAN_POINT('',(-11.41322339585,-6.312803999706,5.116283752779));
#5093=VECTOR('',#6348,1.249270991947);
#5094=AXIS2_PLACEMENT_3D('',#6349,#6350,#6351);
#5095=CARTESIAN_POINT('',(-11.96866234011,-6.981950757796,5.453000012758));
#5096=CARTESIAN_POINT('',(-11.96866228666,-6.486892321218,5.215088087698));
#5097=CARTESIAN_POINT('',(-11.96866228666,-6.54195387508,5.241418563926));
#5098=CARTESIAN_POINT('',(-11.96866190894,-6.652036946833,5.294113295842));
#5099=CARTESIAN_POINT('',(-11.96866187687,-6.817061596766,5.373429593389));
#5100=CARTESIAN_POINT('',(-11.96866234011,-6.927001312639,5.426435569517));
#5101=CARTESIAN_POINT('',(-11.96866234011,-6.981950757796,5.453000012758));
#5102=CARTESIAN_POINT('',(-11.96866199803,-3.783532865812,5.452999936794));
#5103=VECTOR('',#6352,3.198417891984);
#5104=CARTESIAN_POINT('',(-11.97286282871,-7.153533007111,5.537413920231));
#5105=CARTESIAN_POINT('',(-11.96866234011,-6.981950757796,5.453000012758));
#5106=CARTESIAN_POINT('',(-11.96866234011,-7.001473544369,5.462437996242));
#5107=CARTESIAN_POINT('',(-11.96897541226,-7.040213070115,5.481256879107));
#5108=CARTESIAN_POINT('',(-11.9703809473,-7.097410736308,5.509411754687));
#5109=CARTESIAN_POINT('',(-11.97193172359,-7.134933978067,5.528084498481));
#5110=CARTESIAN_POINT('',(-11.97286282871,-7.153533007111,5.537413920231));
#5111=AXIS2_PLACEMENT_3D('',#6353,#6354,#6355);
#5112=CARTESIAN_POINT('',(-12.81866189511,-6.981951959403,6.302999473027));
#5113=VECTOR('',#6356,3.198419093591);
#5114=CARTESIAN_POINT('',(-13.00594789274,-3.783532865812,6.302999936794));
#5115=VECTOR('',#6357,2.809135387927);
#5116=CARTESIAN_POINT('',(-13.10465959418,-6.420029345731,6.386999936791));
#5117=VECTOR('',#6358,2.636496479919);
#5118=AXIS2_PLACEMENT_3D('',#6359,#6360,#6361);
#5119=CARTESIAN_POINT('',(-13.00594612976,-6.592668247309,6.943000090884));
#5120=CARTESIAN_POINT('',(-13.01208118397,-6.579862670724,6.943000090884));
#5121=CARTESIAN_POINT('',(-13.02417830212,-6.555158491385,6.941877490839));
#5122=CARTESIAN_POINT('',(-13.04164975086,-6.520976419533,6.936998195593));
#5123=CARTESIAN_POINT('',(-13.05821168467,-6.490049400427,6.928934494668));
#5124=CARTESIAN_POINT('',(-13.07359080143,-6.462877322692,6.917519516187));
#5125=CARTESIAN_POINT('',(-13.08748412414,-6.440133837907,6.902251725146));
#5126=CARTESIAN_POINT('',(-13.09888600747,-6.423953409233,6.88232623673));
#5127=CARTESIAN_POINT('',(-13.10335705792,-6.420029345708,6.867035909934));
#5128=CARTESIAN_POINT('',(-13.10465959417,-6.420029345711,6.858999936872));
#5129=AXIS2_PLACEMENT_3D('',#6362,#6363,#6364);
#5130=AXIS2_PLACEMENT_3D('',#6365,#6366,#6367);
#5131=CARTESIAN_POINT('',(-11.32866169909,-6.486892354439,5.21508810618));
#5132=CARTESIAN_POINT('',(-11.32866171104,-6.474011891445,5.208928656418));
#5133=CARTESIAN_POINT('',(-11.32979578319,-6.449152375195,5.196784092406));
#5134=CARTESIAN_POINT('',(-11.33468945319,-6.414826065131,5.179310176464));
#5135=CARTESIAN_POINT('',(-11.34281294396,-6.383558510482,5.162658649798));
#5136=CARTESIAN_POINT('',(-11.35436541375,-6.356051312468,5.147198128448));
#5137=CARTESIAN_POINT('',(-11.36961263412,-6.333239610528,5.133396931208));
#5138=CARTESIAN_POINT('',(-11.38975869979,-6.316756629547,5.121951435596));
#5139=CARTESIAN_POINT('',(-11.40514269293,-6.312804030963,5.117546453479));
#5140=CARTESIAN_POINT('',(-11.41322339585,-6.312803999706,5.116283752779));
#5141=CARTESIAN_POINT('',(-12.128094,4.672422709521,17.82100003284));
#5142=CARTESIAN_POINT('',(-11.164094,4.672422709521,17.82100003284));
#5143=CARTESIAN_POINT('',(-12.128094,4.672422709521,17.82100003284));
#5144=VECTOR('',#6368,0.964);
#5145=CARTESIAN_POINT('',(-12.128094,4.672422709521,12.823));
#5146=VECTOR('',#6369,4.998000032842);
#5147=CARTESIAN_POINT('',(-11.164094,4.672422709521,17.82100003284));
#5148=VECTOR('',#6370,4.998000032842);
#5149=CARTESIAN_POINT('',(-11.084094,4.752422709521,17.82100003284));
#5150=CARTESIAN_POINT('',(-11.084094,4.752422709521,12.823));
#5151=VECTOR('',#6371,4.998000032842);
#5152=AXIS2_PLACEMENT_3D('',#6372,#6373,#6374);
#5153=CARTESIAN_POINT('',(-11.084094,3.632422709521,18.94100003284));
#5154=AXIS2_PLACEMENT_3D('',#6375,#6376,#6377);
#5155=CARTESIAN_POINT('',(-11.164094,3.632422709521,18.86100003284));
#5156=AXIS2_PLACEMENT_3D('',#6378,#6379,#6380);
#5157=AXIS2_PLACEMENT_3D('',#6381,#6382,#6383);
#5158=CARTESIAN_POINT('',(-12.128094,3.632422709521,18.86100003284));
#5159=CARTESIAN_POINT('',(-11.164094,3.632422709521,18.86100003284));
#5160=VECTOR('',#6384,0.964);
#5161=AXIS2_PLACEMENT_3D('',#6385,#6386,#6387);
#5162=CARTESIAN_POINT('',(-12.208094,3.632422709521,18.94100003284));
#5163=AXIS2_PLACEMENT_3D('',#6388,#6389,#6390);
#5164=CARTESIAN_POINT('',(-12.208094,4.752422709521,17.82100003284));
#5165=AXIS2_PLACEMENT_3D('',#6391,#6392,#6393);
#5166=AXIS2_PLACEMENT_3D('',#6394,#6395,#6396);
#5167=CARTESIAN_POINT('',(-12.208094,4.752422709521,17.82100003284));
#5168=VECTOR('',#6397,4.998000032842);
#5169=CARTESIAN_POINT('',(-12.208094,-7.483532865812,19.90478151009));
#5170=CARTESIAN_POINT('',(-12.208094,-7.483532865812,18.94100003284));
#5171=CARTESIAN_POINT('',(-12.208094,-7.483532865812,19.90478151009));
#5172=VECTOR('',#6398,0.9637814772521);
#5173=CARTESIAN_POINT('',(-12.208094,3.756422709521,19.90478151009));
#5174=CARTESIAN_POINT('',(-12.208094,3.756422709521,19.90478151009));
#5175=VECTOR('',#6399,11.23995557533);
#5176=CARTESIAN_POINT('',(-12.208094,5.716422709521,17.94478151009));
#5177=AXIS2_PLACEMENT_3D('',#6400,#6401,#6402);
#5178=CARTESIAN_POINT('',(-12.208094,5.716422709521,12.823));
#5179=VECTOR('',#6403,5.121781510094);
#5180=CARTESIAN_POINT('',(-12.208094,-7.483532865812,18.94100003284));
#5181=VECTOR('',#6404,11.11595557533);
#5182=CARTESIAN_POINT('',(-12.128094,-7.483532865812,18.86100003284));
#5183=CARTESIAN_POINT('',(-12.1846625425,-7.506964323318,18.88443149035));
#5184=CARTESIAN_POINT('',(-12.128094,-7.483532865812,18.86100003284));
#5185=CARTESIAN_POINT('',(-12.15266785329,-7.483532865812,18.86100003284));
#5186=CARTESIAN_POINT('',(-12.17047482168,-7.492776602503,18.87024376953));
#5187=CARTESIAN_POINT('',(-12.1846625425,-7.506964323318,18.88443149035));
#5188=CARTESIAN_POINT('',(-12.1846625425,-7.506964323318,18.88443149035));
#5189=CARTESIAN_POINT('',(-12.19885026331,-7.492776602503,18.89861921116));
#5190=CARTESIAN_POINT('',(-12.208094,-7.483532865812,18.91642617955));
#5191=CARTESIAN_POINT('',(-12.208094,-7.483532865812,18.94100003284));
#5192=CARTESIAN_POINT('',(-12.128094,3.632422709521,18.86100003284));
#5193=VECTOR('',#6405,11.11595557533);
#5194=CARTESIAN_POINT('',(-11.164094,-7.483532865812,18.86100003284));
#5195=CARTESIAN_POINT('',(-11.164094,-7.483532865812,18.86100003284));
#5196=VECTOR('',#6406,11.11595557533);
#5197=CARTESIAN_POINT('',(-11.164094,-7.483532865812,18.86100003284));
#5198=VECTOR('',#6407,0.964);
#5199=CARTESIAN_POINT('',(-11.484094,-7.883532865812,19.26100003284));
#5200=CARTESIAN_POINT('',(-11.808094,-7.883532865812,19.26100003284));
#5201=CARTESIAN_POINT('',(-11.484094,-7.883532865812,19.26100003284));
#5202=VECTOR('',#6408,0.3239999999999);
#5203=CARTESIAN_POINT('',(-12.1846625425,-7.506964323318,18.88443149035));
#5204=VECTOR('',#6409,0.6522358481334);
#5205=CARTESIAN_POINT('',(-11.10752545751,-7.506964323317,18.88443149035));
#5206=CARTESIAN_POINT('',(-11.10752545751,-7.506964323317,18.88443149035));
#5207=CARTESIAN_POINT('',(-11.12171317832,-7.492776602503,18.87024376953));
#5208=CARTESIAN_POINT('',(-11.13952014671,-7.483532865812,18.86100003284));
#5209=CARTESIAN_POINT('',(-11.164094,-7.483532865812,18.86100003284));
#5210=CARTESIAN_POINT('',(-11.484094,-7.883532865812,19.26100003284));
#5211=VECTOR('',#6410,0.6522358481334);
#5212=CARTESIAN_POINT('',(-11.10752545751,-7.506964323317,19.96135005259));
#5213=CARTESIAN_POINT('',(-11.084094,-7.483532865812,19.90478151009));
#5214=CARTESIAN_POINT('',(-11.10752545751,-7.506964323318,19.96135005259));
#5215=CARTESIAN_POINT('',(-11.09333773669,-7.492776602503,19.94716233177));
#5216=CARTESIAN_POINT('',(-11.084094,-7.483532865812,19.92935536339));
#5217=CARTESIAN_POINT('',(-11.084094,-7.483532865812,19.90478151009));
#5218=CARTESIAN_POINT('',(-11.484094,-7.883532865812,19.58478151009));
#5219=CARTESIAN_POINT('',(-11.10752545751,-7.506964323318,19.96135005259));
#5220=VECTOR('',#6411,0.6522358481334);
#5221=CARTESIAN_POINT('',(-11.484094,-7.883532865812,19.58478151009));
#5222=VECTOR('',#6412,0.3237814772521);
#5223=CARTESIAN_POINT('',(-11.084094,-7.483532865812,18.94100003284));
#5224=CARTESIAN_POINT('',(-11.084094,-7.483532865812,18.94100003284));
#5225=CARTESIAN_POINT('',(-11.084094,-7.483532865812,18.91642617955));
#5226=CARTESIAN_POINT('',(-11.09333773669,-7.492776602503,18.89861921116));
#5227=CARTESIAN_POINT('',(-11.10752545751,-7.506964323318,18.88443149035));
#5228=CARTESIAN_POINT('',(-11.084094,-7.483532865812,19.90478151009));
#5229=VECTOR('',#6413,0.9637814772521);
#5230=CARTESIAN_POINT('',(-11.084094,5.716422709521,17.94478151009));
#5231=CARTESIAN_POINT('',(-11.084094,5.716422709521,17.94478151009));
#5232=VECTOR('',#6414,5.121781510094);
#5233=CARTESIAN_POINT('',(-11.084094,3.756422709521,19.90478151009));
#5234=AXIS2_PLACEMENT_3D('',#6415,#6416,#6417);
#5235=CARTESIAN_POINT('',(-11.084094,-7.483532865812,19.90478151009));
#5236=VECTOR('',#6418,11.23995557533);
#5237=CARTESIAN_POINT('',(-11.084094,3.632422709521,18.94100003284));
#5238=VECTOR('',#6419,11.11595557533);
#5239=CARTESIAN_POINT('',(-11.164094,3.756422709521,19.98478151009));
#5240=AXIS2_PLACEMENT_3D('',#6420,#6421,#6422);
#5241=CARTESIAN_POINT('',(-11.164094,-7.483532865812,19.98478151009));
#5242=CARTESIAN_POINT('',(-11.164094,3.756422709521,19.98478151009));
#5243=VECTOR('',#6423,11.23995557533);
#5244=CARTESIAN_POINT('',(-11.164094,-7.483532865812,19.98478151009));
#5245=CARTESIAN_POINT('',(-11.13952014671,-7.483532865812,19.98478151009));
#5246=CARTESIAN_POINT('',(-11.12171317832,-7.492776602503,19.9755377734));
#5247=CARTESIAN_POINT('',(-11.10752545751,-7.506964323317,19.96135005259));
#5248=CARTESIAN_POINT('',(-12.128094,-7.483532865812,19.98478151009));
#5249=CARTESIAN_POINT('',(-12.128094,-7.483532865812,19.98478151009));
#5250=VECTOR('',#6424,0.964);
#5251=CARTESIAN_POINT('',(-12.1846625425,-7.506964323318,19.96135005259));
#5252=CARTESIAN_POINT('',(-12.1846625425,-7.506964323317,19.96135005259));
#5253=CARTESIAN_POINT('',(-12.17047482168,-7.492776602503,19.9755377734));
#5254=CARTESIAN_POINT('',(-12.15266785329,-7.483532865812,19.98478151009));
#5255=CARTESIAN_POINT('',(-12.128094,-7.483532865812,19.98478151009));
#5256=CARTESIAN_POINT('',(-11.808094,-7.883532865812,19.58478151009));
#5257=CARTESIAN_POINT('',(-11.808094,-7.883532865812,19.58478151009));
#5258=VECTOR('',#6425,0.6522358481334);
#5259=CARTESIAN_POINT('',(-11.808094,-7.883532865812,19.58478151009));
#5260=VECTOR('',#6426,0.3239999999999);
#5261=CARTESIAN_POINT('',(-11.808094,-7.883532865812,19.58478151009));
#5262=VECTOR('',#6427,0.3237814772521);
#5263=CARTESIAN_POINT('',(-12.208094,-7.483532865812,19.90478151009));
#5264=CARTESIAN_POINT('',(-12.208094,-7.483532865812,19.92935536339));
#5265=CARTESIAN_POINT('',(-12.19885026331,-7.492776602503,19.94716233177));
#5266=CARTESIAN_POINT('',(-12.1846625425,-7.506964323318,19.96135005259));
#5267=CARTESIAN_POINT('',(-12.128094,3.756422709521,19.98478151009));
#5268=CARTESIAN_POINT('',(-12.128094,-7.483532865812,19.98478151009));
#5269=VECTOR('',#6428,11.23995557533);
#5270=AXIS2_PLACEMENT_3D('',#6429,#6430,#6431);
#5271=CARTESIAN_POINT('',(-12.128094,5.796422709521,17.94478151009));
#5272=AXIS2_PLACEMENT_3D('',#6432,#6433,#6434);
#5273=AXIS2_PLACEMENT_3D('',#6435,#6436,#6437);
#5274=CARTESIAN_POINT('',(-12.128094,3.756422709521,19.98478151009));
#5275=VECTOR('',#6438,0.964);
#5276=CARTESIAN_POINT('',(-11.164094,5.796422709521,17.94478151009));
#5277=AXIS2_PLACEMENT_3D('',#6439,#6440,#6441);
#5278=CARTESIAN_POINT('',(-11.164094,5.796422709521,17.94478151009));
#5279=VECTOR('',#6442,0.964);
#5280=CARTESIAN_POINT('',(-12.128094,5.796422709521,17.94478151009));
#5281=VECTOR('',#6443,5.121781510094);
#5282=CARTESIAN_POINT('',(-11.164094,5.796422709521,12.823));
#5283=VECTOR('',#6444,5.121781510094);
#5284=AXIS2_PLACEMENT_3D('',#6445,#6446,#6447);
#5285=CARTESIAN_POINT('',(-11.166662,-2.247021047354,13.36100003284));
#5286=AXIS2_PLACEMENT_3D('',#6448,#6449,#6450);
#5287=CARTESIAN_POINT('',(-12.130662,-2.247021047354,13.36100003284));
#5288=CARTESIAN_POINT('',(-11.166662,-2.247021047354,13.36100003284));
#5289=VECTOR('',#6451,0.964);
#5290=AXIS2_PLACEMENT_3D('',#6452,#6453,#6454);
#5291=CARTESIAN_POINT('',(-12.210662,-2.255761766807,13.44100003284));
#5292=CARTESIAN_POINT('',(-12.130662,-2.247021047354,13.36100003284));
#5293=CARTESIAN_POINT('',(-12.14110522466,-2.247021047354,13.36100003284));
#5294=CARTESIAN_POINT('',(-12.1619929771,-2.247481840399,13.36513013017));
#5295=CARTESIAN_POINT('',(-12.18864298571,-2.249454390313,13.38292373385));
#5296=CARTESIAN_POINT('',(-12.20637554182,-2.252347913532,13.40932166018));
#5297=CARTESIAN_POINT('',(-12.210662,-2.254625248741,13.43039929804));
#5298=CARTESIAN_POINT('',(-12.210662,-2.255761766807,13.44100003284));
#5299=AXIS2_PLACEMENT_3D('',#6455,#6456,#6457);
#5300=CARTESIAN_POINT('',(-12.210662,-7.483532865812,13.44100003284));
#5301=CARTESIAN_POINT('',(-12.210662,-7.483532865812,13.44100003284));
#5302=VECTOR('',#6458,5.227771099006);
#5303=CARTESIAN_POINT('',(-12.210662,-7.483532865812,14.40478151009));
#5304=CARTESIAN_POINT('',(-12.210662,-7.483532865812,13.44100003284));
#5305=VECTOR('',#6459,0.9637814772521);
#5306=CARTESIAN_POINT('',(-12.210662,-1.701561429972,14.40478151009));
#5307=CARTESIAN_POINT('',(-12.210662,-1.701561429972,14.40478151009));
#5308=VECTOR('',#6460,5.78197143584);
#5309=AXIS2_PLACEMENT_3D('',#6461,#6462,#6463);
#5310=CARTESIAN_POINT('',(-12.130662,-1.695301187636,14.48478151009));
#5311=CARTESIAN_POINT('',(-12.210662,-1.701561429972,14.40478151009));
#5312=CARTESIAN_POINT('',(-12.210662,-1.700724834574,14.41536766543));
#5313=CARTESIAN_POINT('',(-12.20638596551,-1.699067036559,14.43643350632));
#5314=CARTESIAN_POINT('',(-12.18866234818,-1.697004607661,14.46283811102));
#5315=CARTESIAN_POINT('',(-12.16202068973,-1.695621789435,14.48064125698));
#5316=CARTESIAN_POINT('',(-12.14111674631,-1.695301187636,14.48478151009));
#5317=CARTESIAN_POINT('',(-12.130662,-1.695301187636,14.48478151009));
#5318=AXIS2_PLACEMENT_3D('',#6464,#6465,#6466);
#5319=CARTESIAN_POINT('',(-11.166662,-1.695301187636,14.48478151009));
#5320=CARTESIAN_POINT('',(-12.130662,-1.695301187636,14.48478151009));
#5321=VECTOR('',#6467,0.964);
#5322=AXIS2_PLACEMENT_3D('',#6468,#6469,#6470);
#5323=CARTESIAN_POINT('',(-11.086662,-1.701561429972,14.40478151009));
#5324=CARTESIAN_POINT('',(-11.166662,-1.695301187636,14.48478151009));
#5325=CARTESIAN_POINT('',(-11.15619603115,-1.695301187636,14.48478151009));
#5326=CARTESIAN_POINT('',(-11.13527622862,-1.695622492831,14.48063217465));
#5327=CARTESIAN_POINT('',(-11.10863821546,-1.697006482426,14.46281402232));
#5328=CARTESIAN_POINT('',(-11.09093103737,-1.699068778428,14.43641131735));
#5329=CARTESIAN_POINT('',(-11.086662,-1.700725532128,14.41535883868));
#5330=CARTESIAN_POINT('',(-11.086662,-1.701561429972,14.40478151009));
#5331=AXIS2_PLACEMENT_3D('',#6471,#6472,#6473);
#5332=CARTESIAN_POINT('',(-11.086662,-7.483532865812,14.40478151009));
#5333=CARTESIAN_POINT('',(-11.086662,-7.483532865812,14.40478151009));
#5334=VECTOR('',#6474,5.78197143584);
#5335=CARTESIAN_POINT('',(-11.086662,-7.483532865812,13.44100003284));
#5336=CARTESIAN_POINT('',(-11.086662,-7.483532865812,14.40478151009));
#5337=VECTOR('',#6475,0.9637814772521);
#5338=CARTESIAN_POINT('',(-11.086662,-2.255761766807,13.44100003284));
#5339=CARTESIAN_POINT('',(-11.086662,-2.255761766807,13.44100003284));
#5340=VECTOR('',#6476,5.227771099006);
#5341=AXIS2_PLACEMENT_3D('',#6477,#6478,#6479);
#5342=CARTESIAN_POINT('',(-11.086662,-2.255761766807,13.44100003284));
#5343=CARTESIAN_POINT('',(-11.086662,-2.25462428764,13.43039033349));
#5344=CARTESIAN_POINT('',(-11.09095556763,-2.252345465641,13.40929910503));
#5345=CARTESIAN_POINT('',(-11.10870498513,-2.249451672469,13.38289909381));
#5346=CARTESIAN_POINT('',(-11.13535887139,-2.247480798288,13.36512079518));
#5347=CARTESIAN_POINT('',(-11.1562303253,-2.247021047354,13.36100003284));
#5348=CARTESIAN_POINT('',(-11.166662,-2.247021047354,13.36100003284));
#5349=CARTESIAN_POINT('',(-11.11009345751,-7.506964323317,13.38443149035));
#5350=CARTESIAN_POINT('',(-11.086662,-7.483532865812,13.44100003284));
#5351=CARTESIAN_POINT('',(-11.086662,-7.483532865812,13.41642617955));
#5352=CARTESIAN_POINT('',(-11.09590573669,-7.492776602503,13.39861921116));
#5353=CARTESIAN_POINT('',(-11.11009345751,-7.506964323317,13.38443149035));
#5354=CARTESIAN_POINT('',(-11.166662,-7.483532865812,13.36100003284));
#5355=CARTESIAN_POINT('',(-11.11009345751,-7.506964323317,13.38443149035));
#5356=CARTESIAN_POINT('',(-11.12428117832,-7.492776602503,13.37024376953));
#5357=CARTESIAN_POINT('',(-11.14208814671,-7.483532865812,13.36100003284));
#5358=CARTESIAN_POINT('',(-11.166662,-7.483532865812,13.36100003284));
#5359=CARTESIAN_POINT('',(-11.166662,-7.483532865812,13.36100003284));
#5360=VECTOR('',#6480,5.236511818458);
#5361=CARTESIAN_POINT('',(-12.130662,-7.483532865812,13.36100003284));
#5362=CARTESIAN_POINT('',(-12.130662,-2.247021047354,13.36100003284));
#5363=VECTOR('',#6481,5.236511818458);
#5364=CARTESIAN_POINT('',(-12.130662,-7.483532865812,13.36100003284));
#5365=VECTOR('',#6482,0.964);
#5366=CARTESIAN_POINT('',(-11.486662,-7.883532865812,13.76100003284));
#5367=CARTESIAN_POINT('',(-11.486662,-7.883532865812,13.76100003284));
#5368=VECTOR('',#6483,0.6522358481334);
#5369=CARTESIAN_POINT('',(-11.810662,-7.883532865812,13.76100003284));
#5370=CARTESIAN_POINT('',(-11.810662,-7.883532865812,13.76100003284));
#5371=VECTOR('',#6484,0.324);
#5372=CARTESIAN_POINT('',(-12.1872305425,-7.506964323317,13.38443149035));
#5373=CARTESIAN_POINT('',(-12.1872305425,-7.506964323317,13.38443149035));
#5374=VECTOR('',#6485,0.6522358481334);
#5375=CARTESIAN_POINT('',(-12.130662,-7.483532865812,13.36100003284));
#5376=CARTESIAN_POINT('',(-12.1552358533,-7.483532865812,13.36100003284));
#5377=CARTESIAN_POINT('',(-12.17304282168,-7.492776602503,13.37024376953));
#5378=CARTESIAN_POINT('',(-12.1872305425,-7.506964323317,13.38443149035));
#5379=CARTESIAN_POINT('',(-12.1872305425,-7.506964323317,13.38443149035));
#5380=CARTESIAN_POINT('',(-12.20141826331,-7.492776602503,13.39861921116));
#5381=CARTESIAN_POINT('',(-12.210662,-7.483532865812,13.41642617955));
#5382=CARTESIAN_POINT('',(-12.210662,-7.483532865812,13.44100003284));
#5383=CARTESIAN_POINT('',(-12.1872305425,-7.506964323317,14.46135005259));
#5384=CARTESIAN_POINT('',(-12.210662,-7.483532865812,14.40478151009));
#5385=CARTESIAN_POINT('',(-12.210662,-7.483532865812,14.42935536339));
#5386=CARTESIAN_POINT('',(-12.20141826331,-7.492776602503,14.44716233177));
#5387=CARTESIAN_POINT('',(-12.1872305425,-7.506964323317,14.46135005259));
#5388=CARTESIAN_POINT('',(-11.810662,-7.883532865812,14.08478151009));
#5389=CARTESIAN_POINT('',(-11.810662,-7.883532865812,13.76100003284));
#5390=VECTOR('',#6486,0.3237814772521);
#5391=CARTESIAN_POINT('',(-11.810662,-7.883532865812,14.08478151009));
#5392=VECTOR('',#6487,0.6522358481334);
#5393=CARTESIAN_POINT('',(-11.11009345751,-7.506964323317,14.46135005259));
#5394=CARTESIAN_POINT('',(-11.486662,-7.883532865812,14.08478151009));
#5395=CARTESIAN_POINT('',(-11.11009345751,-7.506964323317,14.46135005259));
#5396=VECTOR('',#6488,0.6522358481334);
#5397=CARTESIAN_POINT('',(-11.166662,-7.483532865812,14.48478151009));
#5398=CARTESIAN_POINT('',(-11.166662,-7.483532865812,14.48478151009));
#5399=CARTESIAN_POINT('',(-11.14208814671,-7.483532865812,14.48478151009));
#5400=CARTESIAN_POINT('',(-11.12428117832,-7.492776602503,14.4755377734));
#5401=CARTESIAN_POINT('',(-11.11009345751,-7.506964323317,14.46135005259));
#5402=CARTESIAN_POINT('',(-12.130662,-7.483532865812,14.48478151009));
#5403=CARTESIAN_POINT('',(-12.130662,-7.483532865812,14.48478151009));
#5404=VECTOR('',#6489,0.964);
#5405=CARTESIAN_POINT('',(-12.1872305425,-7.506964323317,14.46135005259));
#5406=CARTESIAN_POINT('',(-12.17304282168,-7.492776602503,14.4755377734));
#5407=CARTESIAN_POINT('',(-12.1552358533,-7.483532865812,14.48478151009));
#5408=CARTESIAN_POINT('',(-12.130662,-7.483532865812,14.48478151009));
#5409=CARTESIAN_POINT('',(-11.810662,-7.883532865812,14.08478151009));
#5410=VECTOR('',#6490,0.324);
#5411=CARTESIAN_POINT('',(-11.486662,-7.883532865812,14.08478151009));
#5412=VECTOR('',#6491,0.3237814772521);
#5413=CARTESIAN_POINT('',(-11.11009345751,-7.506964323317,14.46135005259));
#5414=CARTESIAN_POINT('',(-11.09590573669,-7.492776602503,14.44716233177));
#5415=CARTESIAN_POINT('',(-11.086662,-7.483532865812,14.42935536339));
#5416=CARTESIAN_POINT('',(-11.086662,-7.483532865812,14.40478151009));
#5417=CARTESIAN_POINT('',(-11.166662,-1.695301187636,14.48478151009));
#5418=VECTOR('',#6492,5.788231678176);
#5419=CARTESIAN_POINT('',(-12.130662,-7.483532865812,14.48478151009));
#5420=VECTOR('',#6493,5.788231678176);
#5421=CARTESIAN_POINT('',(-15.78775264786,-2.841344400042,-0.8270000303151));
#5422=CARTESIAN_POINT('',(-15.82075225658,-2.841344400042,-0.8270000303151));
#5423=VECTOR('',#6494,0.0329996087298);
#5424=CARTESIAN_POINT('',(-15.78775264786,0.6586555999581,-0.8270000303151));
#5425=CARTESIAN_POINT('',(-15.78775264786,0.6586555999581,-0.8270000303151));
#5426=VECTOR('',#6495,3.5);
#5427=CARTESIAN_POINT('',(-15.82075225658,0.6586555999581,-0.8270000303151));
#5428=VECTOR('',#6496,0.0329996087298);
#5429=CARTESIAN_POINT('',(-15.78775264786,0.6586555999581,2.672999969685));
#5430=CARTESIAN_POINT('',(-15.78775264786,0.6586555999581,2.672999969685));
#5431=VECTOR('',#6497,3.5);
#5432=CARTESIAN_POINT('',(-15.82075225658,0.6586555999581,2.672999969685));
#5433=VECTOR('',#6498,0.0329996087298);
#5434=CARTESIAN_POINT('',(-15.78775264786,-2.841344400042,2.672999969685));
#5435=CARTESIAN_POINT('',(-15.78775264786,-2.841344400042,2.672999969685));
#5436=VECTOR('',#6499,3.5);
#5437=CARTESIAN_POINT('',(-15.82075225658,-2.841344400042,2.672999969685));
#5438=VECTOR('',#6500,0.0329996087298);
#5439=CARTESIAN_POINT('',(-15.78775264786,-2.841344400042,-0.8270000303151));
#5440=VECTOR('',#6501,3.5);
#5441=CARTESIAN_POINT('',(-15.78775264786,-0.03726956743142,0.1244511080038));
#5442=CARTESIAN_POINT('',(-15.78775264786,-0.3372695674314,0.1244511080038));
#5443=CARTESIAN_POINT('',(-15.78775264786,-0.03726956743142,0.1244511080038));
#5444=VECTOR('',#6502,0.3);
#5445=CARTESIAN_POINT('',(-15.78775264786,-0.03726956743142,0.1994511080038));
#5446=CARTESIAN_POINT('',(-15.78775264786,-0.03726956743142,0.1994511080038));
#5447=VECTOR('',#6503,0.075);
#5448=CARTESIAN_POINT('',(-15.78775264786,0.0002304325685825,0.3869511080038));
#5449=CARTESIAN_POINT('',(-15.78775264786,-0.03726956743142,0.1994511080038));
#5450=VECTOR('',#6504,0.1912132317597);
#5451=CARTESIAN_POINT('',(-15.78775264786,0.03773043256858,0.4994511080038));
#5452=CARTESIAN_POINT('',(-15.78775264786,0.0002304325685825,0.3869511080038));
#5453=VECTOR('',#6505,0.1185854122563);
#5454=CARTESIAN_POINT('',(-15.78775264786,0.1127304325686,0.6494511080038));
#5455=CARTESIAN_POINT('',(-15.78775264786,0.03773043256858,0.4994511080038));
#5456=VECTOR('',#6506,0.1677050983125);
#5457=CARTESIAN_POINT('',(-15.78775264786,0.2252304325686,0.7619511080038));
#5458=CARTESIAN_POINT('',(-15.78775264786,0.1127304325686,0.6494511080038));
#5459=VECTOR('',#6507,0.159099025767);
#5460=CARTESIAN_POINT('',(-15.78775264786,0.3752304325686,0.8744511080038));
#5461=CARTESIAN_POINT('',(-15.78775264786,0.2252304325686,0.7619511080038));
#5462=VECTOR('',#6508,0.1875);
#5463=CARTESIAN_POINT('',(-15.78775264786,0.4877304325686,0.9119511080038));
#5464=CARTESIAN_POINT('',(-15.78775264786,0.3752304325686,0.8744511080038));
#5465=VECTOR('',#6509,0.1185854122563);
#5466=CARTESIAN_POINT('',(-15.78775264786,0.4877304325686,1.211951108004));
#5467=CARTESIAN_POINT('',(-15.78775264786,0.4877304325686,1.211951108004));
#5468=VECTOR('',#6510,0.3);
#5469=CARTESIAN_POINT('',(-15.78775264786,-2.512269567431,1.211951108004));
#5470=CARTESIAN_POINT('',(-15.78775264786,-2.512269567431,1.211951108004));
#5471=VECTOR('',#6511,3.0);
#5472=CARTESIAN_POINT('',(-15.78775264786,-2.512269567431,0.8369511080038));
#5473=CARTESIAN_POINT('',(-15.78775264786,-2.512269567431,0.8369511080038));
#5474=VECTOR('',#6512,0.375);
#5475=CARTESIAN_POINT('',(-15.78775264786,-0.3372695674314,0.8369511080038));
#5476=CARTESIAN_POINT('',(-15.78775264786,-0.3372695674314,0.8369511080038));
#5477=VECTOR('',#6513,2.175);
#5478=CARTESIAN_POINT('',(-15.78775264786,-0.3372695674314,0.1244511080038));
#5479=VECTOR('',#6514,0.7125);
#5480=CARTESIAN_POINT('',(-15.82075225658,-0.3372695674314,0.8369511080038));
#5481=CARTESIAN_POINT('',(-15.82075225658,-0.3372695674314,0.1244511080038));
#5482=CARTESIAN_POINT('',(-15.82075225658,-0.3372695674314,0.8369511080038));
#5483=VECTOR('',#6515,0.7125);
#5484=CARTESIAN_POINT('',(-15.82075225658,-0.3372695674314,0.1244511080038));
#5485=VECTOR('',#6516,0.0329996087298);
#5486=CARTESIAN_POINT('',(-15.82075225658,-0.3372695674314,0.8369511080038));
#5487=VECTOR('',#6517,0.0329996087298);
#5488=CARTESIAN_POINT('',(-15.82075225658,-2.512269567431,0.8369511080038));
#5489=CARTESIAN_POINT('',(-15.82075225658,-2.512269567431,0.8369511080038));
#5490=VECTOR('',#6518,2.175);
#5491=CARTESIAN_POINT('',(-15.82075225658,-2.512269567431,0.8369511080038));
#5492=VECTOR('',#6519,0.0329996087298);
#5493=CARTESIAN_POINT('',(-15.82075225658,-2.512269567431,1.211951108004));
#5494=CARTESIAN_POINT('',(-15.82075225658,-2.512269567431,1.211951108004));
#5495=VECTOR('',#6520,0.375);
#5496=CARTESIAN_POINT('',(-15.82075225658,-2.512269567431,1.211951108004));
#5497=VECTOR('',#6521,0.0329996087298);
#5498=CARTESIAN_POINT('',(-15.82075225658,0.4877304325686,1.211951108004));
#5499=CARTESIAN_POINT('',(-15.82075225658,0.4877304325686,1.211951108004));
#5500=VECTOR('',#6522,3.0);
#5501=CARTESIAN_POINT('',(-15.82075225658,0.4877304325686,1.211951108004));
#5502=VECTOR('',#6523,0.0329996087298);
#5503=CARTESIAN_POINT('',(-15.82075225658,0.4877304325686,0.9119511080038));
#5504=CARTESIAN_POINT('',(-15.82075225658,0.4877304325686,0.9119511080038));
#5505=VECTOR('',#6524,0.3);
#5506=CARTESIAN_POINT('',(-15.82075225658,0.4877304325686,0.9119511080038));
#5507=VECTOR('',#6525,0.0329996087298);
#5508=CARTESIAN_POINT('',(-15.82075225658,0.3752304325686,0.8744511080038));
#5509=CARTESIAN_POINT('',(-15.82075225658,0.4877304325686,0.9119511080038));
#5510=VECTOR('',#6526,0.1185854122563);
#5511=CARTESIAN_POINT('',(-15.82075225658,0.3752304325686,0.8744511080038));
#5512=VECTOR('',#6527,0.0329996087298);
#5513=CARTESIAN_POINT('',(-15.82075225658,0.2252304325686,0.7619511080038));
#5514=CARTESIAN_POINT('',(-15.82075225658,0.3752304325686,0.8744511080038));
#5515=VECTOR('',#6528,0.1875);
#5516=CARTESIAN_POINT('',(-15.82075225658,0.2252304325686,0.7619511080038));
#5517=VECTOR('',#6529,0.0329996087298);
#5518=CARTESIAN_POINT('',(-15.82075225658,0.1127304325686,0.6494511080038));
#5519=CARTESIAN_POINT('',(-15.82075225658,0.2252304325686,0.7619511080038));
#5520=VECTOR('',#6530,0.159099025767);
#5521=CARTESIAN_POINT('',(-15.82075225658,0.1127304325686,0.6494511080038));
#5522=VECTOR('',#6531,0.0329996087298);
#5523=CARTESIAN_POINT('',(-15.82075225658,0.03773043256858,0.4994511080038));
#5524=CARTESIAN_POINT('',(-15.82075225658,0.1127304325686,0.6494511080038));
#5525=VECTOR('',#6532,0.1677050983125);
#5526=CARTESIAN_POINT('',(-15.82075225658,0.03773043256858,0.4994511080038));
#5527=VECTOR('',#6533,0.0329996087298);
#5528=CARTESIAN_POINT('',(-15.82075225658,0.0002304325685825,0.3869511080038));
#5529=CARTESIAN_POINT('',(-15.82075225658,0.03773043256858,0.4994511080038));
#5530=VECTOR('',#6534,0.1185854122563);
#5531=CARTESIAN_POINT('',(-15.82075225658,0.0002304325685825,0.3869511080038));
#5532=VECTOR('',#6535,0.0329996087298);
#5533=CARTESIAN_POINT('',(-15.82075225658,-0.03726956743142,0.1994511080038));
#5534=CARTESIAN_POINT('',(-15.82075225658,0.0002304325685825,0.3869511080038));
#5535=VECTOR('',#6536,0.1912132317597);
#5536=CARTESIAN_POINT('',(-15.82075225658,-0.03726956743142,0.1994511080038));
#5537=VECTOR('',#6537,0.0329996087298);
#5538=CARTESIAN_POINT('',(-15.82075225658,-0.03726956743142,0.1244511080038));
#5539=CARTESIAN_POINT('',(-15.82075225658,-0.03726956743142,0.1244511080038));
#5540=VECTOR('',#6538,0.075);
#5541=CARTESIAN_POINT('',(-15.82075225658,-0.03726956743142,0.1244511080038));
#5542=VECTOR('',#6539,0.0329996087298);
#5543=CARTESIAN_POINT('',(-15.82075225658,-0.3372695674314,0.1244511080038));
#5544=VECTOR('',#6540,0.3);
#5545=CARTESIAN_POINT('',(-10.41186010165,-3.210711384225,-1.826759280206));
#5546=CARTESIAN_POINT('',(-10.34984905434,-3.362586343184,-1.977000030316));
#5547=VECTOR('',#6541,0.2224492214902);
#5548=CARTESIAN_POINT('',(-9.663366621987,-2.497784567431,-1.852004789933));
#5549=CARTESIAN_POINT('',(-9.663366621987,-2.497784567431,-1.852004789933));
#5550=VECTOR('',#6542,1.033994425017);
#5551=CARTESIAN_POINT('',(-9.485047278584,-2.497784567431,-1.977000030316));
#5552=VECTOR('',#6543,0.2177650071757);
#5553=CARTESIAN_POINT('',(-9.663366621987,-2.497784567431,9.123));
#5554=CARTESIAN_POINT('',(-8.47143574144,-2.497784567431,9.123));
#5555=CARTESIAN_POINT('',(-9.663366621987,-2.497784567431,9.123));
#5556=VECTOR('',#6544,1.191930880547);
#5557=CARTESIAN_POINT('',(-8.47143574144,-2.497784567431,9.123));
#5558=VECTOR('',#6545,11.10000003032);
#5559=CARTESIAN_POINT('',(-9.663366621987,-2.497784567431,9.123));
#5560=VECTOR('',#6546,10.97500478993);
#5561=CARTESIAN_POINT('',(-10.41108951009,-3.21040470931,9.123));
#5562=CARTESIAN_POINT('',(-10.41108951009,-3.21040470931,9.123));
#5563=VECTOR('',#6547,10.94975931162);
#5564=CARTESIAN_POINT('',(-9.663366621987,-2.497784567431,9.123));
#5565=VECTOR('',#6548,1.032916736241);
#5566=CARTESIAN_POINT('',(-14.23602436053,-2.497784567431,9.123));
#5567=CARTESIAN_POINT('',(-14.23602436053,-3.21040470931,9.123));
#5568=CARTESIAN_POINT('',(-14.23602436053,-2.497784567431,9.123));
#5569=VECTOR('',#6549,0.7126201418781);
#5570=CARTESIAN_POINT('',(-14.81709321453,-2.497784567431,9.123));
#5571=CARTESIAN_POINT('',(-14.81709321453,-2.497784567431,9.123));
#5572=VECTOR('',#6550,0.5810688539981);
#5573=CARTESIAN_POINT('',(-14.81709321453,-1.125629290479,9.123));
#5574=CARTESIAN_POINT('',(-14.81709321453,-1.125629290479,9.123));
#5575=VECTOR('',#6551,1.372155276952);
#5576=CARTESIAN_POINT('',(-14.23602436053,-1.125629290479,9.123));
#5577=CARTESIAN_POINT('',(-14.23602436053,-1.125629290479,9.123));
#5578=VECTOR('',#6552,0.5810688539981);
#5579=CARTESIAN_POINT('',(-14.23602436053,-0.1844052904794,9.123));
#5580=CARTESIAN_POINT('',(-14.23602436053,-0.1844052904794,9.123));
#5581=VECTOR('',#6553,0.9412239999999);
#5582=CARTESIAN_POINT('',(-14.81709321453,-0.1844052904794,9.123));
#5583=CARTESIAN_POINT('',(-14.81709321453,-0.1844052904794,9.123));
#5584=VECTOR('',#6554,0.5810688539981);
#5585=CARTESIAN_POINT('',(-14.81709321453,1.22743070952,9.123));
#5586=CARTESIAN_POINT('',(-14.81709321453,1.22743070952,9.123));
#5587=VECTOR('',#6555,1.411836);
#5588=CARTESIAN_POINT('',(-14.23602436053,1.22743070952,9.123));
#5589=CARTESIAN_POINT('',(-14.23602436053,1.22743070952,9.123));
#5590=VECTOR('',#6556,0.5810688539981);
#5591=CARTESIAN_POINT('',(-14.23602436053,1.802551762225,9.123));
#5592=CARTESIAN_POINT('',(-14.23602436053,1.802551762225,9.123));
#5593=VECTOR('',#6557,0.5751210527049);
#5594=CARTESIAN_POINT('',(-9.056163639469,1.802551762225,9.123));
#5595=CARTESIAN_POINT('',(-9.056163639469,1.802551762225,9.123));
#5596=VECTOR('',#6558,5.179860721063);
#5597=CARTESIAN_POINT('',(-9.056163639469,1.22743070952,9.123));
#5598=CARTESIAN_POINT('',(-9.056163639469,1.22743070952,9.123));
#5599=VECTOR('',#6559,0.5751210527049);
#5600=CARTESIAN_POINT('',(-8.47509478547,1.22743070952,9.123));
#5601=CARTESIAN_POINT('',(-8.47509478547,1.22743070952,9.123));
#5602=VECTOR('',#6560,0.5810688539982);
#5603=CARTESIAN_POINT('',(-8.47509478547,-0.1844052904794,9.123));
#5604=CARTESIAN_POINT('',(-8.47509478547,-0.1844052904794,9.123));
#5605=VECTOR('',#6561,1.411836);
#5606=CARTESIAN_POINT('',(-9.056163639469,-0.1844052904794,9.123));
#5607=CARTESIAN_POINT('',(-9.056163639469,-0.1844052904794,9.123));
#5608=VECTOR('',#6562,0.5810688539982);
#5609=CARTESIAN_POINT('',(-9.056163639469,-1.125629290479,9.123));
#5610=CARTESIAN_POINT('',(-9.056163639469,-1.125629290479,9.123));
#5611=VECTOR('',#6563,0.9412239999999);
#5612=CARTESIAN_POINT('',(-8.47143574144,-1.125629290479,9.123));
#5613=CARTESIAN_POINT('',(-8.47143574144,-1.125629290479,9.123));
#5614=VECTOR('',#6564,0.5847278980285);
#5615=CARTESIAN_POINT('',(-8.47143574144,-2.497784567431,9.123));
#5616=VECTOR('',#6565,1.372155276952);
#5617=CARTESIAN_POINT('',(-14.23602436053,-3.21040470931,9.123));
#5618=VECTOR('',#6566,3.82493485044);
#5619=CARTESIAN_POINT('',(-11.166662,-1.027577290479,9.123));
#5620=CARTESIAN_POINT('',(-11.086662,-0.9475772904794,9.123));
#5621=AXIS2_PLACEMENT_3D('',#6567,#6568,#6569);
#5622=CARTESIAN_POINT('',(-11.086662,0.01642270952062,9.123));
#5623=CARTESIAN_POINT('',(-11.086662,-0.9475772904794,9.123));
#5624=VECTOR('',#6570,0.964);
#5625=CARTESIAN_POINT('',(-11.166662,0.09642270952062,9.123));
#5626=AXIS2_PLACEMENT_3D('',#6571,#6572,#6573);
#5627=CARTESIAN_POINT('',(-12.130662,0.09642270952062,9.123));
#5628=CARTESIAN_POINT('',(-12.130662,0.09642270952062,9.123));
#5629=VECTOR('',#6574,0.964);
#5630=CARTESIAN_POINT('',(-12.210662,0.01642270952062,9.123));
#5631=AXIS2_PLACEMENT_3D('',#6575,#6576,#6577);
#5632=CARTESIAN_POINT('',(-12.210662,-0.9475772904794,9.123));
#5633=CARTESIAN_POINT('',(-12.210662,-0.9475772904794,9.123));
#5634=VECTOR('',#6578,0.964);
#5635=CARTESIAN_POINT('',(-12.130662,-1.027577290479,9.123));
#5636=AXIS2_PLACEMENT_3D('',#6579,#6580,#6581);
#5637=CARTESIAN_POINT('',(-11.166662,-1.027577290479,9.123));
#5638=VECTOR('',#6582,0.964);
#5639=CARTESIAN_POINT('',(-14.23602436053,-3.21040470931,-1.82614067061));
#5640=CARTESIAN_POINT('',(-14.23602436053,-3.21040470931,9.123));
#5641=VECTOR('',#6583,10.94914067061);
#5642=CARTESIAN_POINT('',(-14.23602436053,-3.21040470931,-1.82614067061));
#5643=VECTOR('',#6584,3.82416432121);
#5644=CARTESIAN_POINT('',(-14.38820599441,-3.362586343184,-1.977000030316));
#5645=VECTOR('',#6585,0.2628251239675);
#5646=CARTESIAN_POINT('',(-14.23602436053,-2.497784567431,-1.82614067061));
#5647=CARTESIAN_POINT('',(-14.23602436053,-2.497784567431,-1.82614067061));
#5648=VECTOR('',#6586,0.2142843813715);
#5649=CARTESIAN_POINT('',(-14.23602436053,-2.497784567431,-1.82614067061));
#5650=VECTOR('',#6587,0.7126201418781);
#5651=CARTESIAN_POINT('',(-14.23602436053,-2.497784567431,-1.82614067061));
#5652=VECTOR('',#6588,10.94914067061);
#5653=CARTESIAN_POINT('',(-14.81709321453,-2.497784567431,-1.977000030316));
#5654=VECTOR('',#6589,11.10000003032);
#5655=CARTESIAN_POINT('',(-14.81709321453,-1.125629290479,9.123));
#5656=VECTOR('',#6590,11.10000003032);
#5657=CARTESIAN_POINT('',(-14.23602436053,-1.125629290479,-1.82614067061));
#5658=CARTESIAN_POINT('',(-14.38820599441,-1.125629290479,-1.977000030316));
#5659=VECTOR('',#6591,0.2142843813715);
#5660=CARTESIAN_POINT('',(-14.23602436053,-1.125629290479,9.123));
#5661=VECTOR('',#6592,10.94914067061);
#5662=CARTESIAN_POINT('',(-14.23602436053,-0.1844052904794,-1.82614067061));
#5663=CARTESIAN_POINT('',(-14.23602436053,-1.125629290479,-1.82614067061));
#5664=VECTOR('',#6593,0.9412239999999);
#5665=CARTESIAN_POINT('',(-14.23602436053,-0.1844052904794,-1.82614067061));
#5666=VECTOR('',#6594,10.94914067061);
#5667=CARTESIAN_POINT('',(-14.23602436053,-0.1844052904794,-1.82614067061));
#5668=VECTOR('',#6595,0.2142843813715);
#5669=CARTESIAN_POINT('',(-14.81709321453,-0.1844052904794,9.123));
#5670=VECTOR('',#6596,11.10000003032);
#5671=CARTESIAN_POINT('',(-14.81709321453,1.22743070952,9.123));
#5672=VECTOR('',#6597,11.10000003032);
#5673=CARTESIAN_POINT('',(-14.23602436053,1.22743070952,-1.82614067061));
#5674=CARTESIAN_POINT('',(-14.38820599441,1.22743070952,-1.977000030316));
#5675=VECTOR('',#6598,0.2142843813715);
#5676=CARTESIAN_POINT('',(-14.23602436053,1.22743070952,9.123));
#5677=VECTOR('',#6599,10.94914067061);
#5678=CARTESIAN_POINT('',(-14.23602436053,1.801893497382,-1.826141388629));
#5679=CARTESIAN_POINT('',(-14.23602436053,1.802551762225,9.123));
#5680=VECTOR('',#6600,10.94914140842);
#5681=CARTESIAN_POINT('',(-14.23602436053,1.22743070952,-1.82614067061));
#5682=VECTOR('',#6601,0.5744627878618);
#5683=CARTESIAN_POINT('',(-14.23602436053,1.801893497382,-1.826141388629));
#5684=VECTOR('',#6602,0.2142848869451);
#5685=CARTESIAN_POINT('',(-14.23602436053,1.801893497382,-1.826141388629));
#5686=VECTOR('',#6603,0.150860077835);
#5687=CARTESIAN_POINT('',(-9.056163639469,1.801893497382,-1.826141388629));
#5688=CARTESIAN_POINT('',(-9.056163639469,1.801893497382,-1.826141388629));
#5689=VECTOR('',#6604,0.1508600778351);
#5690=CARTESIAN_POINT('',(-9.056163639469,1.802551762225,9.123));
#5691=VECTOR('',#6605,10.94914140842);
#5692=CARTESIAN_POINT('',(-9.056163639469,1.22743070952,-1.82614067061));
#5693=CARTESIAN_POINT('',(-9.056163639469,1.22743070952,-1.82614067061));
#5694=VECTOR('',#6606,0.5744627878617);
#5695=CARTESIAN_POINT('',(-9.056163639469,1.22743070952,-1.82614067061));
#5696=VECTOR('',#6607,10.94914067061);
#5697=CARTESIAN_POINT('',(-8.47509478547,1.22743070952,9.123));
#5698=VECTOR('',#6608,11.10000003032);
#5699=CARTESIAN_POINT('',(-9.056163639469,1.22743070952,-1.82614067061));
#5700=VECTOR('',#6609,0.2142843813717);
#5701=CARTESIAN_POINT('',(-8.903982005594,1.802551762225,-1.977000030316));
#5702=VECTOR('',#6610,0.2142848869453);
#5703=CARTESIAN_POINT('',(-8.47509478547,-0.1844052904794,9.123));
#5704=VECTOR('',#6611,11.10000003032);
#5705=CARTESIAN_POINT('',(-9.056163639469,-0.1844052904794,-1.82614067061));
#5706=CARTESIAN_POINT('',(-8.903982005594,-0.1844052904794,-1.977000030316));
#5707=VECTOR('',#6612,0.2142843813717);
#5708=CARTESIAN_POINT('',(-9.056163639469,-0.1844052904794,9.123));
#5709=VECTOR('',#6613,10.94914067061);
#5710=CARTESIAN_POINT('',(-9.056163639469,-1.125629290479,-1.82614067061));
#5711=CARTESIAN_POINT('',(-9.056163639469,-1.125629290479,-1.82614067061));
#5712=VECTOR('',#6614,0.9412239999999);
#5713=CARTESIAN_POINT('',(-9.056163639469,-1.125629290479,-1.82614067061));
#5714=VECTOR('',#6615,10.94914067061);
#5715=CARTESIAN_POINT('',(-8.47143574144,-1.125629290479,9.123));
#5716=VECTOR('',#6616,11.10000003032);
#5717=CARTESIAN_POINT('',(-9.056163639469,-1.125629290479,-1.82614067061));
#5718=VECTOR('',#6617,0.2142843813717);
#5719=CARTESIAN_POINT('',(-11.166662,-1.027577290479,2.649287748137));
#5720=CARTESIAN_POINT('',(-11.166662,-1.027577290479,9.123));
#5721=VECTOR('',#6618,6.473712251863);
#5722=CARTESIAN_POINT('',(-12.130662,-1.027577290479,2.649287748137));
#5723=CARTESIAN_POINT('',(-12.130662,-1.027577290479,2.649287748137));
#5724=VECTOR('',#6619,6.473712251863);
#5725=CARTESIAN_POINT('',(-11.166662,-1.027577290479,2.649287748137));
#5726=VECTOR('',#6620,0.964);
#5727=CARTESIAN_POINT('',(-12.1872305425,-1.004145832974,2.625856290632));
#5728=CARTESIAN_POINT('',(-12.1872305425,-1.004145832974,2.625856290632));
#5729=CARTESIAN_POINT('',(-12.17304282168,-1.018333553789,2.640044011447));
#5730=CARTESIAN_POINT('',(-12.1552358533,-1.027577290479,2.649287748137));
#5731=CARTESIAN_POINT('',(-12.130662,-1.027577290479,2.649287748137));
#5732=CARTESIAN_POINT('',(-11.810662,-0.6275772904794,2.249287748137));
#5733=CARTESIAN_POINT('',(-11.810662,-0.6275772904794,2.249287748137));
#5734=VECTOR('',#6621,0.6522358481334);
#5735=CARTESIAN_POINT('',(-11.486662,-0.6275772904794,2.249287748137));
#5736=CARTESIAN_POINT('',(-11.486662,-0.6275772904794,2.249287748137));
#5737=VECTOR('',#6622,0.324);
#5738=CARTESIAN_POINT('',(-11.11009345751,-1.004145832974,2.625856290632));
#5739=CARTESIAN_POINT('',(-11.11009345751,-1.004145832974,2.625856290632));
#5740=VECTOR('',#6623,0.6522358481334);
#5741=CARTESIAN_POINT('',(-11.166662,-1.027577290479,2.649287748137));
#5742=CARTESIAN_POINT('',(-11.14208814671,-1.027577290479,2.649287748137));
#5743=CARTESIAN_POINT('',(-11.12428117832,-1.018333553789,2.640044011447));
#5744=CARTESIAN_POINT('',(-11.11009345751,-1.004145832974,2.625856290632));
#5745=CARTESIAN_POINT('',(-11.086662,-0.9475772904794,2.649287748137));
#5746=CARTESIAN_POINT('',(-11.11009345751,-1.004145832974,2.625856290632));
#5747=CARTESIAN_POINT('',(-11.09590573669,-0.9899581121596,2.640044011447));
#5748=CARTESIAN_POINT('',(-11.086662,-0.9721511437741,2.649287748137));
#5749=CARTESIAN_POINT('',(-11.086662,-0.9475772904794,2.649287748137));
#5750=CARTESIAN_POINT('',(-11.086662,-0.9475772904794,2.649287748137));
#5751=VECTOR('',#6624,6.473712251863);
#5752=CARTESIAN_POINT('',(-11.086662,0.01642270952061,2.649287748137));
#5753=CARTESIAN_POINT('',(-11.086662,-0.9475772904794,2.649287748137));
#5754=VECTOR('',#6625,0.964);
#5755=CARTESIAN_POINT('',(-11.086662,0.01642270952062,9.123));
#5756=VECTOR('',#6626,6.473712251863);
#5757=CARTESIAN_POINT('',(-11.11009345751,0.07299125201555,2.625856290632));
#5758=CARTESIAN_POINT('',(-11.086662,0.01642270952061,2.649287748137));
#5759=CARTESIAN_POINT('',(-11.086662,0.0409965628153,2.649287748137));
#5760=CARTESIAN_POINT('',(-11.09590573669,0.05880353120084,2.640044011447));
#5761=CARTESIAN_POINT('',(-11.11009345751,0.07299125201555,2.625856290632));
#5762=CARTESIAN_POINT('',(-11.166662,0.09642270952062,2.649287748137));
#5763=CARTESIAN_POINT('',(-11.11009345751,0.07299125201555,2.625856290632));
#5764=CARTESIAN_POINT('',(-11.12428117832,0.08717897283025,2.640044011447));
#5765=CARTESIAN_POINT('',(-11.14208814671,0.09642270952062,2.649287748137));
#5766=CARTESIAN_POINT('',(-11.166662,0.09642270952062,2.649287748137));
#5767=CARTESIAN_POINT('',(-11.166662,0.09642270952062,2.649287748137));
#5768=VECTOR('',#6627,6.473712251863);
#5769=CARTESIAN_POINT('',(-12.130662,0.09642270952062,2.649287748137));
#5770=CARTESIAN_POINT('',(-12.130662,0.09642270952062,9.123));
#5771=VECTOR('',#6628,6.473712251863);
#5772=CARTESIAN_POINT('',(-12.130662,0.09642270952062,2.649287748137));
#5773=VECTOR('',#6629,0.964);
#5774=CARTESIAN_POINT('',(-11.486662,-0.3035772904794,2.249287748137));
#5775=CARTESIAN_POINT('',(-11.486662,-0.3035772904794,2.249287748137));
#5776=VECTOR('',#6630,0.6522358481334);
#5777=CARTESIAN_POINT('',(-11.810662,-0.3035772904794,2.249287748137));
#5778=CARTESIAN_POINT('',(-11.810662,-0.3035772904794,2.249287748137));
#5779=VECTOR('',#6631,0.324);
#5780=CARTESIAN_POINT('',(-12.1872305425,0.07299125201554,2.625856290632));
#5781=CARTESIAN_POINT('',(-12.1872305425,0.07299125201554,2.625856290632));
#5782=VECTOR('',#6632,0.6522358481334);
#5783=CARTESIAN_POINT('',(-12.130662,0.09642270952062,2.649287748137));
#5784=CARTESIAN_POINT('',(-12.1552358533,0.09642270952062,2.649287748137));
#5785=CARTESIAN_POINT('',(-12.17304282168,0.08717897283025,2.640044011447));
#5786=CARTESIAN_POINT('',(-12.1872305425,0.07299125201555,2.625856290632));
#5787=CARTESIAN_POINT('',(-12.210662,0.01642270952061,2.649287748137));
#5788=CARTESIAN_POINT('',(-12.1872305425,0.07299125201554,2.625856290632));
#5789=CARTESIAN_POINT('',(-12.20141826331,0.05880353120083,2.640044011447));
#5790=CARTESIAN_POINT('',(-12.210662,0.04099656281529,2.649287748137));
#5791=CARTESIAN_POINT('',(-12.210662,0.01642270952061,2.649287748137));
#5792=CARTESIAN_POINT('',(-12.210662,0.01642270952062,2.649287748137));
#5793=VECTOR('',#6633,6.473712251863);
#5794=CARTESIAN_POINT('',(-12.210662,-0.9475772904794,2.649287748137));
#5795=CARTESIAN_POINT('',(-12.210662,0.01642270952062,2.649287748137));
#5796=VECTOR('',#6634,0.964);
#5797=CARTESIAN_POINT('',(-12.210662,-0.9475772904794,9.123));
#5798=VECTOR('',#6635,6.473712251863);
#5799=CARTESIAN_POINT('',(-12.210662,-0.9475772904794,2.649287748137));
#5800=CARTESIAN_POINT('',(-12.210662,-0.9721511437741,2.649287748137));
#5801=CARTESIAN_POINT('',(-12.20141826331,-0.9899581121596,2.640044011447));
#5802=CARTESIAN_POINT('',(-12.1872305425,-1.004145832974,2.625856290632));
#5803=CARTESIAN_POINT('',(-11.810662,-0.3035772904794,2.249287748137));
#5804=VECTOR('',#6636,0.324);
#5805=CARTESIAN_POINT('',(-11.486662,-0.6275772904794,2.249287748137));
#5806=VECTOR('',#6637,0.324);
#5807=CARTESIAN_POINT('',(-9.056163639469,7.600370128351,-1.82614067061));
#5808=CARTESIAN_POINT('',(-8.903982005594,7.752551762225,-1.977000030316));
#5809=VECTOR('',#6638,0.2628251239676);
#5810=CARTESIAN_POINT('',(-14.23602436053,7.600370128351,-1.82614067061));
#5811=CARTESIAN_POINT('',(-9.056163639469,7.600370128351,-1.82614067061));
#5812=VECTOR('',#6639,5.179860721063);
#5813=CARTESIAN_POINT('',(-14.38820599441,7.752551762225,-1.977000030316));
#5814=VECTOR('',#6640,0.2628251239675);
#5815=CARTESIAN_POINT('',(-14.23602436053,6.92743070952,-1.82614067061));
#5816=CARTESIAN_POINT('',(-14.38820599441,6.92743070952,-1.977000030316));
#5817=VECTOR('',#6641,0.2142843813715);
#5818=CARTESIAN_POINT('',(-14.23602436053,6.92743070952,-1.82614067061));
#5819=VECTOR('',#6642,0.6729394188303);
#5820=CARTESIAN_POINT('',(-14.23602436053,7.600370128351,9.123));
#5821=CARTESIAN_POINT('',(-14.23602436053,7.600370128351,9.123));
#5822=VECTOR('',#6643,10.94914067061);
#5823=CARTESIAN_POINT('',(-14.23602436053,6.92743070952,9.123));
#5824=CARTESIAN_POINT('',(-14.23602436053,7.600370128351,9.123));
#5825=VECTOR('',#6644,0.6729394188303);
#5826=CARTESIAN_POINT('',(-14.23602436053,6.92743070952,9.123));
#5827=VECTOR('',#6645,10.94914067061);
#5828=CARTESIAN_POINT('',(-14.81709321453,6.92743070952,9.123));
#5829=CARTESIAN_POINT('',(-14.23602436053,6.92743070952,9.123));
#5830=VECTOR('',#6646,0.5810688539981);
#5831=CARTESIAN_POINT('',(-14.81709321453,6.92743070952,9.123));
#5832=VECTOR('',#6647,11.10000003032);
#5833=CARTESIAN_POINT('',(-14.81709321453,5.515594709521,9.123));
#5834=CARTESIAN_POINT('',(-14.81709321453,6.92743070952,9.123));
#5835=VECTOR('',#6648,1.411836);
#5836=CARTESIAN_POINT('',(-14.81709321453,5.515594709521,9.123));
#5837=VECTOR('',#6649,11.10000003032);
#5838=CARTESIAN_POINT('',(-14.23602436053,5.515594709521,-1.82614067061));
#5839=CARTESIAN_POINT('',(-14.23602436053,5.515594709521,-1.82614067061));
#5840=VECTOR('',#6650,0.2142843813715);
#5841=CARTESIAN_POINT('',(-14.23602436053,5.515594709521,9.123));
#5842=CARTESIAN_POINT('',(-14.81709321453,5.515594709521,9.123));
#5843=VECTOR('',#6651,0.5810688539981);
#5844=CARTESIAN_POINT('',(-14.23602436053,5.515594709521,-1.82614067061));
#5845=VECTOR('',#6652,10.94914067061);
#5846=CARTESIAN_POINT('',(-14.23602436053,4.574370709521,9.123));
#5847=CARTESIAN_POINT('',(-14.23602436053,5.515594709521,9.123));
#5848=VECTOR('',#6653,0.9412239999999);
#5849=CARTESIAN_POINT('',(-14.23602436053,4.574370709521,-1.82614067061));
#5850=CARTESIAN_POINT('',(-14.23602436053,4.574370709521,9.123));
#5851=VECTOR('',#6654,10.94914067061);
#5852=CARTESIAN_POINT('',(-14.23602436053,4.574370709521,-1.82614067061));
#5853=VECTOR('',#6655,0.9412239999999);
#5854=CARTESIAN_POINT('',(-14.38820599441,4.574370709521,-1.977000030316));
#5855=VECTOR('',#6656,0.2142843813715);
#5856=CARTESIAN_POINT('',(-14.81709321453,4.574370709521,9.123));
#5857=CARTESIAN_POINT('',(-14.23602436053,4.574370709521,9.123));
#5858=VECTOR('',#6657,0.5810688539981);
#5859=CARTESIAN_POINT('',(-14.81709321453,4.574370709521,9.123));
#5860=VECTOR('',#6658,11.10000003032);
#5861=CARTESIAN_POINT('',(-14.81709321453,3.162534709521,9.123));
#5862=CARTESIAN_POINT('',(-14.81709321453,4.574370709521,9.123));
#5863=VECTOR('',#6659,1.411836);
#5864=CARTESIAN_POINT('',(-14.81709321453,3.162534709521,9.123));
#5865=VECTOR('',#6660,11.10000003032);
#5866=CARTESIAN_POINT('',(-14.23602436053,3.162534709521,9.123));
#5867=CARTESIAN_POINT('',(-14.81709321453,3.162534709521,9.123));
#5868=VECTOR('',#6661,0.5810688539981);
#5869=CARTESIAN_POINT('',(-14.23602436053,3.162534709521,-1.82614067061));
#5870=CARTESIAN_POINT('',(-14.23602436053,3.162534709521,-1.82614067061));
#5871=VECTOR('',#6662,10.94914067061);
#5872=CARTESIAN_POINT('',(-14.23602436053,3.162534709521,-1.82614067061));
#5873=VECTOR('',#6663,0.2142843813715);
#5874=CARTESIAN_POINT('',(-14.23602436053,2.588071921659,-1.826141388629));
#5875=CARTESIAN_POINT('',(-14.23602436053,2.588071921659,-1.826141388629));
#5876=VECTOR('',#6664,0.5744627878617);
#5877=CARTESIAN_POINT('',(-14.38820599441,2.587413656816,-1.977000030316));
#5878=VECTOR('',#6665,0.2142848869451);
#5879=CARTESIAN_POINT('',(-14.23602436053,2.588071921659,-1.826141388629));
#5880=VECTOR('',#6666,0.150860077835);
#5881=CARTESIAN_POINT('',(-14.23602436053,2.587413656816,9.123));
#5882=CARTESIAN_POINT('',(-14.23602436053,2.587413656816,9.123));
#5883=VECTOR('',#6667,10.94914140842);
#5884=CARTESIAN_POINT('',(-9.056163639469,2.587413656816,9.123));
#5885=CARTESIAN_POINT('',(-14.23602436053,2.587413656816,9.123));
#5886=VECTOR('',#6668,5.179860721063);
#5887=CARTESIAN_POINT('',(-9.056163639469,2.588071921659,-1.826141388629));
#5888=CARTESIAN_POINT('',(-9.056163639469,2.587413656816,9.123));
#5889=VECTOR('',#6669,10.94914140842);
#5890=CARTESIAN_POINT('',(-9.056163639469,2.588071921659,-1.826141388629));
#5891=VECTOR('',#6670,0.1508600778351);
#5892=CARTESIAN_POINT('',(-9.056163639469,2.588071921659,-1.826141388629));
#5893=VECTOR('',#6671,0.2142848869453);
#5894=CARTESIAN_POINT('',(-9.056163639469,3.162534709521,-1.82614067061));
#5895=CARTESIAN_POINT('',(-8.903982005594,3.162534709521,-1.977000030316));
#5896=VECTOR('',#6672,0.2142843813717);
#5897=CARTESIAN_POINT('',(-9.056163639469,2.588071921659,-1.826141388629));
#5898=VECTOR('',#6673,0.5744627878617);
#5899=CARTESIAN_POINT('',(-9.056163639469,3.162534709521,9.123));
#5900=CARTESIAN_POINT('',(-9.056163639469,2.587413656816,9.123));
#5901=VECTOR('',#6674,0.5751210527049);
#5902=CARTESIAN_POINT('',(-9.056163639469,3.162534709521,9.123));
#5903=VECTOR('',#6675,10.94914067061);
#5904=CARTESIAN_POINT('',(-8.47509478547,3.162534709521,9.123));
#5905=CARTESIAN_POINT('',(-9.056163639469,3.162534709521,9.123));
#5906=VECTOR('',#6676,0.5810688539982);
#5907=CARTESIAN_POINT('',(-8.47509478547,3.162534709521,9.123));
#5908=VECTOR('',#6677,11.10000003032);
#5909=CARTESIAN_POINT('',(-8.47509478547,4.574370709521,9.123));
#5910=CARTESIAN_POINT('',(-8.47509478547,3.162534709521,9.123));
#5911=VECTOR('',#6678,1.411836);
#5912=CARTESIAN_POINT('',(-8.47509478547,4.574370709521,9.123));
#5913=VECTOR('',#6679,11.10000003032);
#5914=CARTESIAN_POINT('',(-9.056163639469,4.574370709521,9.123));
#5915=CARTESIAN_POINT('',(-8.47509478547,4.574370709521,9.123));
#5916=VECTOR('',#6680,0.5810688539982);
#5917=CARTESIAN_POINT('',(-9.056163639469,4.574370709521,-1.82614067061));
#5918=CARTESIAN_POINT('',(-9.056163639469,4.574370709521,-1.82614067061));
#5919=VECTOR('',#6681,10.94914067061);
#5920=CARTESIAN_POINT('',(-9.056163639469,4.574370709521,-1.82614067061));
#5921=VECTOR('',#6682,0.2142843813717);
#5922=CARTESIAN_POINT('',(-9.056163639469,5.515594709521,-1.82614067061));
#5923=CARTESIAN_POINT('',(-8.903982005594,5.515594709521,-1.977000030316));
#5924=VECTOR('',#6683,0.2142843813717);
#5925=CARTESIAN_POINT('',(-9.056163639469,4.574370709521,-1.82614067061));
#5926=VECTOR('',#6684,0.9412239999999);
#5927=CARTESIAN_POINT('',(-9.056163639469,5.515594709521,9.123));
#5928=CARTESIAN_POINT('',(-9.056163639469,4.574370709521,9.123));
#5929=VECTOR('',#6685,0.9412239999999);
#5930=CARTESIAN_POINT('',(-9.056163639469,5.515594709521,9.123));
#5931=VECTOR('',#6686,10.94914067061);
#5932=CARTESIAN_POINT('',(-8.47509478547,5.515594709521,9.123));
#5933=CARTESIAN_POINT('',(-9.056163639469,5.515594709521,9.123));
#5934=VECTOR('',#6687,0.5810688539982);
#5935=CARTESIAN_POINT('',(-8.47509478547,5.515594709521,9.123));
#5936=VECTOR('',#6688,11.10000003032);
#5937=CARTESIAN_POINT('',(-8.47509478547,6.92743070952,9.123));
#5938=CARTESIAN_POINT('',(-8.47509478547,5.515594709521,9.123));
#5939=VECTOR('',#6689,1.411836);
#5940=CARTESIAN_POINT('',(-8.47509478547,6.92743070952,9.123));
#5941=VECTOR('',#6690,11.10000003032);
#5942=CARTESIAN_POINT('',(-9.056163639469,6.92743070952,9.123));
#5943=CARTESIAN_POINT('',(-8.47509478547,6.92743070952,9.123));
#5944=VECTOR('',#6691,0.5810688539982);
#5945=CARTESIAN_POINT('',(-9.056163639469,6.92743070952,-1.82614067061));
#5946=CARTESIAN_POINT('',(-9.056163639469,6.92743070952,-1.82614067061));
#5947=VECTOR('',#6692,10.94914067061);
#5948=CARTESIAN_POINT('',(-9.056163639469,6.92743070952,-1.82614067061));
#5949=VECTOR('',#6693,0.2142843813717);
#5950=CARTESIAN_POINT('',(-9.056163639469,6.92743070952,-1.82614067061));
#5951=VECTOR('',#6694,0.6729394188303);
#5952=CARTESIAN_POINT('',(-9.056163639469,7.600370128351,9.123));
#5953=CARTESIAN_POINT('',(-9.056163639469,6.92743070952,9.123));
#5954=VECTOR('',#6695,0.6729394188303);
#5955=CARTESIAN_POINT('',(-9.056163639469,7.600370128351,9.123));
#5956=VECTOR('',#6696,10.94914067061);
#5957=CARTESIAN_POINT('',(-9.056163639469,7.600370128351,9.123));
#5958=VECTOR('',#6697,5.179860721063);
#5959=CARTESIAN_POINT('',(-14.23602436053,3.162534709521,9.123));
#5960=VECTOR('',#6698,0.5751210527049);
#5961=CARTESIAN_POINT('',(-11.084094,5.716422709521,9.123));
#5962=CARTESIAN_POINT('',(-11.164094,5.796422709521,9.123));
#5963=AXIS2_PLACEMENT_3D('',#6699,#6700,#6701);
#5964=CARTESIAN_POINT('',(-12.128094,5.796422709521,9.123));
#5965=CARTESIAN_POINT('',(-11.164094,5.796422709521,9.123));
#5966=VECTOR('',#6702,0.964);
#5967=CARTESIAN_POINT('',(-12.208094,5.716422709521,9.123));
#5968=AXIS2_PLACEMENT_3D('',#6703,#6704,#6705);
#5969=CARTESIAN_POINT('',(-12.208094,4.752422709521,9.123));
#5970=CARTESIAN_POINT('',(-12.208094,4.752422709521,9.123));
#5971=VECTOR('',#6706,0.964);
#5972=CARTESIAN_POINT('',(-12.128094,4.672422709521,9.123));
#5973=AXIS2_PLACEMENT_3D('',#6707,#6708,#6709);
#5974=CARTESIAN_POINT('',(-11.164094,4.672422709521,9.123));
#5975=CARTESIAN_POINT('',(-11.164094,4.672422709521,9.123));
#5976=VECTOR('',#6710,0.964);
#5977=CARTESIAN_POINT('',(-11.084094,4.752422709521,9.123));
#5978=AXIS2_PLACEMENT_3D('',#6711,#6712,#6713);
#5979=CARTESIAN_POINT('',(-11.084094,5.716422709521,9.123));
#5980=VECTOR('',#6714,0.964);
#5981=CARTESIAN_POINT('',(-11.084094,4.752422709521,2.649287748137));
#5982=CARTESIAN_POINT('',(-11.084094,4.752422709521,2.649287748137));
#5983=VECTOR('',#6715,6.473712251863);
#5984=CARTESIAN_POINT('',(-11.084094,5.716422709521,2.649287748137));
#5985=CARTESIAN_POINT('',(-11.084094,5.716422709521,2.649287748137));
#5986=VECTOR('',#6716,0.964);
#5987=CARTESIAN_POINT('',(-11.084094,5.716422709521,9.123));
#5988=VECTOR('',#6717,6.473712251863);
#5989=CARTESIAN_POINT('',(-11.10752545751,5.772991252016,2.625856290632));
#5990=CARTESIAN_POINT('',(-11.084094,5.716422709521,2.649287748137));
#5991=CARTESIAN_POINT('',(-11.084094,5.740996562815,2.649287748137));
#5992=CARTESIAN_POINT('',(-11.09333773669,5.758803531201,2.640044011447));
#5993=CARTESIAN_POINT('',(-11.10752545751,5.772991252016,2.625856290632));
#5994=CARTESIAN_POINT('',(-11.164094,5.796422709521,2.649287748137));
#5995=CARTESIAN_POINT('',(-11.10752545751,5.772991252016,2.625856290632));
#5996=CARTESIAN_POINT('',(-11.12171317832,5.78717897283,2.640044011447));
#5997=CARTESIAN_POINT('',(-11.13952014671,5.796422709521,2.649287748137));
#5998=CARTESIAN_POINT('',(-11.164094,5.796422709521,2.649287748137));
#5999=CARTESIAN_POINT('',(-11.164094,5.796422709521,2.649287748137));
#6000=VECTOR('',#6718,6.473712251863);
#6001=CARTESIAN_POINT('',(-12.128094,5.796422709521,2.649287748137));
#6002=CARTESIAN_POINT('',(-12.128094,5.796422709521,9.123));
#6003=VECTOR('',#6719,6.473712251863);
#6004=CARTESIAN_POINT('',(-12.128094,5.796422709521,2.649287748137));
#6005=VECTOR('',#6720,0.964);
#6006=CARTESIAN_POINT('',(-11.484094,5.396422709521,2.249287748137));
#6007=CARTESIAN_POINT('',(-11.484094,5.396422709521,2.249287748137));
#6008=VECTOR('',#6721,0.6522358481334);
#6009=CARTESIAN_POINT('',(-11.808094,5.396422709521,2.249287748137));
#6010=CARTESIAN_POINT('',(-11.808094,5.396422709521,2.249287748137));
#6011=VECTOR('',#6722,0.3239999999999);
#6012=CARTESIAN_POINT('',(-12.1846625425,5.772991252016,2.625856290632));
#6013=CARTESIAN_POINT('',(-12.1846625425,5.772991252016,2.625856290632));
#6014=VECTOR('',#6723,0.6522358481334);
#6015=CARTESIAN_POINT('',(-12.128094,5.796422709521,2.649287748137));
#6016=CARTESIAN_POINT('',(-12.15266785329,5.796422709521,2.649287748137));
#6017=CARTESIAN_POINT('',(-12.17047482168,5.78717897283,2.640044011447));
#6018=CARTESIAN_POINT('',(-12.1846625425,5.772991252016,2.625856290632));
#6019=CARTESIAN_POINT('',(-12.208094,5.716422709521,2.649287748137));
#6020=CARTESIAN_POINT('',(-12.1846625425,5.772991252016,2.625856290632));
#6021=CARTESIAN_POINT('',(-12.19885026331,5.758803531201,2.640044011447));
#6022=CARTESIAN_POINT('',(-12.208094,5.740996562815,2.649287748137));
#6023=CARTESIAN_POINT('',(-12.208094,5.716422709521,2.649287748137));
#6024=CARTESIAN_POINT('',(-12.208094,5.716422709521,2.649287748137));
#6025=VECTOR('',#6724,6.473712251863);
#6026=CARTESIAN_POINT('',(-12.208094,4.752422709521,2.649287748137));
#6027=CARTESIAN_POINT('',(-12.208094,4.752422709521,2.649287748137));
#6028=VECTOR('',#6725,0.964);
#6029=CARTESIAN_POINT('',(-12.208094,4.752422709521,9.123));
#6030=VECTOR('',#6726,6.473712251863);
#6031=CARTESIAN_POINT('',(-12.1846625425,4.695854167026,2.625856290632));
#6032=CARTESIAN_POINT('',(-12.208094,4.752422709521,2.649287748137));
#6033=CARTESIAN_POINT('',(-12.208094,4.727848856226,2.649287748137));
#6034=CARTESIAN_POINT('',(-12.19885026331,4.71004188784,2.640044011447));
#6035=CARTESIAN_POINT('',(-12.1846625425,4.695854167026,2.625856290632));
#6036=CARTESIAN_POINT('',(-12.128094,4.672422709521,2.649287748137));
#6037=CARTESIAN_POINT('',(-12.1846625425,4.695854167026,2.625856290632));
#6038=CARTESIAN_POINT('',(-12.17047482168,4.681666446211,2.640044011447));
#6039=CARTESIAN_POINT('',(-12.15266785329,4.672422709521,2.649287748137));
#6040=CARTESIAN_POINT('',(-12.128094,4.672422709521,2.649287748137));
#6041=CARTESIAN_POINT('',(-12.128094,4.672422709521,2.649287748137));
#6042=VECTOR('',#6727,6.473712251863);
#6043=CARTESIAN_POINT('',(-11.164094,4.672422709521,2.649287748137));
#6044=CARTESIAN_POINT('',(-11.164094,4.672422709521,9.123));
#6045=VECTOR('',#6728,6.473712251863);
#6046=CARTESIAN_POINT('',(-11.164094,4.672422709521,2.649287748137));
#6047=VECTOR('',#6729,0.964);
#6048=CARTESIAN_POINT('',(-11.808094,5.072422709521,2.249287748137));
#6049=CARTESIAN_POINT('',(-11.808094,5.072422709521,2.249287748137));
#6050=VECTOR('',#6730,0.6522358481334);
#6051=CARTESIAN_POINT('',(-11.484094,5.072422709521,2.249287748137));
#6052=CARTESIAN_POINT('',(-11.484094,5.072422709521,2.249287748137));
#6053=VECTOR('',#6731,0.3239999999999);
#6054=CARTESIAN_POINT('',(-11.10752545751,4.695854167026,2.625856290632));
#6055=CARTESIAN_POINT('',(-11.10752545751,4.695854167026,2.625856290632));
#6056=VECTOR('',#6732,0.6522358481334);
#6057=CARTESIAN_POINT('',(-11.164094,4.672422709521,2.649287748137));
#6058=CARTESIAN_POINT('',(-11.13952014671,4.672422709521,2.649287748137));
#6059=CARTESIAN_POINT('',(-11.12171317832,4.681666446211,2.640044011447));
#6060=CARTESIAN_POINT('',(-11.10752545751,4.695854167026,2.625856290632));
#6061=CARTESIAN_POINT('',(-11.10752545751,4.695854167026,2.625856290632));
#6062=CARTESIAN_POINT('',(-11.09333773669,4.71004188784,2.640044011447));
#6063=CARTESIAN_POINT('',(-11.084094,4.727848856226,2.649287748137));
#6064=CARTESIAN_POINT('',(-11.084094,4.752422709521,2.649287748137));
#6065=CARTESIAN_POINT('',(-11.484094,5.396422709521,2.249287748137));
#6066=VECTOR('',#6733,0.324);
#6067=CARTESIAN_POINT('',(-11.808094,5.072422709521,2.249287748137));
#6068=VECTOR('',#6734,0.324);
#6069=CARTESIAN_POINT('',(-12.796094,10.25084400492,1.22504888108));
#6070=CARTESIAN_POINT('',(-12.796094,8.700844065728,1.22504888108));
#6071=VECTOR('',#6735,1.549999939192);
#6072=CARTESIAN_POINT('',(-12.796094,10.25084400492,1.22504888108));
#6073=VECTOR('',#6736,0.6002631971108);
#6074=CARTESIAN_POINT('',(-10.496094,10.25084400492,1.22504888108));
#6075=VECTOR('',#6737,2.3);
#6076=DIRECTION('',(0.0,1.0,-0.0));
#6077=CARTESIAN_POINT('',(-11.64866199803,-6.420029345732,6.622999936794));
#6078=DIRECTION('',(0.0,-1.0,0.0));
#6079=DIRECTION('',(-0.987117014340244,0.0,0.160000000000007));
#6080=DIRECTION('',(-4.805231895887E-12,1.0,-2.965101624932E-11));
#6081=CARTESIAN_POINT('',(-11.64866199803,-3.783532865812,6.622999936794));
#6082=DIRECTION('',(0.0,1.0,0.0));
#6083=DIRECTION('',(-1.0,0.0,0.0));
#6084=DIRECTION('',(-2.17967455541899E-07,0.999999999997294,2.31623580097099E-06));
#6085=CARTESIAN_POINT('',(-11.42866223129,-5.063533009192,8.030914883974));
#6086=DIRECTION('',(4.36768220730573E-08,-0.999999999999999,-1.68581857294697E-08));
#6087=DIRECTION('',(0.999999999998192,4.36767900256096E-08,1.90099749154999E-06));
#6088=DIRECTION('',(6.934115111768E-09,-1.0,-5.019717356905E-09));
#6089=DIRECTION('',(0.422618261740625,-0.906307787036685,0.0));
#6090=CARTESIAN_POINT('',(-11.64866199803,-6.420029345732,6.622999936794));
#6091=DIRECTION('',(0.0,-1.0,0.0));
#6092=DIRECTION('',(-1.0,0.0,0.0));
#6093=CARTESIAN_POINT('',(-11.64866199803,-7.153533007111,6.622999936794));
#6094=DIRECTION('',(0.0,-1.0,0.0));
#6095=DIRECTION('',(-1.0,0.0,0.0));
#6096=DIRECTION('',(1.06769215688996E-07,0.99999999999926,-1.21189476938095E-06));
#6097=CARTESIAN_POINT('',(-11.86866199803,-3.783532865812,5.215084811511));
#6098=DIRECTION('',(0.0,1.0,0.0));
#6099=DIRECTION('',(-0.154385964911296,0.0,-0.988010614233677));
#6100=DIRECTION('',(0.0,-1.0,0.0));
#6101=DIRECTION('',(-0.0,-1.0,0.0));
#6102=CARTESIAN_POINT('',(-11.64866199803,-3.783532865812,6.622999936794));
#6103=DIRECTION('',(-0.0,1.0,0.0));
#6104=DIRECTION('',(0.987117014340262,0.0,0.159999999999894));
#6105=DIRECTION('',(1.48226446591E-13,1.0,-9.216989951659E-13));
#6106=CARTESIAN_POINT('',(-11.64866199803,-6.420029345732,6.622999936794));
#6107=DIRECTION('',(0.0,-1.0,0.0));
#6108=DIRECTION('',(1.0,0.0,0.0));
#6109=DIRECTION('',(0.422618261740625,0.906307787036685,-0.0));
#6110=CARTESIAN_POINT('',(-11.64866199803,-7.153533007111,6.622999936794));
#6111=DIRECTION('',(0.0,-1.0,0.0));
#6112=DIRECTION('',(0.958183488628571,0.0,-0.286154507424891));
#6113=CARTESIAN_POINT('',(-11.64866199803,-6.420029345732,6.622999936794));
#6114=DIRECTION('',(0.0,-1.0,0.0));
#6115=DIRECTION('',(0.987117014340244,0.0,-0.160000000000007));
#6116=DIRECTION('',(-1.0,0.0,0.0));
#6117=DIRECTION('',(0.0,-0.511805169537407,-0.859101547219411));
#6118=DIRECTION('',(-1.0,0.0,0.0));
#6119=DIRECTION('',(0.0,0.511805169537407,0.859101547219411));
#6120=DIRECTION('',(0.0,0.0,1.0));
#6121=DIRECTION('',(0.0,1.0,0.0));
#6122=DIRECTION('',(0.0,7.121366869273E-09,1.0));
#6123=DIRECTION('',(-1.0,0.0,0.0));
#6124=DIRECTION('',(0.0,-7.121366869273E-09,-1.0));
#6125=DIRECTION('',(1.0,-9.032098904419E-09,1.010734721183E-08));
#6126=DIRECTION('',(0.0,0.0,-1.0));
#6127=DIRECTION('',(1.0,0.0,0.0));
#6128=DIRECTION('',(0.0,0.0,1.0));
#6129=DIRECTION('',(1.0,9.032099593889E-09,-1.010734702011E-08));
#6130=CARTESIAN_POINT('',(-7.971435739465,8.200844065728,-1.977000030316));
#6131=DIRECTION('',(0.0,0.0,-1.0));
#6132=DIRECTION('',(0.0,1.0,0.0));
#6133=DIRECTION('',(0.0,1.0,0.0));
#6134=CARTESIAN_POINT('',(-7.971435739465,-3.283532865812,-1.977000030316));
#6135=DIRECTION('',(0.0,0.0,-1.0));
#6136=DIRECTION('',(1.0,0.0,0.0));
#6137=DIRECTION('',(-1.0,0.0,0.0));
#6138=CARTESIAN_POINT('',(-15.32075225658,-3.283532865812,-1.977000030316));
#6139=DIRECTION('',(0.0,0.0,-1.0));
#6140=DIRECTION('',(2.14054297131802E-06,-0.999999999997709,0.0));
#6141=DIRECTION('',(0.0,-1.0,0.0));
#6142=CARTESIAN_POINT('',(-15.32075225658,8.200844065728,-1.977000030316));
#6143=DIRECTION('',(0.0,0.0,-1.0));
#6144=DIRECTION('',(-1.0,0.0,0.0));
#6145=DIRECTION('',(1.0,0.0,0.0));
#6146=DIRECTION('',(0.0,-1.0,0.0));
#6147=DIRECTION('',(-1.0,0.0,0.0));
#6148=DIRECTION('',(0.0,-1.0,0.0));
#6149=DIRECTION('',(1.0,0.0,0.0));
#6150=DIRECTION('',(0.0,-1.0,0.0));
#6151=DIRECTION('',(1.0,0.0,0.0));
#6152=DIRECTION('',(0.0,-1.0,0.0));
#6153=DIRECTION('',(1.0,-1.604983855139E-14,0.0));
#6154=DIRECTION('',(1.0,0.0,0.0));
#6155=DIRECTION('',(1.0,0.0,0.0));
#6156=DIRECTION('',(0.0,1.0,0.0));
#6157=DIRECTION('',(-1.0,0.0,0.0));
#6158=DIRECTION('',(0.0,1.0,0.0));
#6159=DIRECTION('',(-1.0,0.0,0.0));
#6160=DIRECTION('',(0.0,1.0,0.0));
#6161=DIRECTION('',(-1.0,0.0,0.0));
#6162=DIRECTION('',(0.0,-1.0,0.0));
#6163=DIRECTION('',(1.0,0.0,0.0));
#6164=DIRECTION('',(0.0,-1.0,0.0));
#6165=DIRECTION('',(-1.0,0.0,0.0));
#6166=DIRECTION('',(0.707106781186548,0.707106781186548,0.0));
#6167=DIRECTION('',(0.0,1.0,0.0));
#6168=DIRECTION('',(-1.0,0.0,0.0));
#6169=DIRECTION('',(0.0,1.0,0.0));
#6170=DIRECTION('',(-1.0,0.0,0.0));
#6171=DIRECTION('',(0.0,1.0,0.0));
#6172=DIRECTION('',(-1.0,0.0,0.0));
#6173=DIRECTION('',(0.0,1.0,0.0));
#6174=DIRECTION('',(-1.0,0.0,0.0));
#6175=DIRECTION('',(0.0,1.0,0.0));
#6176=DIRECTION('',(-1.0,0.0,0.0));
#6177=DIRECTION('',(-1.0,0.0,0.0));
#6178=DIRECTION('',(-1.0,1.167260985556E-14,0.0));
#6179=DIRECTION('',(0.0,-1.0,0.0));
#6180=DIRECTION('',(-1.0,0.0,0.0));
#6181=DIRECTION('',(0.0,-1.0,0.0));
#6182=DIRECTION('',(1.0,0.0,0.0));
#6183=DIRECTION('',(0.0,-1.0,0.0));
#6184=DIRECTION('',(-1.0,0.0,0.0));
#6185=DIRECTION('',(0.0,-1.0,0.0));
#6186=DIRECTION('',(1.0,0.0,0.0));
#6187=DIRECTION('',(2.152843917359E-14,-1.0,0.0));
#6188=DIRECTION('',(-1.0,0.0,0.0));
#6189=CARTESIAN_POINT('',(-15.32075225658,8.200844065728,12.823));
#6190=DIRECTION('',(0.0,-0.0,1.0));
#6191=DIRECTION('',(0.0,1.0,0.0));
#6192=DIRECTION('',(0.0,0.0,1.0));
#6193=DIRECTION('',(0.0,0.0,-1.0));
#6194=DIRECTION('',(0.0,-1.0,0.0));
#6195=DIRECTION('',(0.0,0.0,-1.0));
#6196=DIRECTION('',(0.0,1.0,0.0));
#6197=DIRECTION('',(0.0,0.0,1.0));
#6198=DIRECTION('',(0.0,-1.0,0.0));
#6199=CARTESIAN_POINT('',(-7.971435739465,-3.283532865812,12.823));
#6200=DIRECTION('',(0.0,0.0,1.0));
#6201=DIRECTION('',(-2.14054296954202E-06,-0.999999999997709,0.0));
#6202=DIRECTION('',(0.0,-1.0,0.0));
#6203=CARTESIAN_POINT('',(-7.971435739465,8.200844065728,12.823));
#6204=DIRECTION('',(0.0,0.0,1.0));
#6205=DIRECTION('',(1.0,0.0,0.0));
#6206=CARTESIAN_POINT('',(-15.32075225658,-3.283532865812,12.823));
#6207=DIRECTION('',(0.0,0.0,1.0));
#6208=DIRECTION('',(-1.0,0.0,0.0));
#6209=DIRECTION('',(1.0,0.0,0.0));
#6210=CARTESIAN_POINT('',(-12.128094,4.752422709521,12.823));
#6211=DIRECTION('',(0.0,0.0,-1.0));
#6212=DIRECTION('',(0.0,-1.0,0.0));
#6213=DIRECTION('',(0.0,-1.0,0.0));
#6214=CARTESIAN_POINT('',(-12.128094,5.716422709521,12.823));
#6215=DIRECTION('',(-0.0,0.0,-1.0));
#6216=DIRECTION('',(-1.0,-1.110223024625E-14,0.0));
#6217=DIRECTION('',(-1.0,0.0,0.0));
#6218=CARTESIAN_POINT('',(-11.164094,5.716422709521,12.823));
#6219=DIRECTION('',(0.0,0.0,-1.0));
#6220=DIRECTION('',(0.0,1.0,0.0));
#6221=DIRECTION('',(0.0,1.0,0.0));
#6222=CARTESIAN_POINT('',(-11.164094,4.752422709521,12.823));
#6223=DIRECTION('',(0.0,0.0,-1.0));
#6224=DIRECTION('',(1.0,1.110223024625E-14,0.0));
#6225=DIRECTION('',(1.0,0.0,0.0));
#6226=DIRECTION('',(0.0,-1.0,-1.091467918823E-14));
#6227=DIRECTION('',(-1.0,0.0,-2.579771343353E-14));
#6228=DIRECTION('',(0.0,1.0,2.001024517845E-14));
#6229=DIRECTION('',(1.0,-6.26515897697E-14,1.253031795394E-13));
#6230=DIRECTION('',(3.56730245186713E-07,-4.70993718625117E-08,0.999999999999935));
#6231=DIRECTION('',(1.0,0.0,0.0));
#6232=DIRECTION('',(0.0,0.0,1.0));
#6233=DIRECTION('',(0.9999999999995,0.0,1.00000000458E-06));
#6234=DIRECTION('',(-3.56757846829213E-07,4.70994439395617E-08,0.999999999999935));
#6235=DIRECTION('',(-3.54261204371613E-07,-4.70993732903917E-08,-0.999999999999936));
#6236=DIRECTION('',(1.0,0.0,0.0));
#6237=DIRECTION('',(0.0,0.0,-1.0));
#6238=DIRECTION('',(1.0,0.0,0.0));
#6239=DIRECTION('',(3.54288251986413E-07,4.70993718625117E-08,-0.999999999999936));
#6240=CARTESIAN_POINT('',(-12.81866199803,-3.783532865812,7.792999936794));
#6241=DIRECTION('',(0.0,-1.0,0.0));
#6242=DIRECTION('',(0.0,0.0,-1.0));
#6243=DIRECTION('',(-1.493269364265E-14,0.0,1.0));
#6244=CARTESIAN_POINT('',(-11.86866199803,-3.783532865812,8.030915062077));
#6245=DIRECTION('',(0.0,1.0,0.0));
#6246=DIRECTION('',(-1.0,0.0,5.86197757002E-13));
#6247=CARTESIAN_POINT('',(-11.64866199803,-3.783532865812,6.622999936794));
#6248=DIRECTION('',(0.0,1.0,0.0));
#6249=DIRECTION('',(-0.154385964912205,0.0,0.988010614233535));
#6250=CARTESIAN_POINT('',(-11.42866200321,-3.783532865812,8.030915062077));
#6251=DIRECTION('',(-0.0,1.0,0.0));
#6252=DIRECTION('',(0.154386108904593,0.0,0.988010591733357));
#6253=DIRECTION('',(-3.070064802758E-09,0.0,1.0));
#6254=CARTESIAN_POINT('',(-10.47866199803,-3.783532865812,7.792999936794));
#6255=DIRECTION('',(0.0,-1.0,0.0));
#6256=DIRECTION('',(-1.0,0.0,1.7763568394E-14));
#6257=DIRECTION('',(-1.0,0.0,0.0));
#6258=CARTESIAN_POINT('',(-10.29137610331,-3.783532865812,6.842999936794));
#6259=DIRECTION('',(0.0,1.0,0.0));
#6260=DIRECTION('',(-5.329070518201E-14,0.0,1.0));
#6261=CARTESIAN_POINT('',(-11.64866199803,-3.783532865812,6.622999936794));
#6262=DIRECTION('',(-0.0,1.0,0.0));
#6263=DIRECTION('',(0.987117014340262,0.0,0.159999999999894));
#6264=CARTESIAN_POINT('',(-10.29137610331,-3.783532865812,6.402999936794));
#6265=DIRECTION('',(0.0,1.0,0.0));
#6266=DIRECTION('',(0.987117014340489,0.0,-0.159999999998498));
#6267=DIRECTION('',(1.0,0.0,0.0));
#6268=CARTESIAN_POINT('',(-10.47866199803,-3.783532865812,5.452999936794));
#6269=DIRECTION('',(0.0,-1.0,0.0));
#6270=DIRECTION('',(0.0,0.0,1.0));
#6271=DIRECTION('',(-3.070512783584E-09,0.0,-1.0));
#6272=CARTESIAN_POINT('',(-11.42866200321,-3.783532865812,5.215084811511));
#6273=DIRECTION('',(-0.0,1.0,0.0));
#6274=DIRECTION('',(0.999999999999993,0.0,1.21683104394099E-07));
#6275=CARTESIAN_POINT('',(-11.64866199803,-3.783532865812,6.622999936794));
#6276=DIRECTION('',(0.0,1.0,0.0));
#6277=DIRECTION('',(0.154385967486399,0.0,-0.988010613831293));
#6278=DIRECTION('',(-2.239904046398E-14,0.0,-1.0));
#6279=CARTESIAN_POINT('',(-12.81866199803,-3.783532865812,5.452999936794));
#6280=DIRECTION('',(0.0,-1.0,0.0));
#6281=DIRECTION('',(1.0,0.0,-1.880848418189E-14));
#6282=DIRECTION('',(-1.0,0.0,0.0));
#6283=CARTESIAN_POINT('',(-13.00594789274,-3.783532865812,6.402999936794));
#6284=DIRECTION('',(0.0,1.0,0.0));
#6285=DIRECTION('',(5.329070518201E-14,0.0,-1.0));
#6286=CARTESIAN_POINT('',(-11.64866199803,-3.783532865812,6.622999936794));
#6287=DIRECTION('',(0.0,1.0,0.0));
#6288=DIRECTION('',(-0.987117014340262,0.0,-0.159999999999894));
#6289=CARTESIAN_POINT('',(-13.00594789274,-3.783532865812,6.842999936794));
#6290=DIRECTION('',(0.0,1.0,0.0));
#6291=DIRECTION('',(-0.98711701434057,0.0,0.159999999997995));
#6292=DIRECTION('',(-1.0,0.0,0.0));
#6293=DIRECTION('',(0.0,0.0,-1.0));
#6294=DIRECTION('',(0.0,0.0,1.0));
#6295=DIRECTION('',(0.0,0.0,-1.0));
#6296=DIRECTION('',(-2.962997023911E-09,-1.0,0.0));
#6297=DIRECTION('',(2.962995247437E-09,1.0,0.0));
#6298=DIRECTION('',(0.0,0.0,1.0));
#6299=DIRECTION('',(-1.0,0.0,0.0));
#6300=DIRECTION('',(1.0,0.0,0.0));
#6301=DIRECTION('',(0.0,0.0,1.0));
#6302=DIRECTION('',(0.0,1.0,0.0));
#6303=DIRECTION('',(0.0,-1.0,0.0));
#6304=DIRECTION('',(0.0,0.0,1.0));
#6305=DIRECTION('',(9.94825457133799E-14,0.999999999995499,-3.000197931855E-06));
#6306=DIRECTION('',(0.0,0.0,1.0));
#6307=DIRECTION('',(1.03035493775E-13,1.0,0.0));
#6308=DIRECTION('',(0.0,-1.0,0.0));
#6309=DIRECTION('',(-1.0,0.0,0.0));
#6310=DIRECTION('',(-1.0,0.0,0.0));
#6311=DIRECTION('',(0.0,0.0,1.0));
#6312=DIRECTION('',(0.0,-1.0,0.0));
#6313=DIRECTION('',(-6.27588880789501E-07,0.999999999999802,-5.48533929534901E-08));
#6314=DIRECTION('',(2.90736471192697E-08,-0.999999999999991,1.30902222965399E-07));
#6315=CARTESIAN_POINT('',(-12.81866199803,-7.153533007111,7.792999936794));
#6316=DIRECTION('',(0.0,1.0,0.0));
#6317=DIRECTION('',(0.995056381351346,0.0,-0.0993116203269546));
#6318=DIRECTION('',(1.21050411163899E-07,0.999999999999992,2.68526353034298E-08));
#6319=DIRECTION('',(-1.07048372772395E-07,-0.999999999999256,-1.21512716377795E-06));
#6320=DIRECTION('',(4.018673086862E-11,1.0,6.278737748436E-12));
#6321=CARTESIAN_POINT('',(-11.64866199803,-6.312803999706,6.622999936794));
#6322=DIRECTION('',(0.0,-1.0,0.0));
#6323=DIRECTION('',(0.154385964912303,0.0,0.98801061423352));
#6324=DIRECTION('',(-9.647347133115E-09,-1.0,2.416430677481E-09));
#6325=DIRECTION('',(4.517677399736E-09,1.0,-6.293050107998E-09));
#6326=DIRECTION('',(1.06954893898799E-07,-0.999999999999994,-2.37506666972899E-08));
#6327=CARTESIAN_POINT('',(-10.47866199803,-7.153533007111,7.792999936794));
#6328=DIRECTION('',(0.0,1.0,0.0));
#6329=DIRECTION('',(-0.0993594519320355,0.0,-0.995051606356055));
#6330=DIRECTION('',(3.21758656338096E-08,0.999999999999989,-1.44998791717098E-07));
#6331=DIRECTION('',(-6.27623924317601E-07,-0.999999999999801,5.48537786830001E-08));
#6332=CARTESIAN_POINT('',(-11.64866199803,-7.153533007111,6.622999936794));
#6333=DIRECTION('',(0.0,-1.0,0.0));
#6334=DIRECTION('',(0.958183488628571,0.0,-0.286154507424891));
#6335=DIRECTION('',(4.800515599859E-12,1.0,2.962979291719E-11));
#6336=DIRECTION('',(6.27588958568501E-07,0.999999999999802,5.48533986446301E-08));
#6337=DIRECTION('',(-2.90736626700897E-08,-0.999999999999991,-1.30902318491899E-07));
#6338=CARTESIAN_POINT('',(-10.47866199803,-7.153533007111,5.452999936794));
#6339=DIRECTION('',(0.0,1.0,0.0));
#6340=DIRECTION('',(-0.995056381351346,0.0,0.0993116203269546));
#6341=DIRECTION('',(-1.21050368954599E-07,0.999999999999992,-2.68528216353298E-08));
#6342=DIRECTION('',(2.13105803611299E-07,-0.999999999997294,2.31649151377899E-06));
#6343=DIRECTION('',(-2.859075160756E-09,-1.0,-5.146126012345E-09));
#6344=CARTESIAN_POINT('',(-11.42866222492,-5.063533008428,5.215084992072));
#6345=DIRECTION('',(2.76413693565854E-08,-0.999999999999999,1.0668900917577E-08));
#6346=DIRECTION('',(0.154387850225798,-6.27349261345491E-09,-0.988010319633685));
#6347=DIRECTION('',(-1.646782527575E-09,-1.0,-7.852440048916E-10));
#6348=DIRECTION('',(-7.966776430532E-09,1.0,-3.953218739241E-09));
#6349=CARTESIAN_POINT('',(-11.64866199803,-6.312803999706,6.622999936794));
#6350=DIRECTION('',(0.0,-1.0,-0.0));
#6351=DIRECTION('',(-0.154385964912303,0.0,-0.98801061423352));
#6352=DIRECTION('',(-1.06954999422099E-07,-0.999999999999994,2.37506675303799E-08));
#6353=CARTESIAN_POINT('',(-12.81866199803,-7.153533007111,5.452999936794));
#6354=DIRECTION('',(-0.0,1.0,0.0));
#6355=DIRECTION('',(0.0993116203273605,0.0,0.995056381351305));
#6356=DIRECTION('',(-3.21758817410596E-08,0.999999999999989,1.44998876140498E-07));
#6357=DIRECTION('',(6.28691499243E-07,-0.999999999999801,-5.494707991095E-08));
#6358=DIRECTION('',(-1.724816833059E-13,1.0,1.069588563469E-12));
#6359=CARTESIAN_POINT('',(-11.64866199803,-7.153533007111,6.622999936794));
#6360=DIRECTION('',(0.0,-1.0,0.0));
#6361=DIRECTION('',(-0.958178469348371,0.0,0.286171313861491));
#6362=CARTESIAN_POINT('',(-11.64866199803,-7.153533007111,6.622999936794));
#6363=DIRECTION('',(0.0,-1.0,0.0));
#6364=DIRECTION('',(0.286154507424891,0.0,0.958183488628571));
#6365=CARTESIAN_POINT('',(-11.64866199803,-7.153533007111,6.622999936794));
#6366=DIRECTION('',(0.0,-1.0,-0.0));
#6367=DIRECTION('',(-0.286154507424891,0.0,-0.958183488628571));
#6368=DIRECTION('',(1.0,0.0,0.0));
#6369=DIRECTION('',(0.0,0.0,1.0));
#6370=DIRECTION('',(0.0,0.0,-1.0));
#6371=DIRECTION('',(0.0,0.0,1.0));
#6372=CARTESIAN_POINT('',(-11.164094,4.752422709521,17.82100003284));
#6373=DIRECTION('',(0.0,0.0,1.0));
#6374=DIRECTION('',(0.0,-1.0,0.0));
#6375=CARTESIAN_POINT('',(-11.084094,3.632422709521,17.82100003284));
#6376=DIRECTION('',(-1.0,0.0,0.0));
#6377=DIRECTION('',(0.0,0.0,1.0));
#6378=CARTESIAN_POINT('',(-11.164094,3.632422709521,18.94100003284));
#6379=DIRECTION('',(-0.0,1.0,0.0));
#6380=DIRECTION('',(1.0,0.0,0.0));
#6381=CARTESIAN_POINT('',(-11.164094,3.632422709521,17.82100003284));
#6382=DIRECTION('',(-1.0,0.0,0.0));
#6383=DIRECTION('',(0.0,0.0,1.0));
#6384=DIRECTION('',(-1.0,0.0,0.0));
#6385=CARTESIAN_POINT('',(-12.128094,3.632422709521,17.82100003284));
#6386=DIRECTION('',(1.0,0.0,0.0));
#6387=DIRECTION('',(0.0,1.0,0.0));
#6388=CARTESIAN_POINT('',(-12.128094,3.632422709521,18.94100003284));
#6389=DIRECTION('',(0.0,1.0,0.0));
#6390=DIRECTION('',(0.0,0.0,-1.0));
#6391=CARTESIAN_POINT('',(-12.208094,3.632422709521,17.82100003284));
#6392=DIRECTION('',(1.0,0.0,0.0));
#6393=DIRECTION('',(0.0,1.0,0.0));
#6394=CARTESIAN_POINT('',(-12.128094,4.752422709521,17.82100003284));
#6395=DIRECTION('',(0.0,0.0,1.0));
#6396=DIRECTION('',(-1.0,0.0,0.0));
#6397=DIRECTION('',(0.0,0.0,-1.0));
#6398=DIRECTION('',(0.0,0.0,-1.0));
#6399=DIRECTION('',(0.0,-1.0,0.0));
#6400=CARTESIAN_POINT('',(-12.208094,3.756422709521,17.94478151009));
#6401=DIRECTION('',(-1.0,0.0,0.0));
#6402=DIRECTION('',(0.0,1.767293794301E-14,1.0));
#6403=DIRECTION('',(0.0,0.0,1.0));
#6404=DIRECTION('',(0.0,1.0,0.0));
#6405=DIRECTION('',(0.0,-1.0,0.0));
#6406=DIRECTION('',(0.0,1.0,0.0));
#6407=DIRECTION('',(-1.0,0.0,0.0));
#6408=DIRECTION('',(-1.0,5.482582837656E-14,-4.386066270125E-14));
#6409=DIRECTION('',(0.577350269189626,-0.577350269189626,0.577350269189626));
#6410=DIRECTION('',(0.577350269189692,0.577350269189592,-0.577350269189592));
#6411=DIRECTION('',(-0.577350269189692,-0.577350269189592,-0.577350269189592));
#6412=DIRECTION('',(1.645884923198E-14,0.0,-1.0));
#6413=DIRECTION('',(0.0,0.0,-1.0));
#6414=DIRECTION('',(0.0,0.0,-1.0));
#6415=CARTESIAN_POINT('',(-11.084094,3.756422709521,17.94478151009));
#6416=DIRECTION('',(1.0,0.0,0.0));
#6417=DIRECTION('',(0.0,1.0,0.0));
#6418=DIRECTION('',(0.0,1.0,0.0));
#6419=DIRECTION('',(0.0,-1.0,0.0));
#6420=CARTESIAN_POINT('',(-11.164094,3.756422709521,19.90478151009));
#6421=DIRECTION('',(0.0,1.0,0.0));
#6422=DIRECTION('',(0.0,0.0,1.0));
#6423=DIRECTION('',(0.0,-1.0,0.0));
#6424=DIRECTION('',(1.0,0.0,0.0));
#6425=DIRECTION('',(-0.577350269189626,0.577350269189626,0.577350269189626));
#6426=DIRECTION('',(1.0,-4.934324553891E-14,-3.289549702594E-14));
#6427=DIRECTION('',(-1.645884923198E-14,0.0,-1.0));
#6428=DIRECTION('',(0.0,1.0,0.0));
#6429=CARTESIAN_POINT('',(-12.128094,3.756422709521,19.90478151009));
#6430=DIRECTION('',(0.0,1.0,0.0));
#6431=DIRECTION('',(-1.0,0.0,-4.440892098501E-14));
#6432=CARTESIAN_POINT('',(-12.128094,5.716422709521,17.94478151009));
#6433=DIRECTION('',(0.0,-0.0,1.0));
#6434=DIRECTION('',(0.0,1.0,0.0));
#6435=CARTESIAN_POINT('',(-12.128094,3.756422709521,17.94478151009));
#6436=DIRECTION('',(-1.0,0.0,0.0));
#6437=DIRECTION('',(0.0,0.0,1.0));
#6438=DIRECTION('',(1.0,0.0,0.0));
#6439=CARTESIAN_POINT('',(-11.164094,3.756422709521,17.94478151009));
#6440=DIRECTION('',(1.0,0.0,0.0));
#6441=DIRECTION('',(0.0,1.0,0.0));
#6442=DIRECTION('',(-1.0,0.0,0.0));
#6443=DIRECTION('',(0.0,0.0,-1.0));
#6444=DIRECTION('',(0.0,0.0,1.0));
#6445=CARTESIAN_POINT('',(-11.164094,5.716422709521,17.94478151009));
#6446=DIRECTION('',(0.0,0.0,1.0));
#6447=DIRECTION('',(1.0,0.0,0.0));
#6448=CARTESIAN_POINT('',(-11.166662,-2.022577290479,12.36600003284));
#6449=DIRECTION('',(-1.0,0.0,0.0));
#6450=DIRECTION('',(0.0,-0.220042898896707,0.97549019607843));
#6451=DIRECTION('',(-1.0,0.0,0.0));
#6452=CARTESIAN_POINT('',(-12.130662,-2.022577290479,12.36600003284));
#6453=DIRECTION('',(1.0,0.0,-0.0));
#6454=DIRECTION('',(0.0,0.894013920506441,0.448039183488121));
#6455=CARTESIAN_POINT('',(-12.210662,-2.022577290479,12.36600003284));
#6456=DIRECTION('',(1.0,0.0,-0.0));
#6457=DIRECTION('',(0.0,0.90961395408664,0.415454515598118));
#6458=DIRECTION('',(0.0,1.0,0.0));
#6459=DIRECTION('',(0.0,0.0,1.0));
#6460=DIRECTION('',(0.0,-1.0,0.0));
#6461=CARTESIAN_POINT('',(-12.210662,-2.017907759175,12.41578151009));
#6462=DIRECTION('',(-1.0,0.0,0.0));
#6463=DIRECTION('',(0.0,0.1570736490579,0.9875868917577));
#6464=CARTESIAN_POINT('',(-12.130662,-2.017907759175,12.41578151009));
#6465=DIRECTION('',(-1.0,0.0,0.0));
#6466=DIRECTION('',(0.0,0.154062355080601,0.988061127029608));
#6467=DIRECTION('',(1.0,0.0,0.0));
#6468=CARTESIAN_POINT('',(-11.166662,-2.017907759175,12.41578151009));
#6469=DIRECTION('',(1.0,0.0,-0.0));
#6470=DIRECTION('',(0.0,0.980908626232738,0.194469192887208));
#6471=CARTESIAN_POINT('',(-11.086662,-2.017907759175,12.41578151009));
#6472=DIRECTION('',(1.0,0.0,-0.0));
#6473=DIRECTION('',(0.0,0.979345511942088,0.202193887738698));
#6474=DIRECTION('',(0.0,1.0,0.0));
#6475=DIRECTION('',(0.0,0.0,-1.0));
#6476=DIRECTION('',(0.0,-1.0,0.0));
#6477=CARTESIAN_POINT('',(-11.086662,-2.022577290479,12.36600003284));
#6478=DIRECTION('',(-1.0,0.0,0.0));
#6479=DIRECTION('',(0.0,-0.211985887570206,0.977272727272726));
#6480=DIRECTION('',(0.0,1.0,0.0));
#6481=DIRECTION('',(0.0,-1.0,0.0));
#6482=DIRECTION('',(1.0,0.0,0.0));
#6483=DIRECTION('',(0.577350269189626,0.577350269189626,-0.577350269189626));
#6484=DIRECTION('',(1.0,0.0,1.096516567531E-14));
#6485=DIRECTION('',(0.577350269189626,-0.577350269189626,0.577350269189626));
#6486=DIRECTION('',(1.645884923198E-14,0.0,1.0));
#6487=DIRECTION('',(-0.577350269189626,0.577350269189626,0.577350269189626));
#6488=DIRECTION('',(-0.577350269189626,-0.577350269189626,-0.577350269189626));
#6489=DIRECTION('',(1.0,0.0,0.0));
#6490=DIRECTION('',(1.0,0.0,-2.193033135062E-14));
#6491=DIRECTION('',(-2.194513230931E-14,0.0,-1.0));
#6492=DIRECTION('',(0.0,-1.0,0.0));
#6493=DIRECTION('',(0.0,1.0,0.0));
#6494=DIRECTION('',(1.0,0.0,1.009305625757E-14));
#6495=DIRECTION('',(0.0,-1.0,0.0));
#6496=DIRECTION('',(1.0,0.0,1.009305625757E-14));
#6497=DIRECTION('',(0.0,0.0,-1.0));
#6498=DIRECTION('',(1.0,0.0,0.0));
#6499=DIRECTION('',(0.0,1.0,0.0));
#6500=DIRECTION('',(1.0,0.0,0.0));
#6501=DIRECTION('',(0.0,0.0,1.0));
#6502=DIRECTION('',(0.0,-1.0,0.0));
#6503=DIRECTION('',(0.0,0.0,-1.0));
#6504=DIRECTION('',(0.0,0.196116135138203,0.980580675690916));
#6505=DIRECTION('',(0.0,0.316227766016808,0.948683298050524));
#6506=DIRECTION('',(0.0,0.447213595499998,0.894427190999896));
#6507=DIRECTION('',(0.0,0.707106781186548,0.707106781186548));
#6508=DIRECTION('',(0.0,0.8,0.6));
#6509=DIRECTION('',(0.0,0.948683298050524,0.316227766016808));
#6510=DIRECTION('',(0.0,0.0,-1.0));
#6511=DIRECTION('',(0.0,1.0,0.0));
#6512=DIRECTION('',(0.0,0.0,1.0));
#6513=DIRECTION('',(0.0,-1.0,0.0));
#6514=DIRECTION('',(0.0,0.0,1.0));
#6515=DIRECTION('',(0.0,0.0,-1.0));
#6516=DIRECTION('',(1.0,0.0,0.0));
#6517=DIRECTION('',(1.0,0.0,0.0));
#6518=DIRECTION('',(0.0,1.0,0.0));
#6519=DIRECTION('',(1.0,0.0,0.0));
#6520=DIRECTION('',(0.0,0.0,-1.0));
#6521=DIRECTION('',(1.0,0.0,-1.345740834342E-14));
#6522=DIRECTION('',(0.0,-1.0,0.0));
#6523=DIRECTION('',(1.0,0.0,-1.345740834342E-14));
#6524=DIRECTION('',(0.0,0.0,1.0));
#6525=DIRECTION('',(1.0,0.0,-1.345740834342E-14));
#6526=DIRECTION('',(0.0,-0.948683298050524,-0.316227766016808));
#6527=DIRECTION('',(1.0,-4.541875315905E-14,-4.037222503027E-14));
#6528=DIRECTION('',(0.0,-0.8,-0.6));
#6529=DIRECTION('',(1.0,1.345740834342E-14,2.355046460099E-14));
#6530=DIRECTION('',(0.0,-0.707106781186548,-0.707106781186548));
#6531=DIRECTION('',(1.0,-9.420185840396E-14,-1.009305625757E-13));
#6532=DIRECTION('',(0.0,-0.447213595499998,-0.894427190999896));
#6533=DIRECTION('',(1.0,9.630457845762E-14,2.910164554265E-13));
#6534=DIRECTION('',(0.0,-0.316227766016808,-0.948683298050524));
#6535=DIRECTION('',(1.0,0.0,0.0));
#6536=DIRECTION('',(0.0,-0.196116135138203,-0.980580675690916));
#6537=DIRECTION('',(1.0,0.0,0.0));
#6538=DIRECTION('',(0.0,0.0,1.0));
#6539=DIRECTION('',(1.0,0.0,0.0));
#6540=DIRECTION('',(0.0,1.0,0.0));
#6541=DIRECTION('',(-0.278764955438509,0.682739898756923,0.675393463297323));
#6542=DIRECTION('',(-0.723885411328812,-0.689488066419711,0.0244155182235604));
#6543=DIRECTION('',(-0.818861330000282,2.85502662642394E-14,0.573991395606388));
#6544=DIRECTION('',(1.0,0.0,0.0));
#6545=DIRECTION('',(0.0,0.0,-1.0));
#6546=DIRECTION('',(0.0,0.0,-1.0));
#6547=DIRECTION('',(-7.03752053577169E-05,-2.80074572496888E-05,-0.999999997131456));
#6548=DIRECTION('',(-0.723894639200364,-0.689910538647566,0.0));
#6549=DIRECTION('',(0.0,-1.0,0.0));
#6550=DIRECTION('',(1.0,0.0,0.0));
#6551=DIRECTION('',(0.0,-1.0,0.0));
#6552=DIRECTION('',(-1.0,0.0,0.0));
#6553=DIRECTION('',(0.0,-1.0,0.0));
#6554=DIRECTION('',(1.0,0.0,0.0));
#6555=DIRECTION('',(0.0,-1.0,0.0));
#6556=DIRECTION('',(-1.0,0.0,0.0));
#6557=DIRECTION('',(0.0,-1.0,0.0));
#6558=DIRECTION('',(-1.0,0.0,0.0));
#6559=DIRECTION('',(0.0,1.0,0.0));
#6560=DIRECTION('',(-1.0,0.0,0.0));
#6561=DIRECTION('',(0.0,1.0,0.0));
#6562=DIRECTION('',(1.0,0.0,0.0));
#6563=DIRECTION('',(0.0,1.0,0.0));
#6564=DIRECTION('',(-1.0,0.0,0.0));
#6565=DIRECTION('',(0.0,1.0,0.0));
#6566=DIRECTION('',(1.0,0.0,0.0));
#6567=CARTESIAN_POINT('',(-11.166662,-0.9475772904794,9.123));
#6568=DIRECTION('',(0.0,0.0,1.0));
#6569=DIRECTION('',(-1.33226762955E-13,-1.0,0.0));
#6570=DIRECTION('',(0.0,1.0,0.0));
#6571=CARTESIAN_POINT('',(-11.166662,0.01642270952062,9.123));
#6572=DIRECTION('',(0.0,0.0,1.0));
#6573=DIRECTION('',(1.0,0.0,0.0));
#6574=DIRECTION('',(1.0,0.0,0.0));
#6575=CARTESIAN_POINT('',(-12.130662,0.01642270952062,9.123));
#6576=DIRECTION('',(0.0,-0.0,1.0));
#6577=DIRECTION('',(0.0,1.0,0.0));
#6578=DIRECTION('',(0.0,1.0,0.0));
#6579=CARTESIAN_POINT('',(-12.130662,-0.9475772904794,9.123));
#6580=DIRECTION('',(0.0,0.0,1.0));
#6581=DIRECTION('',(-1.0,0.0,0.0));
#6582=DIRECTION('',(-1.0,0.0,0.0));
#6583=DIRECTION('',(0.0,0.0,-1.0));
#6584=DIRECTION('',(0.999999983700774,-8.01939692014079E-05,-0.000161763340817896));
#6585=DIRECTION('',(0.579022399294519,0.579022399294719,0.573991395606419));
#6586=DIRECTION('',(-0.710185375623277,0.0,-0.704014724455977));
#6587=DIRECTION('',(2.492712084616E-14,-1.0,4.860788565001E-14));
#6588=DIRECTION('',(0.0,0.0,1.0));
#6589=DIRECTION('',(0.0,0.0,1.0));
#6590=DIRECTION('',(0.0,0.0,-1.0));
#6591=DIRECTION('',(0.710185375623277,0.0,0.704014724455977));
#6592=DIRECTION('',(0.0,0.0,-1.0));
#6593=DIRECTION('',(0.0,1.0,0.0));
#6594=DIRECTION('',(0.0,0.0,1.0));
#6595=DIRECTION('',(-0.710185375623277,0.0,-0.704014724455977));
#6596=DIRECTION('',(0.0,0.0,-1.0));
#6597=DIRECTION('',(0.0,0.0,-1.0));
#6598=DIRECTION('',(0.710185375623277,0.0,0.704014724455977));
#6599=DIRECTION('',(0.0,0.0,-1.0));
#6600=DIRECTION('',(0.0,-6.01202248673287E-05,-0.999999998192779));
#6601=DIRECTION('',(0.0,0.999999999999219,-1.24989662306002E-06));
#6602=DIRECTION('',(-0.710183700045467,0.00307191446378886,-0.704009712668268));
#6603=DIRECTION('',(-4.70994544055219E-14,0.00436341312443417,-0.99999048026764));
#6604=DIRECTION('',(0.0,0.00436341312444817,-0.99999048026764));
#6605=DIRECTION('',(0.0,-6.01202248675388E-05,-0.999999998192779));
#6606=DIRECTION('',(0.0,0.999999999999219,-1.24989662576602E-06));
#6607=DIRECTION('',(0.0,0.0,1.0));
#6608=DIRECTION('',(0.0,0.0,-1.0));
#6609=DIRECTION('',(0.710185375623277,0.0,-0.704014724455977));
#6610=DIRECTION('',(-0.710183700045517,-0.00307191446378707,0.704009712668217));
#6611=DIRECTION('',(0.0,0.0,-1.0));
#6612=DIRECTION('',(-0.710185375623277,0.0,0.704014724455977));
#6613=DIRECTION('',(0.0,0.0,-1.0));
#6614=DIRECTION('',(0.0,1.0,0.0));
#6615=DIRECTION('',(0.0,0.0,1.0));
#6616=DIRECTION('',(0.0,0.0,-1.0));
#6617=DIRECTION('',(0.710185375623277,0.0,-0.704014724455977));
#6618=DIRECTION('',(0.0,0.0,-1.0));
#6619=DIRECTION('',(0.0,0.0,1.0));
#6620=DIRECTION('',(-1.0,0.0,0.0));
#6621=DIRECTION('',(-0.577350269189626,-0.577350269189626,0.577350269189626));
#6622=DIRECTION('',(-1.0,1.02798428206E-14,0.0));
#6623=DIRECTION('',(-0.577350269189626,0.577350269189626,-0.577350269189626));
#6624=DIRECTION('',(0.0,0.0,1.0));
#6625=DIRECTION('',(0.0,1.0,0.0));
#6626=DIRECTION('',(0.0,0.0,-1.0));
#6627=DIRECTION('',(0.0,0.0,1.0));
#6628=DIRECTION('',(0.0,0.0,-1.0));
#6629=DIRECTION('',(1.0,0.0,0.0));
#6630=DIRECTION('',(0.577350269189626,0.577350269189626,0.577350269189626));
#6631=DIRECTION('',(1.0,1.045117353428E-14,0.0));
#6632=DIRECTION('',(0.577350269189626,-0.577350269189626,-0.577350269189626));
#6633=DIRECTION('',(0.0,0.0,1.0));
#6634=DIRECTION('',(0.0,-1.0,0.0));
#6635=DIRECTION('',(0.0,0.0,-1.0));
#6636=DIRECTION('',(0.0,-1.0,0.0));
#6637=DIRECTION('',(0.0,1.0,0.0));
#6638=DIRECTION('',(-0.579022399294686,-0.579022399294586,0.573991395606386));
#6639=DIRECTION('',(-1.0,0.0,0.0));
#6640=DIRECTION('',(0.579022399294586,-0.579022399294686,0.573991395606386));
#6641=DIRECTION('',(0.710185375623277,0.0,0.704014724455977));
#6642=DIRECTION('',(0.0,1.0,3.59658852782E-14));
#6643=DIRECTION('',(0.0,0.0,-1.0));
#6644=DIRECTION('',(0.0,-1.0,0.0));
#6645=DIRECTION('',(0.0,0.0,-1.0));
#6646=DIRECTION('',(-1.0,0.0,0.0));
#6647=DIRECTION('',(0.0,0.0,-1.0));
#6648=DIRECTION('',(0.0,-1.0,0.0));
#6649=DIRECTION('',(0.0,0.0,-1.0));
#6650=DIRECTION('',(-0.710185375623277,0.0,-0.704014724455977));
#6651=DIRECTION('',(1.0,0.0,0.0));
#6652=DIRECTION('',(0.0,0.0,1.0));
#6653=DIRECTION('',(0.0,-1.0,0.0));
#6654=DIRECTION('',(0.0,0.0,-1.0));
#6655=DIRECTION('',(0.0,1.0,0.0));
#6656=DIRECTION('',(0.710185375623277,0.0,0.704014724455977));
#6657=DIRECTION('',(-1.0,0.0,0.0));
#6658=DIRECTION('',(0.0,0.0,-1.0));
#6659=DIRECTION('',(0.0,-1.0,0.0));
#6660=DIRECTION('',(0.0,0.0,-1.0));
#6661=DIRECTION('',(1.0,0.0,0.0));
#6662=DIRECTION('',(0.0,0.0,1.0));
#6663=DIRECTION('',(-0.710185375623277,0.0,-0.704014724455977));
#6664=DIRECTION('',(0.0,0.999999999999219,1.24989661687602E-06));
#6665=DIRECTION('',(0.710183700045467,0.00307191446378886,0.704009712668268));
#6666=DIRECTION('',(-3.53245908041414E-14,-0.00436341312444018,-0.99999048026764));
#6667=DIRECTION('',(0.0,6.01202248674087E-05,-0.999999998192779));
#6668=DIRECTION('',(1.0,0.0,0.0));
#6669=DIRECTION('',(0.0,6.01202248672888E-05,-0.999999998192779));
#6670=DIRECTION('',(1.17748636013705E-14,-0.00436341312442918,-0.99999048026764));
#6671=DIRECTION('',(0.710183700045517,-0.00307191446379307,-0.704009712668217));
#6672=DIRECTION('',(-0.710185375623277,0.0,0.704014724455977));
#6673=DIRECTION('',(0.0,0.999999999999219,1.24989662769902E-06));
#6674=DIRECTION('',(0.0,1.0,0.0));
#6675=DIRECTION('',(0.0,0.0,-1.0));
#6676=DIRECTION('',(1.0,0.0,0.0));
#6677=DIRECTION('',(0.0,0.0,-1.0));
#6678=DIRECTION('',(0.0,1.0,0.0));
#6679=DIRECTION('',(0.0,0.0,-1.0));
#6680=DIRECTION('',(-1.0,0.0,0.0));
#6681=DIRECTION('',(0.0,0.0,1.0));
#6682=DIRECTION('',(0.710185375623277,0.0,-0.704014724455977));
#6683=DIRECTION('',(-0.710185375623277,0.0,0.704014724455977));
#6684=DIRECTION('',(0.0,1.0,0.0));
#6685=DIRECTION('',(0.0,1.0,0.0));
#6686=DIRECTION('',(0.0,0.0,-1.0));
#6687=DIRECTION('',(1.0,0.0,0.0));
#6688=DIRECTION('',(0.0,0.0,-1.0));
#6689=DIRECTION('',(0.0,1.0,0.0));
#6690=DIRECTION('',(0.0,0.0,-1.0));
#6691=DIRECTION('',(-1.0,0.0,0.0));
#6692=DIRECTION('',(0.0,0.0,1.0));
#6693=DIRECTION('',(0.710185375623277,0.0,-0.704014724455977));
#6694=DIRECTION('',(1.055879200828E-14,1.0,-4.058535678182E-14));
#6695=DIRECTION('',(0.0,1.0,0.0));
#6696=DIRECTION('',(0.0,0.0,-1.0));
#6697=DIRECTION('',(-1.0,0.0,0.0));
#6698=DIRECTION('',(0.0,-1.0,0.0));
#6699=CARTESIAN_POINT('',(-11.164094,5.716422709521,9.123));
#6700=DIRECTION('',(0.0,0.0,1.0));
#6701=DIRECTION('',(1.0,0.0,0.0));
#6702=DIRECTION('',(-1.0,0.0,0.0));
#6703=CARTESIAN_POINT('',(-12.128094,5.716422709521,9.123));
#6704=DIRECTION('',(0.0,-0.0,1.0));
#6705=DIRECTION('',(0.0,1.0,0.0));
#6706=DIRECTION('',(0.0,1.0,0.0));
#6707=CARTESIAN_POINT('',(-12.128094,4.752422709521,9.123));
#6708=DIRECTION('',(0.0,0.0,1.0));
#6709=DIRECTION('',(-1.0,0.0,0.0));
#6710=DIRECTION('',(-1.0,0.0,0.0));
#6711=CARTESIAN_POINT('',(-11.164094,4.752422709521,9.123));
#6712=DIRECTION('',(0.0,0.0,1.0));
#6713=DIRECTION('',(0.0,-1.0,0.0));
#6714=DIRECTION('',(0.0,-1.0,0.0));
#6715=DIRECTION('',(0.0,0.0,1.0));
#6716=DIRECTION('',(0.0,-1.0,0.0));
#6717=DIRECTION('',(0.0,0.0,-1.0));
#6718=DIRECTION('',(0.0,0.0,1.0));
#6719=DIRECTION('',(0.0,0.0,-1.0));
#6720=DIRECTION('',(1.0,0.0,0.0));
#6721=DIRECTION('',(0.577350269189692,0.577350269189592,0.577350269189592));
#6722=DIRECTION('',(1.0,0.0,-5.208453695774E-14));
#6723=DIRECTION('',(0.577350269189626,-0.577350269189626,-0.577350269189626));
#6724=DIRECTION('',(0.0,0.0,1.0));
#6725=DIRECTION('',(0.0,1.0,0.0));
#6726=DIRECTION('',(0.0,0.0,-1.0));
#6727=DIRECTION('',(0.0,0.0,1.0));
#6728=DIRECTION('',(0.0,0.0,-1.0));
#6729=DIRECTION('',(-1.0,0.0,0.0));
#6730=DIRECTION('',(-0.577350269189626,-0.577350269189626,0.577350269189626));
#6731=DIRECTION('',(-1.0,-2.741291418828E-14,5.345518266715E-14));
#6732=DIRECTION('',(-0.577350269189692,0.577350269189592,-0.577350269189592));
#6733=DIRECTION('',(2.741291418828E-14,-1.0,0.0));
#6734=DIRECTION('',(-1.644774851296E-14,1.0,0.0));
#6735=DIRECTION('',(0.0,1.0,0.0));
#6736=DIRECTION('',(0.0,0.0,-1.0));
#6737=DIRECTION('',(-1.0,0.0,0.0));
ENDSEC;
END-ISO-10303-21;
