ISO-10303-21;
HEADER;
FILE_DESCRIPTION(('OneSpaceDesigner STEP Export'),'2;1');
FILE_NAME('DF3-2P-2DS.stp','2008-02-07T15:34:42',(''),(''),
'OneSpace Designer STEP processor for AP214 (Solid Model)',
'OneSpace Modeling 15.00A  14-Mar-2007 (C) CoCreate Software GmbH','');
FILE_SCHEMA(('AUTOMOTIVE_DESIGN { 1 0 10303 214 1 1 1 1 }'));
ENDSEC;
DATA;
#10=CARTESIAN_POINT('',(11.3195603445133,3.202546,1.797496891206));
#20=DIRECTION('',(0.,1.,-1.22460635382238E-16));
#30=DIRECTION('',(-1.,0.,0.));
#40=AXIS2_PLACEMENT_3D('',#10,#20,#30);
#50=PLANE('',#40);
#60=CARTESIAN_POINT('',(10.502908,3.202546,1.797496891206));
#70=DIRECTION('',(0.,-1.22460635382238E-16,-1.));
#80=VECTOR('',#70,1.);
#90=LINE('',#60,#80);
#100=CARTESIAN_POINT('',(10.502908,3.202546,1.85));
#110=VERTEX_POINT('',#100);
#120=CARTESIAN_POINT('',(10.502908,3.202546,1.55));
#130=VERTEX_POINT('',#120);
#140=EDGE_CURVE('',#110,#130,#90,.T.);
#150=ORIENTED_EDGE('',*,*,#140,.F.);
#160=CARTESIAN_POINT('',(11.3195603445133,3.202546,1.55));
#170=DIRECTION('',(1.,0.,0.));
#180=VECTOR('',#170,1.);
#190=LINE('',#160,#180);
#200=CARTESIAN_POINT('',(10.802908,3.202546,1.55));
#210=VERTEX_POINT('',#200);
#220=EDGE_CURVE('',#130,#210,#190,.T.);
#230=ORIENTED_EDGE('',*,*,#220,.F.);
#240=CARTESIAN_POINT('',(10.802908,3.202546,1.797496891206));
#250=DIRECTION('',(0.,1.22460635382238E-16,1.));
#260=VECTOR('',#250,1.);
#270=LINE('',#240,#260);
#280=CARTESIAN_POINT('',(10.802908,3.202546,1.85));
#290=VERTEX_POINT('',#280);
#300=EDGE_CURVE('',#210,#290,#270,.T.);
#310=ORIENTED_EDGE('',*,*,#300,.F.);
#320=CARTESIAN_POINT('',(11.3195603445133,3.202546,1.85));
#330=DIRECTION('',(-1.,0.,0.));
#340=VECTOR('',#330,1.);
#350=LINE('',#320,#340);
#360=EDGE_CURVE('',#290,#110,#350,.T.);
#370=ORIENTED_EDGE('',*,*,#360,.F.);
#380=EDGE_LOOP('',(#370,#310,#230,#150));
#390=FACE_OUTER_BOUND('',#380,.T.);
#400=ADVANCED_FACE('',(#390),#50,.T.);
#410=CARTESIAN_POINT('',(10.452908,3.002546,1.7));
#420=DIRECTION('',(-0.970142500145332,0.242535625036333,
-2.97010667447775E-17));
#430=DIRECTION('',(-0.242535625036333,-0.970142500145332,
1.1880426697911E-16));
#440=AXIS2_PLACEMENT_3D('',#410,#420,#430);
#450=PLANE('',#440);
#460=CARTESIAN_POINT('',(9.727908,0.102546,2.625));
#470=DIRECTION('',(-0.235702260395516,-0.942809041582063,
0.235702260395516));
#480=VECTOR('',#470,1.);
#490=LINE('',#460,#480);
#500=CARTESIAN_POINT('',(10.402908,2.802546,1.95));
#510=VERTEX_POINT('',#500);
#520=EDGE_CURVE('',#110,#510,#490,.T.);
#530=ORIENTED_EDGE('',*,*,#520,.F.);
#540=CARTESIAN_POINT('',(10.402908,2.802546,1.797496891206));
#550=DIRECTION('',(0.,1.22460635382238E-16,1.));
#560=VECTOR('',#550,1.);
#570=LINE('',#540,#560);
#580=CARTESIAN_POINT('',(10.402908,2.802546,1.45));
#590=VERTEX_POINT('',#580);
#600=EDGE_CURVE('',#590,#510,#570,.T.);
#610=ORIENTED_EDGE('',*,*,#600,.T.);
#620=CARTESIAN_POINT('',(9.727908,0.102546,0.775));
#630=DIRECTION('',(0.235702260395516,0.942809041582063,0.235702260395516
));
#640=VECTOR('',#630,1.);
#650=LINE('',#620,#640);
#660=EDGE_CURVE('',#590,#130,#650,.T.);
#670=ORIENTED_EDGE('',*,*,#660,.F.);
#680=ORIENTED_EDGE('',*,*,#140,.T.);
#690=EDGE_LOOP('',(#680,#670,#610,#530));
#700=FACE_OUTER_BOUND('',#690,.T.);
#710=ADVANCED_FACE('',(#700),#450,.T.);
#720=CARTESIAN_POINT('',(10.852908,3.002546,1.7));
#730=DIRECTION('',(0.970142500145332,0.242535625036333,
-2.97010667447775E-17));
#740=DIRECTION('',(0.242535625036333,-0.970142500145332,
1.1880426697911E-16));
#750=AXIS2_PLACEMENT_3D('',#720,#730,#740);
#760=PLANE('',#750);
#770=CARTESIAN_POINT('',(11.577908,0.102546,0.775));
#780=DIRECTION('',(0.235702260395516,-0.942809041582063,
-0.235702260395516));
#790=VECTOR('',#780,1.);
#800=LINE('',#770,#790);
#810=CARTESIAN_POINT('',(10.902908,2.802546,1.45));
#820=VERTEX_POINT('',#810);
#830=EDGE_CURVE('',#210,#820,#800,.T.);
#840=ORIENTED_EDGE('',*,*,#830,.F.);
#850=CARTESIAN_POINT('',(10.902908,2.802546,1.797496891206));
#860=DIRECTION('',(0.,-1.22460635382238E-16,-1.));
#870=VECTOR('',#860,1.);
#880=LINE('',#850,#870);
#890=CARTESIAN_POINT('',(10.902908,2.802546,1.95));
#900=VERTEX_POINT('',#890);
#910=EDGE_CURVE('',#900,#820,#880,.T.);
#920=ORIENTED_EDGE('',*,*,#910,.T.);
#930=CARTESIAN_POINT('',(11.577908,0.102546,2.625));
#940=DIRECTION('',(-0.235702260395516,0.942809041582063,
-0.235702260395516));
#950=VECTOR('',#940,1.);
#960=LINE('',#930,#950);
#970=EDGE_CURVE('',#900,#290,#960,.T.);
#980=ORIENTED_EDGE('',*,*,#970,.F.);
#990=ORIENTED_EDGE('',*,*,#300,.T.);
#1000=EDGE_LOOP('',(#990,#980,#920,#840));
#1010=FACE_OUTER_BOUND('',#1000,.T.);
#1020=ADVANCED_FACE('',(#1010),#760,.T.);
#1030=CARTESIAN_POINT('',(10.702908,3.002546,1.5));
#1040=DIRECTION('',(0.,0.242535625036333,-0.970142500145332));
#1050=DIRECTION('',(-0.,-0.970142500145332,-0.242535625036333));
#1060=AXIS2_PLACEMENT_3D('',#1030,#1040,#1050);
#1070=PLANE('',#1060);
#1080=ORIENTED_EDGE('',*,*,#660,.T.);
#1090=CARTESIAN_POINT('',(11.3195603445133,2.802546,1.45));
#1100=DIRECTION('',(-1.,0.,0.));
#1110=VECTOR('',#1100,1.);
#1120=LINE('',#1090,#1110);
#1130=EDGE_CURVE('',#820,#590,#1120,.T.);
#1140=ORIENTED_EDGE('',*,*,#1130,.T.);
#1150=ORIENTED_EDGE('',*,*,#830,.T.);
#1160=ORIENTED_EDGE('',*,*,#220,.T.);
#1170=EDGE_LOOP('',(#1160,#1150,#1140,#1080));
#1180=FACE_OUTER_BOUND('',#1170,.T.);
#1190=ADVANCED_FACE('',(#1180),#1070,.T.);
#1200=CARTESIAN_POINT('',(10.702908,3.002546,1.9));
#1210=DIRECTION('',(-0.,0.242535625036333,0.970142500145332));
#1220=DIRECTION('',(0.,-0.970142500145332,0.242535625036333));
#1230=AXIS2_PLACEMENT_3D('',#1200,#1210,#1220);
#1240=PLANE('',#1230);
#1250=ORIENTED_EDGE('',*,*,#970,.T.);
#1260=CARTESIAN_POINT('',(11.3195603445133,2.802546,1.95));
#1270=DIRECTION('',(1.,0.,0.));
#1280=VECTOR('',#1270,1.);
#1290=LINE('',#1260,#1280);
#1300=EDGE_CURVE('',#510,#900,#1290,.T.);
#1310=ORIENTED_EDGE('',*,*,#1300,.T.);
#1320=ORIENTED_EDGE('',*,*,#520,.T.);
#1330=ORIENTED_EDGE('',*,*,#360,.T.);
#1340=EDGE_LOOP('',(#1330,#1320,#1310,#1250));
#1350=FACE_OUTER_BOUND('',#1340,.T.);
#1360=ADVANCED_FACE('',(#1350),#1240,.T.);
#1370=CARTESIAN_POINT('',(10.402908,0.802546000000001,1.45));
#1380=DIRECTION('',(-1.,0.,0.));
#1390=DIRECTION('',(0.,0.,1.));
#1400=AXIS2_PLACEMENT_3D('',#1370,#1380,#1390);
#1410=PLANE('',#1400);
#1420=CARTESIAN_POINT('',(10.402908,-1.497454,1.797496891206));
#1430=DIRECTION('',(0.,3.70074341541719E-16,1.));
#1440=VECTOR('',#1430,1.);
#1450=LINE('',#1420,#1440);
#1460=CARTESIAN_POINT('',(10.402908,-1.497454,1.45));
#1470=VERTEX_POINT('',#1460);
#1480=CARTESIAN_POINT('',(10.402908,-1.497454,1.95));
#1490=VERTEX_POINT('',#1480);
#1500=EDGE_CURVE('',#1470,#1490,#1450,.T.);
#1510=ORIENTED_EDGE('',*,*,#1500,.F.);
#1520=CARTESIAN_POINT('',(10.402908,0.102546,1.95));
#1530=DIRECTION('',(-0.,-1.,0.));
#1540=VECTOR('',#1530,1.);
#1550=LINE('',#1520,#1540);
#1560=CARTESIAN_POINT('',(10.402908,-1.647454,1.95));
#1570=VERTEX_POINT('',#1560);
#1580=EDGE_CURVE('',#1490,#1570,#1550,.T.);
#1590=ORIENTED_EDGE('',*,*,#1580,.F.);
#1600=CARTESIAN_POINT('',(10.402908,-1.647454,2.25));
#1610=DIRECTION('',(1.,0.,0.));
#1620=DIRECTION('',(0.,1.,-1.22460635382238E-16));
#1630=AXIS2_PLACEMENT_3D('',#1600,#1610,#1620);
#1640=CIRCLE('',#1630,0.3);
#1650=CARTESIAN_POINT('',(10.402908,-1.89463814188617,2.08));
#1660=VERTEX_POINT('',#1650);
#1670=EDGE_CURVE('',#1660,#1570,#1640,.T.);
#1680=ORIENTED_EDGE('',*,*,#1670,.T.);
#1690=CARTESIAN_POINT('',(10.402908,0.102546,2.08));
#1700=DIRECTION('',(0.,1.,-3.70074341541719E-16));
#1710=VECTOR('',#1700,1.);
#1720=LINE('',#1690,#1710);
#1730=CARTESIAN_POINT('',(10.402908,-1.897454,2.08));
#1740=VERTEX_POINT('',#1730);
#1750=EDGE_CURVE('',#1740,#1660,#1720,.T.);
#1760=ORIENTED_EDGE('',*,*,#1750,.T.);
#1770=CARTESIAN_POINT('',(10.402908,-1.94132094235932,1.797496891206));
#1780=DIRECTION('',(0.,0.153440662037049,0.988157863518594));
#1790=VECTOR('',#1780,1.);
#1800=LINE('',#1770,#1790);
#1810=CARTESIAN_POINT('',(10.402908,-1.89692912597844,2.08338018869882))
;
#1820=VERTEX_POINT('',#1810);
#1830=EDGE_CURVE('',#1740,#1820,#1800,.T.);
#1840=ORIENTED_EDGE('',*,*,#1830,.F.);
#1850=CARTESIAN_POINT('',(10.402908,-1.947454,2.25));
#1860=VERTEX_POINT('',#1850);
#1870=EDGE_CURVE('',#1860,#1820,#1640,.T.);
#1880=ORIENTED_EDGE('',*,*,#1870,.T.);
#1890=CARTESIAN_POINT('',(10.402908,-1.947454,1.797496891206));
#1900=DIRECTION('',(0.,1.22460635382238E-16,1.));
#1910=VECTOR('',#1900,1.);
#1920=LINE('',#1890,#1910);
#1930=CARTESIAN_POINT('',(10.402908,-1.947454,4.4));
#1940=VERTEX_POINT('',#1930);
#1950=EDGE_CURVE('',#1860,#1940,#1920,.T.);
#1960=ORIENTED_EDGE('',*,*,#1950,.F.);
#1970=CARTESIAN_POINT('',(10.402908,0.102546000000001,4.4));
#1980=DIRECTION('',(0.,1.,-5.90556912506275E-16));
#1990=VECTOR('',#1980,1.);
#2000=LINE('',#1970,#1990);
#2010=CARTESIAN_POINT('',(10.402908,-2.497454,4.4));
#2020=VERTEX_POINT('',#2010);
#2030=EDGE_CURVE('',#2020,#1940,#2000,.T.);
#2040=ORIENTED_EDGE('',*,*,#2030,.T.);
#2050=CARTESIAN_POINT('',(10.402908,-2.497454,8.2));
#2060=DIRECTION('',(0.,-1.22460635382238E-16,-1.));
#2070=VECTOR('',#2060,1.);
#2080=LINE('',#2050,#2070);
#2090=CARTESIAN_POINT('',(10.402908,-2.497454,2.25));
#2100=VERTEX_POINT('',#2090);
#2110=EDGE_CURVE('',#2020,#2100,#2080,.T.);
#2120=ORIENTED_EDGE('',*,*,#2110,.F.);
#2130=CARTESIAN_POINT('',(10.402908,-1.697454,2.25));
#2140=DIRECTION('',(1.,0.,0.));
#2150=DIRECTION('',(-0.,-1.,-4.32650876930341E-16));
#2160=AXIS2_PLACEMENT_3D('',#2130,#2140,#2150);
#2170=CIRCLE('',#2160,0.8);
#2180=CARTESIAN_POINT('',(10.402908,-1.697454,1.45));
#2190=VERTEX_POINT('',#2180);
#2200=EDGE_CURVE('',#2100,#2190,#2170,.T.);
#2210=ORIENTED_EDGE('',*,*,#2200,.F.);
#2220=CARTESIAN_POINT('',(10.402908,0.0025460000000002,1.45));
#2230=DIRECTION('',(0.,-1.,1.22460635382238E-16));
#2240=VECTOR('',#2230,1.);
#2250=LINE('',#2220,#2240);
#2260=EDGE_CURVE('',#1470,#2190,#2250,.T.);
#2270=ORIENTED_EDGE('',*,*,#2260,.T.);
#2280=EDGE_LOOP('',(#2270,#2210,#2120,#2040,#1960,#1880,#1840,#1760,
#1680,#1590,#1510));
#2290=FACE_OUTER_BOUND('',#2280,.T.);
#2300=ADVANCED_FACE('',(#2290),#1410,.T.);
#2310=CARTESIAN_POINT('',(10.902908,0.652546000000001,1.95));
#2320=DIRECTION('',(0.,0.,1.));
#2330=DIRECTION('',(-1.,0.,0.));
#2340=AXIS2_PLACEMENT_3D('',#2310,#2320,#2330);
#2350=PLANE('',#2340);
#2360=CARTESIAN_POINT('',(11.3195603445133,-1.497454,1.95));
#2370=DIRECTION('',(1.,0.,0.));
#2380=VECTOR('',#2370,1.);
#2390=LINE('',#2360,#2380);
#2400=CARTESIAN_POINT('',(10.902908,-1.497454,1.95));
#2410=VERTEX_POINT('',#2400);
#2420=EDGE_CURVE('',#1490,#2410,#2390,.T.);
#2430=ORIENTED_EDGE('',*,*,#2420,.F.);
#2440=CARTESIAN_POINT('',(10.902908,0.0525460000000003,1.95));
#2450=DIRECTION('',(0.,1.,0.));
#2460=VECTOR('',#2450,1.);
#2470=LINE('',#2440,#2460);
#2480=CARTESIAN_POINT('',(10.902908,-1.647454,1.95));
#2490=VERTEX_POINT('',#2480);
#2500=EDGE_CURVE('',#2490,#2410,#2470,.T.);
#2510=ORIENTED_EDGE('',*,*,#2500,.T.);
#2520=CARTESIAN_POINT('',(10.652908,-1.647454,1.95));
#2530=DIRECTION('',(1.,0.,0.));
#2540=VECTOR('',#2530,1.);
#2550=LINE('',#2520,#2540);
#2560=EDGE_CURVE('',#1570,#2490,#2550,.T.);
#2570=ORIENTED_EDGE('',*,*,#2560,.T.);
#2580=ORIENTED_EDGE('',*,*,#1580,.T.);
#2590=EDGE_LOOP('',(#2580,#2570,#2510,#2430));
#2600=FACE_OUTER_BOUND('',#2590,.T.);
#2610=ADVANCED_FACE('',(#2600),#2350,.T.);
#2620=CARTESIAN_POINT('',(10.6347637119057,-1.947454,1.63416731618951));
#2630=DIRECTION('',(0.,-1.,1.22460635382238E-16));
#2640=DIRECTION('',(1.,0.,0.));
#2650=AXIS2_PLACEMENT_3D('',#2620,#2630,#2640);
#2660=PLANE('',#2650);
#2670=CARTESIAN_POINT('',(10.402908,-1.947454,5.3));
#2680=VERTEX_POINT('',#2670);
#2690=CARTESIAN_POINT('',(10.402908,-1.947454,7.8));
#2700=VERTEX_POINT('',#2690);
#2710=EDGE_CURVE('',#2680,#2700,#1920,.T.);
#2720=ORIENTED_EDGE('',*,*,#2710,.T.);
#2730=CARTESIAN_POINT('',(10.402908,-1.947454,1.797496891206));
#2740=DIRECTION('',(0.,1.22460635382238E-16,1.));
#2750=VECTOR('',#2740,1.);
#2760=LINE('',#2730,#2750);
#2770=EDGE_CURVE('',#1940,#2680,#2760,.T.);
#2780=ORIENTED_EDGE('',*,*,#2770,.T.);
#2790=ORIENTED_EDGE('',*,*,#1950,.T.);
#2800=CARTESIAN_POINT('',(10.652908,-1.947454,2.25));
#2810=DIRECTION('',(1.,0.,0.));
#2820=VECTOR('',#2810,1.);
#2830=LINE('',#2800,#2820);
#2840=CARTESIAN_POINT('',(10.902908,-1.947454,2.25));
#2850=VERTEX_POINT('',#2840);
#2860=EDGE_CURVE('',#1860,#2850,#2830,.T.);
#2870=ORIENTED_EDGE('',*,*,#2860,.F.);
#2880=CARTESIAN_POINT('',(10.902908,-1.947454,1.797496891206));
#2890=DIRECTION('',(0.,-1.22460635382238E-16,-1.));
#2900=VECTOR('',#2890,1.);
#2910=LINE('',#2880,#2900);
#2920=CARTESIAN_POINT('',(10.902908,-1.947454,4.4));
#2930=VERTEX_POINT('',#2920);
#2940=EDGE_CURVE('',#2930,#2850,#2910,.T.);
#2950=ORIENTED_EDGE('',*,*,#2940,.T.);
#2960=CARTESIAN_POINT('',(10.902908,-1.947454,1.797496891206));
#2970=DIRECTION('',(0.,-1.22460635382238E-16,-1.));
#2980=VECTOR('',#2970,1.);
#2990=LINE('',#2960,#2980);
#3000=CARTESIAN_POINT('',(10.902908,-1.947454,5.3));
#3010=VERTEX_POINT('',#3000);
#3020=EDGE_CURVE('',#3010,#2930,#2990,.T.);
#3030=ORIENTED_EDGE('',*,*,#3020,.T.);
#3040=CARTESIAN_POINT('',(10.902908,-1.947454,7.8));
#3050=VERTEX_POINT('',#3040);
#3060=EDGE_CURVE('',#3050,#3010,#2910,.T.);
#3070=ORIENTED_EDGE('',*,*,#3060,.T.);
#3080=CARTESIAN_POINT('',(11.3195603445133,-1.947454,7.8));
#3090=DIRECTION('',(-1.,0.,0.));
#3100=VECTOR('',#3090,1.);
#3110=LINE('',#3080,#3100);
#3120=EDGE_CURVE('',#3050,#2700,#3110,.T.);
#3130=ORIENTED_EDGE('',*,*,#3120,.F.);
#3140=EDGE_LOOP('',(#3130,#3070,#3030,#2950,#2870,#2790,#2780,#2720));
#3150=FACE_OUTER_BOUND('',#3140,.T.);
#3160=ADVANCED_FACE('',(#3150),#2660,.F.);
#3170=CARTESIAN_POINT('',(10.652908,-1.997454,8.));
#3180=DIRECTION('',(-0.,-0.970142500145332,-0.242535625036333));
#3190=DIRECTION('',(0.,-0.242535625036333,0.970142500145332));
#3200=AXIS2_PLACEMENT_3D('',#3170,#3180,#3190);
#3210=PLANE('',#3200);
#3220=CARTESIAN_POINT('',(12.4035337771985,-0.446828222801501,
1.797496891206));
#3230=DIRECTION('',(0.235702260395517,0.235702260395516,
-0.942809041582063));
#3240=VECTOR('',#3230,1.);
#3250=LINE('',#3220,#3240);
#3260=CARTESIAN_POINT('',(10.802908,-2.047454,8.2));
#3270=VERTEX_POINT('',#3260);
#3280=EDGE_CURVE('',#3270,#3050,#3250,.T.);
#3290=ORIENTED_EDGE('',*,*,#3280,.T.);
#3300=CARTESIAN_POINT('',(11.3195603445133,-2.047454,8.2));
#3310=DIRECTION('',(-1.,0.,0.));
#3320=VECTOR('',#3310,1.);
#3330=LINE('',#3300,#3320);
#3340=CARTESIAN_POINT('',(10.502908,-2.047454,8.2));
#3350=VERTEX_POINT('',#3340);
#3360=EDGE_CURVE('',#3270,#3350,#3330,.T.);
#3370=ORIENTED_EDGE('',*,*,#3360,.F.);
#3380=CARTESIAN_POINT('',(8.90228222280151,-0.446828222801501,
1.797496891206));
#3390=DIRECTION('',(0.235702260395514,-0.235702260395516,
0.942809041582064));
#3400=VECTOR('',#3390,1.);
#3410=LINE('',#3380,#3400);
#3420=EDGE_CURVE('',#2700,#3350,#3410,.T.);
#3430=ORIENTED_EDGE('',*,*,#3420,.T.);
#3440=ORIENTED_EDGE('',*,*,#3120,.T.);
#3450=EDGE_LOOP('',(#3440,#3430,#3370,#3290));
#3460=FACE_OUTER_BOUND('',#3450,.T.);
#3470=ADVANCED_FACE('',(#3460),#3210,.F.);
#3480=CARTESIAN_POINT('',(10.402908,-1.947454,8.2));
#3490=DIRECTION('',(-0.,1.22460635382238E-16,1.));
#3500=DIRECTION('',(1.,0.,0.));
#3510=AXIS2_PLACEMENT_3D('',#3480,#3490,#3500);
#3520=PLANE('',#3510);
#3530=CARTESIAN_POINT('',(10.802908,0.052546000000001,8.2));
#3540=DIRECTION('',(0.,-1.,1.22460635382238E-16));
#3550=VECTOR('',#3540,1.);
#3560=LINE('',#3530,#3550);
#3570=CARTESIAN_POINT('',(10.802908,-2.397454,8.2));
#3580=VERTEX_POINT('',#3570);
#3590=EDGE_CURVE('',#3270,#3580,#3560,.T.);
#3600=ORIENTED_EDGE('',*,*,#3590,.F.);
#3610=CARTESIAN_POINT('',(11.3195603445133,-2.397454,8.2));
#3620=DIRECTION('',(-1.,0.,0.));
#3630=VECTOR('',#3620,1.);
#3640=LINE('',#3610,#3630);
#3650=CARTESIAN_POINT('',(10.502908,-2.397454,8.2));
#3660=VERTEX_POINT('',#3650);
#3670=EDGE_CURVE('',#3580,#3660,#3640,.T.);
#3680=ORIENTED_EDGE('',*,*,#3670,.F.);
#3690=CARTESIAN_POINT('',(10.502908,0.00254600000000102,8.2));
#3700=DIRECTION('',(0.,-1.,1.22460635382238E-16));
#3710=VECTOR('',#3700,1.);
#3720=LINE('',#3690,#3710);
#3730=EDGE_CURVE('',#3350,#3660,#3720,.T.);
#3740=ORIENTED_EDGE('',*,*,#3730,.T.);
#3750=ORIENTED_EDGE('',*,*,#3360,.T.);
#3760=EDGE_LOOP('',(#3750,#3740,#3680,#3600));
#3770=FACE_OUTER_BOUND('',#3760,.T.);
#3780=ADVANCED_FACE('',(#3770),#3520,.T.);
#3790=CARTESIAN_POINT('',(10.6347637119057,-2.497454,1.63416731618951));
#3800=DIRECTION('',(0.,-1.,1.22460635382238E-16));
#3810=DIRECTION('',(1.,0.,0.));
#3820=AXIS2_PLACEMENT_3D('',#3790,#3800,#3810);
#3830=PLANE('',#3820);
#3840=CARTESIAN_POINT('',(10.902908,-2.497454,1.95));
#3850=DIRECTION('',(0.,1.22460635382238E-16,1.));
#3860=VECTOR('',#3850,1.);
#3870=LINE('',#3840,#3860);
#3880=CARTESIAN_POINT('',(10.902908,-2.497454,5.3));
#3890=VERTEX_POINT('',#3880);
#3900=CARTESIAN_POINT('',(10.902908,-2.497454,7.8));
#3910=VERTEX_POINT('',#3900);
#3920=EDGE_CURVE('',#3890,#3910,#3870,.T.);
#3930=ORIENTED_EDGE('',*,*,#3920,.T.);
#3940=CARTESIAN_POINT('',(10.902908,-2.497454,1.797496891206));
#3950=DIRECTION('',(0.,-1.22460635382238E-16,-1.));
#3960=VECTOR('',#3950,1.);
#3970=LINE('',#3940,#3960);
#3980=CARTESIAN_POINT('',(10.902908,-2.497454,4.4));
#3990=VERTEX_POINT('',#3980);
#4000=EDGE_CURVE('',#3890,#3990,#3970,.T.);
#4010=ORIENTED_EDGE('',*,*,#4000,.F.);
#4020=CARTESIAN_POINT('',(10.902908,-2.497454,2.25));
#4030=VERTEX_POINT('',#4020);
#4040=EDGE_CURVE('',#4030,#3990,#3870,.T.);
#4050=ORIENTED_EDGE('',*,*,#4040,.T.);
#4060=CARTESIAN_POINT('',(10.652908,-2.497454,2.25));
#4070=DIRECTION('',(-1.,0.,0.));
#4080=VECTOR('',#4070,1.);
#4090=LINE('',#4060,#4080);
#4100=EDGE_CURVE('',#4030,#2100,#4090,.T.);
#4110=ORIENTED_EDGE('',*,*,#4100,.F.);
#4120=ORIENTED_EDGE('',*,*,#2110,.T.);
#4130=CARTESIAN_POINT('',(10.402908,-2.497454,1.797496891206));
#4140=DIRECTION('',(0.,1.22460635382238E-16,1.));
#4150=VECTOR('',#4140,1.);
#4160=LINE('',#4130,#4150);
#4170=CARTESIAN_POINT('',(10.402908,-2.497454,5.3));
#4180=VERTEX_POINT('',#4170);
#4190=EDGE_CURVE('',#2020,#4180,#4160,.T.);
#4200=ORIENTED_EDGE('',*,*,#4190,.F.);
#4210=CARTESIAN_POINT('',(10.402908,-2.497454,7.8));
#4220=VERTEX_POINT('',#4210);
#4230=EDGE_CURVE('',#4220,#4180,#2080,.T.);
#4240=ORIENTED_EDGE('',*,*,#4230,.T.);
#4250=CARTESIAN_POINT('',(11.3195603445133,-2.497454,7.8));
#4260=DIRECTION('',(1.,0.,0.));
#4270=VECTOR('',#4260,1.);
#4280=LINE('',#4250,#4270);
#4290=EDGE_CURVE('',#4220,#3910,#4280,.T.);
#4300=ORIENTED_EDGE('',*,*,#4290,.F.);
#4310=EDGE_LOOP('',(#4300,#4240,#4200,#4120,#4110,#4050,#4010,#3930));
#4320=FACE_OUTER_BOUND('',#4310,.T.);
#4330=ADVANCED_FACE('',(#4320),#3830,.T.);
#4340=CARTESIAN_POINT('',(10.652908,-1.647454,2.25));
#4350=DIRECTION('',(1.,0.,0.));
#4360=DIRECTION('',(0.,1.,-1.22460635382238E-16));
#4370=AXIS2_PLACEMENT_3D('',#4340,#4350,#4360);
#4380=CYLINDRICAL_SURFACE('',#4370,0.3);
#4390=ORIENTED_EDGE('',*,*,#1870,.F.);
#4400=CARTESIAN_POINT('',(10.652908,-1.89692912597844,2.08338018869882))
;
#4410=DIRECTION('',(1.,0.,0.));
#4420=VECTOR('',#4410,1.);
#4430=LINE('',#4400,#4420);
#4440=CARTESIAN_POINT('',(10.902908,-1.89692912597844,2.08338018869882))
;
#4450=VERTEX_POINT('',#4440);
#4460=EDGE_CURVE('',#1820,#4450,#4430,.T.);
#4470=ORIENTED_EDGE('',*,*,#4460,.F.);
#4480=CARTESIAN_POINT('',(10.902908,-1.647454,2.25));
#4490=DIRECTION('',(1.,0.,0.));
#4500=DIRECTION('',(0.,1.,-1.22460635382238E-16));
#4510=AXIS2_PLACEMENT_3D('',#4480,#4490,#4500);
#4520=CIRCLE('',#4510,0.3);
#4530=EDGE_CURVE('',#2850,#4450,#4520,.T.);
#4540=ORIENTED_EDGE('',*,*,#4530,.T.);
#4550=ORIENTED_EDGE('',*,*,#2860,.T.);
#4560=EDGE_LOOP('',(#4550,#4540,#4470,#4390));
#4570=FACE_OUTER_BOUND('',#4560,.T.);
#4580=ADVANCED_FACE('',(#4570),#4380,.F.);
#4590=CARTESIAN_POINT('',(10.452908,-2.247454,8.));
#4600=DIRECTION('',(0.970142500145332,-2.97010667447773E-17,
-0.242535625036331));
#4610=DIRECTION('',(0.242535625036331,1.1880426697911E-16,
0.970142500145332));
#4620=AXIS2_PLACEMENT_3D('',#4590,#4600,#4610);
#4630=PLANE('',#4620);
#4640=ORIENTED_EDGE('',*,*,#3420,.F.);
#4650=ORIENTED_EDGE('',*,*,#3730,.F.);
#4660=CARTESIAN_POINT('',(8.90228222280151,-3.9980797771985,
1.797496891206));
#4670=DIRECTION('',(-0.235702260395514,-0.235702260395516,
-0.942809041582064));
#4680=VECTOR('',#4670,1.);
#4690=LINE('',#4660,#4680);
#4700=EDGE_CURVE('',#3660,#4220,#4690,.T.);
#4710=ORIENTED_EDGE('',*,*,#4700,.F.);
#4720=CARTESIAN_POINT('',(10.402908,0.00254600000000098,7.8));
#4730=DIRECTION('',(0.,1.,-1.22460635382238E-16));
#4740=VECTOR('',#4730,1.);
#4750=LINE('',#4720,#4740);
#4760=EDGE_CURVE('',#4220,#2700,#4750,.T.);
#4770=ORIENTED_EDGE('',*,*,#4760,.F.);
#4780=EDGE_LOOP('',(#4770,#4710,#4650,#4640));
#4790=FACE_OUTER_BOUND('',#4780,.T.);
#4800=ADVANCED_FACE('',(#4790),#4630,.F.);
#4810=CARTESIAN_POINT('',(10.652908,-1.697454,2.25));
#4820=DIRECTION('',(-1.,0.,0.));
#4830=DIRECTION('',(0.,-1.,1.22460635382238E-16));
#4840=AXIS2_PLACEMENT_3D('',#4810,#4820,#4830);
#4850=CYLINDRICAL_SURFACE('',#4840,0.8);
#4860=CARTESIAN_POINT('',(10.902908,-1.697454,2.25));
#4870=DIRECTION('',(1.,0.,0.));
#4880=DIRECTION('',(-0.,-1.,-4.32650876930341E-16));
#4890=AXIS2_PLACEMENT_3D('',#4860,#4870,#4880);
#4900=CIRCLE('',#4890,0.8);
#4910=CARTESIAN_POINT('',(10.902908,-1.697454,1.45));
#4920=VERTEX_POINT('',#4910);
#4930=EDGE_CURVE('',#4030,#4920,#4900,.T.);
#4940=ORIENTED_EDGE('',*,*,#4930,.F.);
#4950=CARTESIAN_POINT('',(10.652908,-1.697454,1.45));
#4960=DIRECTION('',(-1.,0.,0.));
#4970=VECTOR('',#4960,1.);
#4980=LINE('',#4950,#4970);
#4990=EDGE_CURVE('',#4920,#2190,#4980,.T.);
#5000=ORIENTED_EDGE('',*,*,#4990,.F.);
#5010=ORIENTED_EDGE('',*,*,#2200,.T.);
#5020=ORIENTED_EDGE('',*,*,#4100,.T.);
#5030=EDGE_LOOP('',(#5020,#5010,#5000,#4940));
#5040=FACE_OUTER_BOUND('',#5030,.T.);
#5050=ADVANCED_FACE('',(#5040),#4850,.T.);
#5060=CARTESIAN_POINT('',(10.852908,-2.197454,8.));
#5070=DIRECTION('',(0.970142500145332,2.97010667447777E-17,
0.242535625036334));
#5080=DIRECTION('',(-0.242535625036334,1.1880426697911E-16,
0.970142500145332));
#5090=AXIS2_PLACEMENT_3D('',#5060,#5070,#5080);
#5100=PLANE('',#5090);
#5110=CARTESIAN_POINT('',(12.4035337771985,-3.9980797771985,
1.797496891206));
#5120=DIRECTION('',(0.235702260395517,-0.235702260395516,
-0.942809041582063));
#5130=VECTOR('',#5120,1.);
#5140=LINE('',#5110,#5130);
#5150=EDGE_CURVE('',#3580,#3910,#5140,.T.);
#5160=ORIENTED_EDGE('',*,*,#5150,.T.);
#5170=ORIENTED_EDGE('',*,*,#3590,.T.);
#5180=ORIENTED_EDGE('',*,*,#3280,.F.);
#5190=CARTESIAN_POINT('',(10.902908,0.052546000000001,7.8));
#5200=DIRECTION('',(0.,1.,-1.22460635382238E-16));
#5210=VECTOR('',#5200,1.);
#5220=LINE('',#5190,#5210);
#5230=EDGE_CURVE('',#3910,#3050,#5220,.T.);
#5240=ORIENTED_EDGE('',*,*,#5230,.T.);
#5250=EDGE_LOOP('',(#5240,#5180,#5170,#5160));
#5260=FACE_OUTER_BOUND('',#5250,.T.);
#5270=ADVANCED_FACE('',(#5260),#5100,.T.);
#5280=CARTESIAN_POINT('',(10.652908,-2.447454,8.));
#5290=DIRECTION('',(0.,-0.970142500145332,0.242535625036333));
#5300=DIRECTION('',(0.,0.242535625036333,0.970142500145332));
#5310=AXIS2_PLACEMENT_3D('',#5280,#5290,#5300);
#5320=PLANE('',#5310);
#5330=ORIENTED_EDGE('',*,*,#4700,.T.);
#5340=ORIENTED_EDGE('',*,*,#3670,.T.);
#5350=ORIENTED_EDGE('',*,*,#5150,.F.);
#5360=ORIENTED_EDGE('',*,*,#4290,.T.);
#5370=EDGE_LOOP('',(#5360,#5350,#5340,#5330));
#5380=FACE_OUTER_BOUND('',#5370,.T.);
#5390=ADVANCED_FACE('',(#5380),#5320,.T.);
#5400=ORIENTED_EDGE('',*,*,#2710,.F.);
#5410=ORIENTED_EDGE('',*,*,#4760,.T.);
#5420=ORIENTED_EDGE('',*,*,#4230,.F.);
#5430=CARTESIAN_POINT('',(10.402908,0.102546000000001,5.3));
#5440=DIRECTION('',(-0.,-1.,-1.22460635382238E-16));
#5450=VECTOR('',#5440,1.);
#5460=LINE('',#5430,#5450);
#5470=EDGE_CURVE('',#2680,#4180,#5460,.T.);
#5480=ORIENTED_EDGE('',*,*,#5470,.T.);
#5490=EDGE_LOOP('',(#5480,#5420,#5410,#5400));
#5500=FACE_OUTER_BOUND('',#5490,.T.);
#5510=ADVANCED_FACE('',(#5500),#1410,.T.);
#5520=CARTESIAN_POINT('',(8.402908,0.802546000000001,1.45));
#5530=DIRECTION('',(-1.,0.,0.));
#5540=DIRECTION('',(0.,0.,1.));
#5550=AXIS2_PLACEMENT_3D('',#5520,#5530,#5540);
#5560=PLANE('',#5550);
#5570=CARTESIAN_POINT('',(8.402908,0.0025460000000002,1.45));
#5580=DIRECTION('',(0.,-1.,1.22460635382238E-16));
#5590=VECTOR('',#5580,1.);
#5600=LINE('',#5570,#5590);
#5610=CARTESIAN_POINT('',(8.402908,2.802546,1.45));
#5620=VERTEX_POINT('',#5610);
#5630=CARTESIAN_POINT('',(8.402908,0.102546,1.45));
#5640=VERTEX_POINT('',#5630);
#5650=EDGE_CURVE('',#5620,#5640,#5600,.T.);
#5660=ORIENTED_EDGE('',*,*,#5650,.T.);
#5670=CARTESIAN_POINT('',(8.402908,2.802546,1.797496891206));
#5680=DIRECTION('',(0.,1.22460635382238E-16,1.));
#5690=VECTOR('',#5680,1.);
#5700=LINE('',#5670,#5690);
#5710=CARTESIAN_POINT('',(8.402908,2.802546,1.95));
#5720=VERTEX_POINT('',#5710);
#5730=EDGE_CURVE('',#5620,#5720,#5700,.T.);
#5740=ORIENTED_EDGE('',*,*,#5730,.F.);
#5750=CARTESIAN_POINT('',(8.402908,0.102546,1.95));
#5760=DIRECTION('',(-0.,-1.,0.));
#5770=VECTOR('',#5760,1.);
#5780=LINE('',#5750,#5770);
#5790=CARTESIAN_POINT('',(8.402908,0.102546,1.95));
#5800=VERTEX_POINT('',#5790);
#5810=EDGE_CURVE('',#5720,#5800,#5780,.T.);
#5820=ORIENTED_EDGE('',*,*,#5810,.F.);
#5830=CARTESIAN_POINT('',(8.402908,0.102546,1.797496891206));
#5840=DIRECTION('',(0.,-1.22460635382238E-16,-1.));
#5850=VECTOR('',#5840,1.);
#5860=LINE('',#5830,#5850);
#5870=EDGE_CURVE('',#5800,#5640,#5860,.T.);
#5880=ORIENTED_EDGE('',*,*,#5870,.F.);
#5890=EDGE_LOOP('',(#5880,#5820,#5740,#5660));
#5900=FACE_OUTER_BOUND('',#5890,.T.);
#5910=ADVANCED_FACE('',(#5900),#5560,.T.);
#5920=ORIENTED_EDGE('',*,*,#1670,.F.);
#5930=ORIENTED_EDGE('',*,*,#2560,.F.);
#5940=CARTESIAN_POINT('',(10.902908,-1.89463814188617,2.08));
#5950=VERTEX_POINT('',#5940);
#5960=EDGE_CURVE('',#5950,#2490,#4520,.T.);
#5970=ORIENTED_EDGE('',*,*,#5960,.T.);
#5980=CARTESIAN_POINT('',(10.652908,-1.89463814188617,2.08));
#5990=DIRECTION('',(1.,0.,0.));
#6000=VECTOR('',#5990,1.);
#6010=LINE('',#5980,#6000);
#6020=EDGE_CURVE('',#1660,#5950,#6010,.T.);
#6030=ORIENTED_EDGE('',*,*,#6020,.T.);
#6040=EDGE_LOOP('',(#6030,#5970,#5930,#5920));
#6050=FACE_OUTER_BOUND('',#6040,.T.);
#6060=ADVANCED_FACE('',(#6050),#4380,.F.);
#6070=CARTESIAN_POINT('',(8.452908,3.002546,1.7));
#6080=DIRECTION('',(-0.970142500145332,0.242535625036333,
-2.97010667447775E-17));
#6090=DIRECTION('',(-0.242535625036333,-0.970142500145332,
1.1880426697911E-16));
#6100=AXIS2_PLACEMENT_3D('',#6070,#6080,#6090);
#6110=PLANE('',#6100);
#6120=CARTESIAN_POINT('',(7.727908,0.102546,2.625));
#6130=DIRECTION('',(-0.235702260395516,-0.942809041582063,
0.235702260395516));
#6140=VECTOR('',#6130,1.);
#6150=LINE('',#6120,#6140);
#6160=CARTESIAN_POINT('',(8.502908,3.202546,1.85));
#6170=VERTEX_POINT('',#6160);
#6180=EDGE_CURVE('',#6170,#5720,#6150,.T.);
#6190=ORIENTED_EDGE('',*,*,#6180,.F.);
#6200=ORIENTED_EDGE('',*,*,#5730,.T.);
#6210=CARTESIAN_POINT('',(7.727908,0.102546,0.775));
#6220=DIRECTION('',(0.235702260395516,0.942809041582063,
0.235702260395516));
#6230=VECTOR('',#6220,1.);
#6240=LINE('',#6210,#6230);
#6250=CARTESIAN_POINT('',(8.502908,3.202546,1.55));
#6260=VERTEX_POINT('',#6250);
#6270=EDGE_CURVE('',#5620,#6260,#6240,.T.);
#6280=ORIENTED_EDGE('',*,*,#6270,.F.);
#6290=CARTESIAN_POINT('',(8.502908,3.202546,1.797496891206));
#6300=DIRECTION('',(0.,-1.22460635382238E-16,-1.));
#6310=VECTOR('',#6300,1.);
#6320=LINE('',#6290,#6310);
#6330=EDGE_CURVE('',#6170,#6260,#6320,.T.);
#6340=ORIENTED_EDGE('',*,*,#6330,.T.);
#6350=EDGE_LOOP('',(#6340,#6280,#6200,#6190));
#6360=FACE_OUTER_BOUND('',#6350,.T.);
#6370=ADVANCED_FACE('',(#6360),#6110,.T.);
#6380=CARTESIAN_POINT('',(8.852908,3.002546,1.7));
#6390=DIRECTION('',(0.970142500145332,0.242535625036333,
-2.97010667447775E-17));
#6400=DIRECTION('',(0.242535625036333,-0.970142500145332,
1.1880426697911E-16));
#6410=AXIS2_PLACEMENT_3D('',#6380,#6390,#6400);
#6420=PLANE('',#6410);
#6430=CARTESIAN_POINT('',(9.577908,0.102546,0.775));
#6440=DIRECTION('',(0.235702260395516,-0.942809041582063,
-0.235702260395516));
#6450=VECTOR('',#6440,1.);
#6460=LINE('',#6430,#6450);
#6470=CARTESIAN_POINT('',(8.802908,3.202546,1.55));
#6480=VERTEX_POINT('',#6470);
#6490=CARTESIAN_POINT('',(8.902908,2.802546,1.45));
#6500=VERTEX_POINT('',#6490);
#6510=EDGE_CURVE('',#6480,#6500,#6460,.T.);
#6520=ORIENTED_EDGE('',*,*,#6510,.F.);
#6530=CARTESIAN_POINT('',(8.902908,2.802546,1.797496891206));
#6540=DIRECTION('',(0.,-1.22460635382238E-16,-1.));
#6550=VECTOR('',#6540,1.);
#6560=LINE('',#6530,#6550);
#6570=CARTESIAN_POINT('',(8.902908,2.802546,1.95));
#6580=VERTEX_POINT('',#6570);
#6590=EDGE_CURVE('',#6580,#6500,#6560,.T.);
#6600=ORIENTED_EDGE('',*,*,#6590,.T.);
#6610=CARTESIAN_POINT('',(9.577908,0.102546,2.625));
#6620=DIRECTION('',(-0.235702260395516,0.942809041582063,
-0.235702260395516));
#6630=VECTOR('',#6620,1.);
#6640=LINE('',#6610,#6630);
#6650=CARTESIAN_POINT('',(8.802908,3.202546,1.85));
#6660=VERTEX_POINT('',#6650);
#6670=EDGE_CURVE('',#6580,#6660,#6640,.T.);
#6680=ORIENTED_EDGE('',*,*,#6670,.F.);
#6690=CARTESIAN_POINT('',(8.802908,3.202546,1.797496891206));
#6700=DIRECTION('',(0.,1.22460635382238E-16,1.));
#6710=VECTOR('',#6700,1.);
#6720=LINE('',#6690,#6710);
#6730=EDGE_CURVE('',#6480,#6660,#6720,.T.);
#6740=ORIENTED_EDGE('',*,*,#6730,.T.);
#6750=EDGE_LOOP('',(#6740,#6680,#6600,#6520));
#6760=FACE_OUTER_BOUND('',#6750,.T.);
#6770=ADVANCED_FACE('',(#6760),#6420,.T.);
#6780=CARTESIAN_POINT('',(8.902908,0.652546000000001,1.95));
#6790=DIRECTION('',(0.,0.,1.));
#6800=DIRECTION('',(-1.,0.,0.));
#6810=AXIS2_PLACEMENT_3D('',#6780,#6790,#6800);
#6820=PLANE('',#6810);
#6830=ORIENTED_EDGE('',*,*,#5810,.T.);
#6840=CARTESIAN_POINT('',(9.31956034451327,2.802546,1.95));
#6850=DIRECTION('',(1.,0.,0.));
#6860=VECTOR('',#6850,1.);
#6870=LINE('',#6840,#6860);
#6880=EDGE_CURVE('',#5720,#6580,#6870,.T.);
#6890=ORIENTED_EDGE('',*,*,#6880,.F.);
#6900=CARTESIAN_POINT('',(8.902908,0.0525460000000003,1.95));
#6910=DIRECTION('',(0.,1.,0.));
#6920=VECTOR('',#6910,1.);
#6930=LINE('',#6900,#6920);
#6940=CARTESIAN_POINT('',(8.902908,0.102546,1.95));
#6950=VERTEX_POINT('',#6940);
#6960=EDGE_CURVE('',#6950,#6580,#6930,.T.);
#6970=ORIENTED_EDGE('',*,*,#6960,.T.);
#6980=CARTESIAN_POINT('',(11.3195603445133,0.102546,1.95));
#6990=DIRECTION('',(-1.,0.,0.));
#7000=VECTOR('',#6990,1.);
#7010=LINE('',#6980,#7000);
#7020=EDGE_CURVE('',#6950,#5800,#7010,.T.);
#7030=ORIENTED_EDGE('',*,*,#7020,.F.);
#7040=EDGE_LOOP('',(#7030,#6970,#6890,#6830));
#7050=FACE_OUTER_BOUND('',#7040,.T.);
#7060=ADVANCED_FACE('',(#7050),#6820,.T.);
#7070=CARTESIAN_POINT('',(10.402908,-1.53720555279503,4.4));
#7080=DIRECTION('',(1.,-0.,0.));
#7090=DIRECTION('',(0.,1.,-5.90556912506275E-16));
#7100=AXIS2_PLACEMENT_3D('',#7070,#7080,#7090);
#7110=PLANE('',#7100);
#7120=CARTESIAN_POINT('',(10.402908,-2.597454,4.4));
#7130=DIRECTION('',(0.,5.90556912506275E-16,1.));
#7140=VECTOR('',#7130,1.);
#7150=LINE('',#7120,#7140);
#7160=CARTESIAN_POINT('',(10.402908,-2.597454,4.4));
#7170=VERTEX_POINT('',#7160);
#7180=CARTESIAN_POINT('',(10.402908,-2.597454,5.3));
#7190=VERTEX_POINT('',#7180);
#7200=EDGE_CURVE('',#7170,#7190,#7150,.T.);
#7210=ORIENTED_EDGE('',*,*,#7200,.F.);
#7220=CARTESIAN_POINT('',(10.402908,4.30211422042248E-16,5.3));
#7230=DIRECTION('',(0.,1.,-1.22460635382238E-16));
#7240=VECTOR('',#7230,1.);
#7250=LINE('',#7220,#7240);
#7260=EDGE_CURVE('',#7190,#4180,#7250,.T.);
#7270=ORIENTED_EDGE('',*,*,#7260,.F.);
#7280=ORIENTED_EDGE('',*,*,#4190,.T.);
#7290=CARTESIAN_POINT('',(10.402908,3.19189119579733E-16,4.4));
#7300=DIRECTION('',(0.,-1.,5.90556912506275E-16));
#7310=VECTOR('',#7300,1.);
#7320=LINE('',#7290,#7310);
#7330=EDGE_CURVE('',#2020,#7170,#7320,.T.);
#7340=ORIENTED_EDGE('',*,*,#7330,.F.);
#7350=EDGE_LOOP('',(#7340,#7280,#7270,#7210));
#7360=FACE_OUTER_BOUND('',#7350,.T.);
#7370=ADVANCED_FACE('',(#7360),#7110,.T.);
#7380=CARTESIAN_POINT('',(11.602908,-1.53720555279503,4.4));
#7390=DIRECTION('',(-0.,5.90556912506275E-16,1.));
#7400=DIRECTION('',(0.,-1.,5.90556912506275E-16));
#7410=AXIS2_PLACEMENT_3D('',#7380,#7390,#7400);
#7420=PLANE('',#7410);
#7430=ORIENTED_EDGE('',*,*,#7330,.T.);
#7440=ORIENTED_EDGE('',*,*,#2030,.F.);
#7450=CARTESIAN_POINT('',(10.402908,-1.53720555279503,4.4));
#7460=VERTEX_POINT('',#7450);
#7470=EDGE_CURVE('',#7460,#1940,#7320,.T.);
#7480=ORIENTED_EDGE('',*,*,#7470,.T.);
#7490=CARTESIAN_POINT('',(8.00000000000001,-1.53720555279503,4.4));
#7500=DIRECTION('',(-1.,0.,0.));
#7510=VECTOR('',#7500,1.);
#7520=LINE('',#7490,#7510);
#7530=CARTESIAN_POINT('',(8.90290800000001,-1.53720555279503,4.4));
#7540=VERTEX_POINT('',#7530);
#7550=EDGE_CURVE('',#7460,#7540,#7520,.T.);
#7560=ORIENTED_EDGE('',*,*,#7550,.F.);
#7570=CARTESIAN_POINT('',(8.90290800000001,0.,4.4));
#7580=DIRECTION('',(0.,-1.,4.68096277124037E-16));
#7590=VECTOR('',#7580,1.);
#7600=LINE('',#7570,#7590);
#7610=CARTESIAN_POINT('',(8.902908,-1.947454,4.4));
#7620=VERTEX_POINT('',#7610);
#7630=EDGE_CURVE('',#7540,#7620,#7600,.T.);
#7640=ORIENTED_EDGE('',*,*,#7630,.F.);
#7650=CARTESIAN_POINT('',(8.902908,0.102546000000001,4.4));
#7660=DIRECTION('',(0.,1.,-5.90556912506275E-16));
#7670=VECTOR('',#7660,1.);
#7680=LINE('',#7650,#7670);
#7690=CARTESIAN_POINT('',(8.902908,-2.497454,4.4));
#7700=VERTEX_POINT('',#7690);
#7710=EDGE_CURVE('',#7700,#7620,#7680,.T.);
#7720=ORIENTED_EDGE('',*,*,#7710,.T.);
#7730=CARTESIAN_POINT('',(8.90290800000001,-2.597454,4.4));
#7740=VERTEX_POINT('',#7730);
#7750=EDGE_CURVE('',#7700,#7740,#7600,.T.);
#7760=ORIENTED_EDGE('',*,*,#7750,.F.);
#7770=CARTESIAN_POINT('',(6.73836300000001,0.,4.4));
#7780=DIRECTION('',(0.64018439966448,-0.768221279597376,
3.33066907387547E-16));
#7790=VECTOR('',#7780,1.);
#7800=LINE('',#7770,#7790);
#7810=CARTESIAN_POINT('',(9.40290800000001,-3.197454,4.4));
#7820=VERTEX_POINT('',#7810);
#7830=EDGE_CURVE('',#7740,#7820,#7800,.T.);
#7840=ORIENTED_EDGE('',*,*,#7830,.F.);
#7850=CARTESIAN_POINT('',(7.70290800000001,-3.197454,4.4));
#7860=DIRECTION('',(1.,0.,0.));
#7870=VECTOR('',#7860,1.);
#7880=LINE('',#7850,#7870);
#7890=CARTESIAN_POINT('',(9.902908,-3.197454,4.4));
#7900=VERTEX_POINT('',#7890);
#7910=EDGE_CURVE('',#7820,#7900,#7880,.T.);
#7920=ORIENTED_EDGE('',*,*,#7910,.F.);
#7930=CARTESIAN_POINT('',(12.567453,3.19189119579733E-16,4.4));
#7940=DIRECTION('',(-0.64018439966448,-0.768221279597376,
4.27143773401197E-16));
#7950=VECTOR('',#7940,1.);
#7960=LINE('',#7930,#7950);
#7970=EDGE_CURVE('',#7170,#7900,#7960,.T.);
#7980=ORIENTED_EDGE('',*,*,#7970,.T.);
#7990=EDGE_LOOP('',(#7980,#7920,#7840,#7760,#7720,#7640,#7560,#7480,
#7440,#7430));
#8000=FACE_OUTER_BOUND('',#7990,.T.);
#8010=ADVANCED_FACE('',(#8000),#7420,.F.);
#8020=CARTESIAN_POINT('',(10.272908,-1.897454,2.08));
#8030=DIRECTION('',(-1.,0.,0.));
#8040=DIRECTION('',(0.,3.70074341541719E-16,1.));
#8050=AXIS2_PLACEMENT_3D('',#8020,#8030,#8040);
#8060=PLANE('',#8050);
#8070=CARTESIAN_POINT('',(10.272908,-1.897454,0.));
#8080=DIRECTION('',(0.,3.70074341541719E-16,1.));
#8090=VECTOR('',#8080,1.);
#8100=LINE('',#8070,#8090);
#8110=CARTESIAN_POINT('',(10.272908,-1.897454,1.32));
#8120=VERTEX_POINT('',#8110);
#8130=CARTESIAN_POINT('',(10.272908,-1.897454,2.08));
#8140=VERTEX_POINT('',#8130);
#8150=EDGE_CURVE('',#8120,#8140,#8100,.T.);
#8160=ORIENTED_EDGE('',*,*,#8150,.F.);
#8170=CARTESIAN_POINT('',(10.272908,-1.897454,2.08));
#8180=DIRECTION('',(0.,1.,-3.70074341541719E-16));
#8190=VECTOR('',#8180,1.);
#8200=LINE('',#8170,#8190);
#8210=CARTESIAN_POINT('',(10.272908,-1.497454,2.08));
#8220=VERTEX_POINT('',#8210);
#8230=EDGE_CURVE('',#8140,#8220,#8200,.T.);
#8240=ORIENTED_EDGE('',*,*,#8230,.F.);
#8250=CARTESIAN_POINT('',(10.272908,-1.497454,1.32));
#8260=DIRECTION('',(0.,3.70074341541719E-16,1.));
#8270=VECTOR('',#8260,1.);
#8280=LINE('',#8250,#8270);
#8290=CARTESIAN_POINT('',(10.272908,-1.497454,1.32));
#8300=VERTEX_POINT('',#8290);
#8310=EDGE_CURVE('',#8300,#8220,#8280,.T.);
#8320=ORIENTED_EDGE('',*,*,#8310,.T.);
#8330=CARTESIAN_POINT('',(10.272908,-1.897454,1.32));
#8340=DIRECTION('',(0.,1.,-3.70074341541719E-16));
#8350=VECTOR('',#8340,1.);
#8360=LINE('',#8330,#8350);
#8370=EDGE_CURVE('',#8120,#8300,#8360,.T.);
#8380=ORIENTED_EDGE('',*,*,#8370,.T.);
#8390=EDGE_LOOP('',(#8380,#8320,#8240,#8160));
#8400=FACE_OUTER_BOUND('',#8390,.T.);
#8410=ADVANCED_FACE('',(#8400),#8060,.F.);
#8420=CARTESIAN_POINT('',(10.272908,-1.897454,1.32));
#8430=DIRECTION('',(-0.,-3.70074341541719E-16,-1.));
#8440=DIRECTION('',(-1.,0.,0.));
#8450=AXIS2_PLACEMENT_3D('',#8420,#8430,#8440);
#8460=PLANE('',#8450);
#8470=CARTESIAN_POINT('',(11.032908,-1.897454,1.32));
#8480=DIRECTION('',(0.,1.,-3.70074341541719E-16));
#8490=VECTOR('',#8480,1.);
#8500=LINE('',#8470,#8490);
#8510=CARTESIAN_POINT('',(11.032908,-1.897454,1.32));
#8520=VERTEX_POINT('',#8510);
#8530=CARTESIAN_POINT('',(11.032908,-1.497454,1.32));
#8540=VERTEX_POINT('',#8530);
#8550=EDGE_CURVE('',#8520,#8540,#8500,.T.);
#8560=ORIENTED_EDGE('',*,*,#8550,.T.);
#8570=CARTESIAN_POINT('',(0.,-1.897454,1.32));
#8580=DIRECTION('',(-1.,0.,0.));
#8590=VECTOR('',#8580,1.);
#8600=LINE('',#8570,#8590);
#8610=EDGE_CURVE('',#8520,#8120,#8600,.T.);
#8620=ORIENTED_EDGE('',*,*,#8610,.F.);
#8630=ORIENTED_EDGE('',*,*,#8370,.F.);
#8640=CARTESIAN_POINT('',(11.032908,-1.497454,1.32));
#8650=DIRECTION('',(-1.,0.,0.));
#8660=VECTOR('',#8650,1.);
#8670=LINE('',#8640,#8660);
#8680=EDGE_CURVE('',#8540,#8300,#8670,.T.);
#8690=ORIENTED_EDGE('',*,*,#8680,.T.);
#8700=EDGE_LOOP('',(#8690,#8630,#8620,#8560));
#8710=FACE_OUTER_BOUND('',#8700,.T.);
#8720=ADVANCED_FACE('',(#8710),#8460,.F.);
#8730=CARTESIAN_POINT('',(11.032908,-1.897454,1.32));
#8740=DIRECTION('',(1.,-0.,0.));
#8750=DIRECTION('',(-0.,-3.70074341541719E-16,-1.));
#8760=AXIS2_PLACEMENT_3D('',#8730,#8740,#8750);
#8770=PLANE('',#8760);
#8780=CARTESIAN_POINT('',(11.032908,-1.897454,0.));
#8790=DIRECTION('',(-0.,-3.70074341541719E-16,-1.));
#8800=VECTOR('',#8790,1.);
#8810=LINE('',#8780,#8800);
#8820=CARTESIAN_POINT('',(11.032908,-1.897454,2.08));
#8830=VERTEX_POINT('',#8820);
#8840=EDGE_CURVE('',#8830,#8520,#8810,.T.);
#8850=ORIENTED_EDGE('',*,*,#8840,.F.);
#8860=ORIENTED_EDGE('',*,*,#8550,.F.);
#8870=CARTESIAN_POINT('',(11.032908,-1.497454,2.08));
#8880=DIRECTION('',(-0.,-3.70074341541719E-16,-1.));
#8890=VECTOR('',#8880,1.);
#8900=LINE('',#8870,#8890);
#8910=CARTESIAN_POINT('',(11.032908,-1.497454,2.08));
#8920=VERTEX_POINT('',#8910);
#8930=EDGE_CURVE('',#8920,#8540,#8900,.T.);
#8940=ORIENTED_EDGE('',*,*,#8930,.T.);
#8950=CARTESIAN_POINT('',(11.032908,-1.897454,2.08));
#8960=DIRECTION('',(0.,1.,-3.70074341541719E-16));
#8970=VECTOR('',#8960,1.);
#8980=LINE('',#8950,#8970);
#8990=EDGE_CURVE('',#8830,#8920,#8980,.T.);
#9000=ORIENTED_EDGE('',*,*,#8990,.T.);
#9010=EDGE_LOOP('',(#9000,#8940,#8860,#8850));
#9020=FACE_OUTER_BOUND('',#9010,.T.);
#9030=ADVANCED_FACE('',(#9020),#8770,.F.);
#9040=CARTESIAN_POINT('',(5.83496700756037,-1.897454,2.66004769295657));
#9050=DIRECTION('',(0.,-1.,2.47613706159481E-16));
#9060=DIRECTION('',(1.,0.,0.));
#9070=AXIS2_PLACEMENT_3D('',#9040,#9050,#9060);
#9080=PLANE('',#9070);
#9090=CARTESIAN_POINT('',(6.65290800000001,-1.897454,0.));
#9100=DIRECTION('',(0.,2.47613706159481E-16,1.));
#9110=VECTOR('',#9100,1.);
#9120=LINE('',#9090,#9110);
#9130=CARTESIAN_POINT('',(6.65290800000001,-1.897454,0.9));
#9140=VERTEX_POINT('',#9130);
#9150=CARTESIAN_POINT('',(6.65290800000001,-1.897454,1.32));
#9160=VERTEX_POINT('',#9150);
#9170=EDGE_CURVE('',#9140,#9160,#9120,.T.);
#9180=ORIENTED_EDGE('',*,*,#9170,.F.);
#9190=CARTESIAN_POINT('',(14.3729104,-1.897454,1.32));
#9200=DIRECTION('',(-1.,0.,0.));
#9210=VECTOR('',#9200,1.);
#9220=LINE('',#9190,#9210);
#9230=CARTESIAN_POINT('',(7.70290800000001,-1.897454,1.32));
#9240=VERTEX_POINT('',#9230);
#9250=EDGE_CURVE('',#9240,#9160,#9220,.T.);
#9260=ORIENTED_EDGE('',*,*,#9250,.T.);
#9270=CARTESIAN_POINT('',(7.70290800000001,-1.897454,
-2.22044604925031E-16));
#9280=DIRECTION('',(0.,0.,-1.));
#9290=VECTOR('',#9280,1.);
#9300=LINE('',#9270,#9290);
#9310=CARTESIAN_POINT('',(7.70290800000001,-1.897454,2.08));
#9320=VERTEX_POINT('',#9310);
#9330=EDGE_CURVE('',#9320,#9240,#9300,.T.);
#9340=ORIENTED_EDGE('',*,*,#9330,.T.);
#9350=CARTESIAN_POINT('',(8.00000000000001,-1.897454,2.08));
#9360=DIRECTION('',(1.,0.,0.));
#9370=VECTOR('',#9360,1.);
#9380=LINE('',#9350,#9370);
#9390=CARTESIAN_POINT('',(8.27290800000002,-1.897454,2.08));
#9400=VERTEX_POINT('',#9390);
#9410=EDGE_CURVE('',#9320,#9400,#9380,.T.);
#9420=ORIENTED_EDGE('',*,*,#9410,.F.);
#9430=CARTESIAN_POINT('',(8.27290800000002,-1.897454,0.));
#9440=DIRECTION('',(-0.,-2.47613706159481E-16,-1.));
#9450=VECTOR('',#9440,1.);
#9460=LINE('',#9430,#9450);
#9470=CARTESIAN_POINT('',(8.27290800000002,-1.897454,1.32));
#9480=VERTEX_POINT('',#9470);
#9490=EDGE_CURVE('',#9400,#9480,#9460,.T.);
#9500=ORIENTED_EDGE('',*,*,#9490,.F.);
#9510=CARTESIAN_POINT('',(19.305816,-1.897454,1.32));
#9520=DIRECTION('',(1.,0.,0.));
#9530=VECTOR('',#9520,1.);
#9540=LINE('',#9510,#9530);
#9550=CARTESIAN_POINT('',(9.03290800000001,-1.897454,1.32));
#9560=VERTEX_POINT('',#9550);
#9570=EDGE_CURVE('',#9480,#9560,#9540,.T.);
#9580=ORIENTED_EDGE('',*,*,#9570,.F.);
#9590=CARTESIAN_POINT('',(9.03290800000001,-1.897454,0.));
#9600=DIRECTION('',(0.,2.47613706159481E-16,1.));
#9610=VECTOR('',#9600,1.);
#9620=LINE('',#9590,#9610);
#9630=CARTESIAN_POINT('',(9.03290800000001,-1.897454,2.08));
#9640=VERTEX_POINT('',#9630);
#9650=EDGE_CURVE('',#9560,#9640,#9620,.T.);
#9660=ORIENTED_EDGE('',*,*,#9650,.F.);
#9670=CARTESIAN_POINT('',(11.305816,-1.897454,2.08));
#9680=DIRECTION('',(-1.,0.,0.));
#9690=VECTOR('',#9680,1.);
#9700=LINE('',#9670,#9690);
#9710=EDGE_CURVE('',#8140,#9640,#9700,.T.);
#9720=ORIENTED_EDGE('',*,*,#9710,.T.);
#9730=ORIENTED_EDGE('',*,*,#8150,.T.);
#9740=ORIENTED_EDGE('',*,*,#8610,.T.);
#9750=ORIENTED_EDGE('',*,*,#8840,.T.);
#9760=CARTESIAN_POINT('',(11.305816,-1.897454,2.08));
#9770=DIRECTION('',(-1.,0.,0.));
#9780=VECTOR('',#9770,1.);
#9790=LINE('',#9760,#9780);
#9800=CARTESIAN_POINT('',(11.602908,-1.897454,2.08));
#9810=VERTEX_POINT('',#9800);
#9820=EDGE_CURVE('',#9810,#8830,#9790,.T.);
#9830=ORIENTED_EDGE('',*,*,#9820,.T.);
#9840=CARTESIAN_POINT('',(11.602908,-1.897454,-2.22044604925031E-16));
#9850=DIRECTION('',(0.,-1.22460635382238E-16,-1.));
#9860=VECTOR('',#9850,1.);
#9870=LINE('',#9840,#9860);
#9880=CARTESIAN_POINT('',(11.602908,-1.897454,1.32));
#9890=VERTEX_POINT('',#9880);
#9900=EDGE_CURVE('',#9810,#9890,#9870,.T.);
#9910=ORIENTED_EDGE('',*,*,#9900,.F.);
#9920=CARTESIAN_POINT('',(4.9329056,-1.897454,1.32));
#9930=DIRECTION('',(1.,0.,0.));
#9940=VECTOR('',#9930,1.);
#9950=LINE('',#9920,#9940);
#9960=CARTESIAN_POINT('',(12.652908,-1.897454,1.32));
#9970=VERTEX_POINT('',#9960);
#9980=EDGE_CURVE('',#9890,#9970,#9950,.T.);
#9990=ORIENTED_EDGE('',*,*,#9980,.F.);
#10000=CARTESIAN_POINT('',(12.652908,-1.897454,0.));
#10010=DIRECTION('',(0.,3.70074341541719E-16,1.));
#10020=VECTOR('',#10010,1.);
#10030=LINE('',#10000,#10020);
#10040=CARTESIAN_POINT('',(12.652908,-1.897454,0.9));
#10050=VERTEX_POINT('',#10040);
#10060=EDGE_CURVE('',#10050,#9970,#10030,.T.);
#10070=ORIENTED_EDGE('',*,*,#10060,.T.);
#10080=CARTESIAN_POINT('',(19.305816,-1.897454,0.9));
#10090=DIRECTION('',(1.,0.,0.));
#10100=VECTOR('',#10090,1.);
#10110=LINE('',#10080,#10100);
#10120=EDGE_CURVE('',#9140,#10050,#10110,.T.);
#10130=ORIENTED_EDGE('',*,*,#10120,.T.);
#10140=EDGE_LOOP('',(#10130,#10070,#9990,#9910,#9830,#9750,#9740,#9730,
#9720,#9660,#9580,#9500,#9420,#9340,#9260,#9180));
#10150=FACE_OUTER_BOUND('',#10140,.T.);
#10160=ADVANCED_FACE('',(#10150),#9080,.T.);
#10170=CARTESIAN_POINT('',(11.032908,-1.897454,2.08));
#10180=DIRECTION('',(-0.,3.70074341541719E-16,1.));
#10190=DIRECTION('',(1.,0.,0.));
#10200=AXIS2_PLACEMENT_3D('',#10170,#10180,#10190);
#10210=PLANE('',#10200);
#10220=ORIENTED_EDGE('',*,*,#8230,.T.);
#10230=CARTESIAN_POINT('',(0.,-1.897454,2.08));
#10240=DIRECTION('',(1.,0.,0.));
#10250=VECTOR('',#10240,1.);
#10260=LINE('',#10230,#10250);
#10270=EDGE_CURVE('',#8140,#1740,#10260,.T.);
#10280=ORIENTED_EDGE('',*,*,#10270,.F.);
#10290=ORIENTED_EDGE('',*,*,#1750,.F.);
#10300=ORIENTED_EDGE('',*,*,#6020,.F.);
#10310=CARTESIAN_POINT('',(10.902908,0.102546,2.08));
#10320=DIRECTION('',(0.,-1.,3.70074341541719E-16));
#10330=VECTOR('',#10320,1.);
#10340=LINE('',#10310,#10330);
#10350=CARTESIAN_POINT('',(10.902908,-1.897454,2.08));
#10360=VERTEX_POINT('',#10350);
#10370=EDGE_CURVE('',#5950,#10360,#10340,.T.);
#10380=ORIENTED_EDGE('',*,*,#10370,.F.);
#10390=EDGE_CURVE('',#10360,#8830,#10260,.T.);
#10400=ORIENTED_EDGE('',*,*,#10390,.F.);
#10410=ORIENTED_EDGE('',*,*,#8990,.F.);
#10420=CARTESIAN_POINT('',(10.272908,-1.497454,2.08));
#10430=DIRECTION('',(1.,0.,0.));
#10440=VECTOR('',#10430,1.);
#10450=LINE('',#10420,#10440);
#10460=EDGE_CURVE('',#8220,#8920,#10450,.T.);
#10470=ORIENTED_EDGE('',*,*,#10460,.T.);
#10480=EDGE_LOOP('',(#10470,#10410,#10400,#10380,#10300,#10290,#10280,
#10220));
#10490=FACE_OUTER_BOUND('',#10480,.T.);
#10500=ADVANCED_FACE('',(#10490),#10210,.F.);
#10510=CARTESIAN_POINT('',(13.652908,-1.897454,2.08));
#10520=DIRECTION('',(0.,-0.988157863518594,0.153440662037049));
#10530=DIRECTION('',(-0.,-0.153440662037049,-0.988157863518594));
#10540=AXIS2_PLACEMENT_3D('',#10510,#10520,#10530);
#10550=PLANE('',#10540);
#10560=CARTESIAN_POINT('',(11.305816,-1.53720555279503,4.4));
#10570=DIRECTION('',(-1.,0.,0.));
#10580=VECTOR('',#10570,1.);
#10590=LINE('',#10560,#10580);
#10600=CARTESIAN_POINT('',(10.902908,-1.53720555279503,4.4));
#10610=VERTEX_POINT('',#10600);
#10620=EDGE_CURVE('',#10610,#7460,#10590,.T.);
#10630=ORIENTED_EDGE('',*,*,#10620,.T.);
#10640=CARTESIAN_POINT('',(11.305816,-1.53720555279503,4.4));
#10650=DIRECTION('',(1.,0.,0.));
#10660=VECTOR('',#10650,1.);
#10670=LINE('',#10640,#10660);
#10680=CARTESIAN_POINT('',(11.602908,-1.53720555279503,4.4));
#10690=VERTEX_POINT('',#10680);
#10700=EDGE_CURVE('',#10610,#10690,#10670,.T.);
#10710=ORIENTED_EDGE('',*,*,#10700,.F.);
#10720=CARTESIAN_POINT('',(11.602908,-2.22043536645963,
-2.22044604925031E-16));
#10730=DIRECTION('',(0.,0.153440662037049,0.988157863518594));
#10740=VECTOR('',#10730,1.);
#10750=LINE('',#10720,#10740);
#10760=EDGE_CURVE('',#9810,#10690,#10750,.T.);
#10770=ORIENTED_EDGE('',*,*,#10760,.T.);
#10780=ORIENTED_EDGE('',*,*,#9820,.F.);
#10790=ORIENTED_EDGE('',*,*,#10390,.T.);
#10800=CARTESIAN_POINT('',(10.902908,-1.94132094235932,1.797496891206));
#10810=DIRECTION('',(-0.,-0.153440662037049,-0.988157863518594));
#10820=VECTOR('',#10810,1.);
#10830=LINE('',#10800,#10820);
#10840=EDGE_CURVE('',#4450,#10360,#10830,.T.);
#10850=ORIENTED_EDGE('',*,*,#10840,.T.);
#10860=ORIENTED_EDGE('',*,*,#4460,.T.);
#10870=ORIENTED_EDGE('',*,*,#1830,.T.);
#10880=ORIENTED_EDGE('',*,*,#10270,.T.);
#10890=ORIENTED_EDGE('',*,*,#9710,.F.);
#10900=CARTESIAN_POINT('',(19.305816,-1.897454,2.08));
#10910=DIRECTION('',(-1.,0.,0.));
#10920=VECTOR('',#10910,1.);
#10930=LINE('',#10900,#10920);
#10940=CARTESIAN_POINT('',(8.902908,-1.897454,2.08));
#10950=VERTEX_POINT('',#10940);
#10960=EDGE_CURVE('',#9640,#10950,#10930,.T.);
#10970=ORIENTED_EDGE('',*,*,#10960,.F.);
#10980=CARTESIAN_POINT('',(8.902908,-1.94132094235932,1.797496891206));
#10990=DIRECTION('',(0.,0.153440662037049,0.988157863518594));
#11000=VECTOR('',#10990,1.);
#11010=LINE('',#10980,#11000);
#11020=CARTESIAN_POINT('',(8.902908,-1.89692912597844,2.08338018869882))
;
#11030=VERTEX_POINT('',#11020);
#11040=EDGE_CURVE('',#10950,#11030,#11010,.T.);
#11050=ORIENTED_EDGE('',*,*,#11040,.F.);
#11060=CARTESIAN_POINT('',(8.652908,-1.89692912597844,2.08338018869882))
;
#11070=DIRECTION('',(1.,0.,0.));
#11080=VECTOR('',#11070,1.);
#11090=LINE('',#11060,#11080);
#11100=CARTESIAN_POINT('',(8.402908,-1.89692912597844,2.08338018869882))
;
#11110=VERTEX_POINT('',#11100);
#11120=EDGE_CURVE('',#11110,#11030,#11090,.T.);
#11130=ORIENTED_EDGE('',*,*,#11120,.T.);
#11140=CARTESIAN_POINT('',(8.402908,-1.94132094235932,1.797496891206));
#11150=DIRECTION('',(-0.,-0.153440662037049,-0.988157863518594));
#11160=VECTOR('',#11150,1.);
#11170=LINE('',#11140,#11160);
#11180=CARTESIAN_POINT('',(8.402908,-1.897454,2.08));
#11190=VERTEX_POINT('',#11180);
#11200=EDGE_CURVE('',#11110,#11190,#11170,.T.);
#11210=ORIENTED_EDGE('',*,*,#11200,.F.);
#11220=EDGE_CURVE('',#11190,#9400,#10930,.T.);
#11230=ORIENTED_EDGE('',*,*,#11220,.F.);
#11240=ORIENTED_EDGE('',*,*,#9410,.T.);
#11250=CARTESIAN_POINT('',(7.70290800000001,-2.22043536645963,
-2.22044604925031E-16));
#11260=DIRECTION('',(0.,0.153440662037049,0.988157863518594));
#11270=VECTOR('',#11260,1.);
#11280=LINE('',#11250,#11270);
#11290=CARTESIAN_POINT('',(7.70290800000001,-1.53720555279503,4.4));
#11300=VERTEX_POINT('',#11290);
#11310=EDGE_CURVE('',#9320,#11300,#11280,.T.);
#11320=ORIENTED_EDGE('',*,*,#11310,.F.);
#11330=CARTESIAN_POINT('',(8.00000000000001,-1.53720555279503,4.4));
#11340=DIRECTION('',(-1.,0.,0.));
#11350=VECTOR('',#11340,1.);
#11360=LINE('',#11330,#11350);
#11370=CARTESIAN_POINT('',(8.40290800000001,-1.53720555279503,4.4));
#11380=VERTEX_POINT('',#11370);
#11390=EDGE_CURVE('',#11380,#11300,#11360,.T.);
#11400=ORIENTED_EDGE('',*,*,#11390,.T.);
#11410=CARTESIAN_POINT('',(8.00000000000001,-1.53720555279503,4.4));
#11420=DIRECTION('',(1.,0.,0.));
#11430=VECTOR('',#11420,1.);
#11440=LINE('',#11410,#11430);
#11450=EDGE_CURVE('',#11380,#7540,#11440,.T.);
#11460=ORIENTED_EDGE('',*,*,#11450,.F.);
#11470=ORIENTED_EDGE('',*,*,#7550,.T.);
#11480=EDGE_LOOP('',(#11470,#11460,#11400,#11320,#11240,#11230,#11210,
#11130,#11050,#10970,#10890,#10880,#10870,#10860,#10850,#10790,#10780,
#10770,#10710,#10630));
#11490=FACE_OUTER_BOUND('',#11480,.T.);
#11500=ADVANCED_FACE('',(#11490),#10550,.T.);
#11510=CARTESIAN_POINT('',(17.5383844044964,0.129892266363553,5.3));
#11520=DIRECTION('',(0.,1.22460635382238E-16,-1.));
#11530=DIRECTION('',(-1.,0.,0.));
#11540=AXIS2_PLACEMENT_3D('',#11510,#11520,#11530);
#11550=PLANE('',#11540);
#11560=CARTESIAN_POINT('',(12.652908,0.,5.3));
#11570=DIRECTION('',(-0.,-1.,0.));
#11580=VECTOR('',#11570,1.);
#11590=LINE('',#11560,#11580);
#11600=CARTESIAN_POINT('',(12.652908,3.502546,5.3));
#11610=VERTEX_POINT('',#11600);
#11620=CARTESIAN_POINT('',(12.652908,-3.697454,5.3));
#11630=VERTEX_POINT('',#11620);
#11640=EDGE_CURVE('',#11610,#11630,#11590,.T.);
#11650=ORIENTED_EDGE('',*,*,#11640,.F.);
#11660=CARTESIAN_POINT('',(11.305816,-3.697454,5.3));
#11670=DIRECTION('',(1.,0.,0.));
#11680=VECTOR('',#11670,1.);
#11690=LINE('',#11660,#11680);
#11700=CARTESIAN_POINT('',(11.602908,-3.697454,5.3));
#11710=VERTEX_POINT('',#11700);
#11720=EDGE_CURVE('',#11710,#11630,#11690,.T.);
#11730=ORIENTED_EDGE('',*,*,#11720,.T.);
#11740=CARTESIAN_POINT('',(11.602908,4.30211422042248E-16,5.3));
#11750=DIRECTION('',(0.,-1.,1.22460635382238E-16));
#11760=VECTOR('',#11750,1.);
#11770=LINE('',#11740,#11760);
#11780=CARTESIAN_POINT('',(11.602908,-3.197454,5.3));
#11790=VERTEX_POINT('',#11780);
#11800=EDGE_CURVE('',#11790,#11710,#11770,.T.);
#11810=ORIENTED_EDGE('',*,*,#11800,.T.);
#11820=CARTESIAN_POINT('',(11.305816,-2.94280371428571,5.3));
#11830=DIRECTION('',(0.759256602365296,-0.650791373455969,
7.96963250946971E-17));
#11840=VECTOR('',#11830,1.);
#11850=LINE('',#11820,#11840);
#11860=CARTESIAN_POINT('',(10.902908,-2.597454,5.3));
#11870=VERTEX_POINT('',#11860);
#11880=EDGE_CURVE('',#11870,#11790,#11850,.T.);
#11890=ORIENTED_EDGE('',*,*,#11880,.T.);
#11900=CARTESIAN_POINT('',(10.902908,4.30211422042248E-16,5.3));
#11910=DIRECTION('',(0.,-1.,1.22460635382238E-16));
#11920=VECTOR('',#11910,1.);
#11930=LINE('',#11900,#11920);
#11940=EDGE_CURVE('',#3890,#11870,#11930,.T.);
#11950=ORIENTED_EDGE('',*,*,#11940,.T.);
#11960=CARTESIAN_POINT('',(10.902908,0.102546000000001,5.3));
#11970=DIRECTION('',(0.,1.,1.22460635382238E-16));
#11980=VECTOR('',#11970,1.);
#11990=LINE('',#11960,#11980);
#12000=EDGE_CURVE('',#3890,#3010,#11990,.T.);
#12010=ORIENTED_EDGE('',*,*,#12000,.F.);
#12020=CARTESIAN_POINT('',(10.902908,-1.53720555279503,5.3));
#12030=VERTEX_POINT('',#12020);
#12040=EDGE_CURVE('',#12030,#3010,#11930,.T.);
#12050=ORIENTED_EDGE('',*,*,#12040,.T.);
#12060=CARTESIAN_POINT('',(11.305816,-1.53720555279503,5.3));
#12070=DIRECTION('',(1.,0.,0.));
#12080=VECTOR('',#12070,1.);
#12090=LINE('',#12060,#12080);
#12100=CARTESIAN_POINT('',(10.402908,-1.53720555279503,5.3));
#12110=VERTEX_POINT('',#12100);
#12120=EDGE_CURVE('',#12110,#12030,#12090,.T.);
#12130=ORIENTED_EDGE('',*,*,#12120,.T.);
#12140=EDGE_CURVE('',#2680,#12110,#7250,.T.);
#12150=ORIENTED_EDGE('',*,*,#12140,.T.);
#12160=ORIENTED_EDGE('',*,*,#5470,.F.);
#12170=ORIENTED_EDGE('',*,*,#7260,.T.);
#12180=CARTESIAN_POINT('',(12.567453,4.30211422042248E-16,5.3));
#12190=DIRECTION('',(0.64018439966448,0.768221279597376,
-9.40768660136503E-17));
#12200=VECTOR('',#12190,1.);
#12210=LINE('',#12180,#12200);
#12220=CARTESIAN_POINT('',(9.902908,-3.197454,5.3));
#12230=VERTEX_POINT('',#12220);
#12240=EDGE_CURVE('',#12230,#7190,#12210,.T.);
#12250=ORIENTED_EDGE('',*,*,#12240,.T.);
#12260=CARTESIAN_POINT('',(7.70290800000001,-3.197454,5.3));
#12270=DIRECTION('',(1.,0.,0.));
#12280=VECTOR('',#12270,1.);
#12290=LINE('',#12260,#12280);
#12300=CARTESIAN_POINT('',(9.40290800000001,-3.197454,5.3));
#12310=VERTEX_POINT('',#12300);
#12320=EDGE_CURVE('',#12310,#12230,#12290,.T.);
#12330=ORIENTED_EDGE('',*,*,#12320,.T.);
#12340=CARTESIAN_POINT('',(6.73836300000001,0.,5.3));
#12350=DIRECTION('',(-0.64018439966448,0.768221279597376,0.));
#12360=VECTOR('',#12350,1.);
#12370=LINE('',#12340,#12360);
#12380=CARTESIAN_POINT('',(8.90290800000001,-2.597454,5.3));
#12390=VERTEX_POINT('',#12380);
#12400=EDGE_CURVE('',#12310,#12390,#12370,.T.);
#12410=ORIENTED_EDGE('',*,*,#12400,.F.);
#12420=CARTESIAN_POINT('',(8.90290800000001,0.,5.3));
#12430=DIRECTION('',(0.,1.,0.));
#12440=VECTOR('',#12430,1.);
#12450=LINE('',#12420,#12440);
#12460=CARTESIAN_POINT('',(8.902908,-2.497454,5.3));
#12470=VERTEX_POINT('',#12460);
#12480=EDGE_CURVE('',#12390,#12470,#12450,.T.);
#12490=ORIENTED_EDGE('',*,*,#12480,.F.);
#12500=CARTESIAN_POINT('',(8.902908,0.102546000000001,5.3));
#12510=DIRECTION('',(-0.,-1.,-1.22460635382238E-16));
#12520=VECTOR('',#12510,1.);
#12530=LINE('',#12500,#12520);
#12540=CARTESIAN_POINT('',(8.902908,-1.947454,5.3));
#12550=VERTEX_POINT('',#12540);
#12560=EDGE_CURVE('',#12550,#12470,#12530,.T.);
#12570=ORIENTED_EDGE('',*,*,#12560,.T.);
#12580=CARTESIAN_POINT('',(8.90290800000001,-1.53720555279503,5.3));
#12590=VERTEX_POINT('',#12580);
#12600=EDGE_CURVE('',#12550,#12590,#12450,.T.);
#12610=ORIENTED_EDGE('',*,*,#12600,.F.);
#12620=CARTESIAN_POINT('',(8.00000000000001,-1.53720555279503,5.3));
#12630=DIRECTION('',(-1.,0.,0.));
#12640=VECTOR('',#12630,1.);
#12650=LINE('',#12620,#12640);
#12660=CARTESIAN_POINT('',(8.40290800000001,-1.53720555279503,5.3));
#12670=VERTEX_POINT('',#12660);
#12680=EDGE_CURVE('',#12590,#12670,#12650,.T.);
#12690=ORIENTED_EDGE('',*,*,#12680,.F.);
#12700=CARTESIAN_POINT('',(8.40290800000001,0.,5.3));
#12710=DIRECTION('',(-0.,-1.,0.));
#12720=VECTOR('',#12710,1.);
#12730=LINE('',#12700,#12720);
#12740=CARTESIAN_POINT('',(8.402908,-1.947454,5.3));
#12750=VERTEX_POINT('',#12740);
#12760=EDGE_CURVE('',#12670,#12750,#12730,.T.);
#12770=ORIENTED_EDGE('',*,*,#12760,.F.);
#12780=CARTESIAN_POINT('',(8.402908,0.102546000000001,5.3));
#12790=DIRECTION('',(0.,1.,1.22460635382238E-16));
#12800=VECTOR('',#12790,1.);
#12810=LINE('',#12780,#12800);
#12820=CARTESIAN_POINT('',(8.402908,-2.497454,5.3));
#12830=VERTEX_POINT('',#12820);
#12840=EDGE_CURVE('',#12830,#12750,#12810,.T.);
#12850=ORIENTED_EDGE('',*,*,#12840,.T.);
#12860=CARTESIAN_POINT('',(8.40290800000001,-2.597454,5.3));
#12870=VERTEX_POINT('',#12860);
#12880=EDGE_CURVE('',#12830,#12870,#12730,.T.);
#12890=ORIENTED_EDGE('',*,*,#12880,.F.);
#12900=CARTESIAN_POINT('',(8.00000000000001,-2.94280371428571,5.3));
#12910=DIRECTION('',(-0.759256602365296,-0.650791373455969,0.));
#12920=VECTOR('',#12910,1.);
#12930=LINE('',#12900,#12920);
#12940=CARTESIAN_POINT('',(7.70290800000001,-3.197454,5.3));
#12950=VERTEX_POINT('',#12940);
#12960=EDGE_CURVE('',#12870,#12950,#12930,.T.);
#12970=ORIENTED_EDGE('',*,*,#12960,.F.);
#12980=CARTESIAN_POINT('',(7.70290800000001,0.,5.3));
#12990=DIRECTION('',(-0.,-1.,0.));
#13000=VECTOR('',#12990,1.);
#13010=LINE('',#12980,#13000);
#13020=CARTESIAN_POINT('',(7.70290800000001,-3.697454,5.3));
#13030=VERTEX_POINT('',#13020);
#13040=EDGE_CURVE('',#12950,#13030,#13010,.T.);
#13050=ORIENTED_EDGE('',*,*,#13040,.F.);
#13060=CARTESIAN_POINT('',(8.00000000000001,-3.697454,5.3));
#13070=DIRECTION('',(-1.,0.,0.));
#13080=VECTOR('',#13070,1.);
#13090=LINE('',#13060,#13080);
#13100=CARTESIAN_POINT('',(6.65290800000001,-3.697454,5.3));
#13110=VERTEX_POINT('',#13100);
#13120=EDGE_CURVE('',#13030,#13110,#13090,.T.);
#13130=ORIENTED_EDGE('',*,*,#13120,.F.);
#13140=CARTESIAN_POINT('',(6.65290800000001,-4.30211422042248E-16,5.3));
#13150=DIRECTION('',(-0.,-1.,-1.22460635382238E-16));
#13160=VECTOR('',#13150,1.);
#13170=LINE('',#13140,#13160);
#13180=CARTESIAN_POINT('',(6.65290800000001,3.502546,5.3));
#13190=VERTEX_POINT('',#13180);
#13200=EDGE_CURVE('',#13190,#13110,#13170,.T.);
#13210=ORIENTED_EDGE('',*,*,#13200,.T.);
#13220=CARTESIAN_POINT('',(19.305816,3.502546,5.3));
#13230=DIRECTION('',(-1.,0.,0.));
#13240=VECTOR('',#13230,1.);
#13250=LINE('',#13220,#13240);
#13260=EDGE_CURVE('',#11610,#13190,#13250,.T.);
#13270=ORIENTED_EDGE('',*,*,#13260,.T.);
#13280=EDGE_LOOP('',(#13270,#13210,#13130,#13050,#12970,#12890,#12850,
#12770,#12690,#12610,#12570,#12490,#12410,#12330,#12250,#12170,#12160,
#12150,#12130,#12050,#12010,#11950,#11890,#11810,#11730,#11650));
#13290=FACE_OUTER_BOUND('',#13280,.T.);
#13300=ADVANCED_FACE('',(#13290),#11550,.F.);
#13310=CARTESIAN_POINT('',(10.402908,-2.597454,4.4));
#13320=DIRECTION('',(0.768221279597376,-0.64018439966448,
3.78065322500538E-16));
#13330=DIRECTION('',(0.64018439966448,0.768221279597376,
-4.53678387000646E-16));
#13340=AXIS2_PLACEMENT_3D('',#13310,#13320,#13330);
#13350=PLANE('',#13340);
#13360=CARTESIAN_POINT('',(9.902908,-3.197454,0.));
#13370=DIRECTION('',(-3.90080230936697E-16,1.22460635382238E-16,1.));
#13380=VECTOR('',#13370,1.);
#13390=LINE('',#13360,#13380);
#13400=EDGE_CURVE('',#7900,#12230,#13390,.T.);
#13410=ORIENTED_EDGE('',*,*,#13400,.F.);
#13420=ORIENTED_EDGE('',*,*,#12240,.F.);
#13430=ORIENTED_EDGE('',*,*,#7200,.T.);
#13440=ORIENTED_EDGE('',*,*,#7970,.F.);
#13450=EDGE_LOOP('',(#13440,#13430,#13420,#13410));
#13460=FACE_OUTER_BOUND('',#13450,.T.);
#13470=ADVANCED_FACE('',(#13460),#13350,.T.);
#13480=CARTESIAN_POINT('',(11.602908,-3.197454,4.4));
#13490=DIRECTION('',(0.,1.,-1.22460635382238E-16));
#13500=DIRECTION('',(0.,1.22460635382238E-16,1.));
#13510=AXIS2_PLACEMENT_3D('',#13480,#13490,#13500);
#13520=PLANE('',#13510);
#13530=CARTESIAN_POINT('',(9.40290800000001,-3.197454,
-2.22044604925031E-16));
#13540=DIRECTION('',(3.90080230936697E-16,0.,1.));
#13550=VECTOR('',#13540,1.);
#13560=LINE('',#13530,#13550);
#13570=EDGE_CURVE('',#7820,#12310,#13560,.T.);
#13580=ORIENTED_EDGE('',*,*,#13570,.F.);
#13590=ORIENTED_EDGE('',*,*,#12320,.F.);
#13600=ORIENTED_EDGE('',*,*,#13400,.T.);
#13610=ORIENTED_EDGE('',*,*,#7910,.T.);
#13620=EDGE_LOOP('',(#13610,#13600,#13590,#13580));
#13630=FACE_OUTER_BOUND('',#13620,.T.);
#13640=ADVANCED_FACE('',(#13630),#13520,.F.);
#13650=CARTESIAN_POINT('',(8.90290800000001,-2.597454,4.4));
#13660=DIRECTION('',(0.768221279597376,0.64018439966448,
-2.9966793415583E-16));
#13670=DIRECTION('',(-0.64018439966448,0.768221279597376,
-3.59601520986995E-16));
#13680=AXIS2_PLACEMENT_3D('',#13650,#13660,#13670);
#13690=PLANE('',#13680);
#13700=ORIENTED_EDGE('',*,*,#7830,.T.);
#13710=CARTESIAN_POINT('',(8.90290800000001,-2.597454,4.4));
#13720=DIRECTION('',(0.,4.68096277124037E-16,1.));
#13730=VECTOR('',#13720,1.);
#13740=LINE('',#13710,#13730);
#13750=EDGE_CURVE('',#7740,#12390,#13740,.T.);
#13760=ORIENTED_EDGE('',*,*,#13750,.F.);
#13770=ORIENTED_EDGE('',*,*,#12400,.T.);
#13780=ORIENTED_EDGE('',*,*,#13570,.T.);
#13790=EDGE_LOOP('',(#13780,#13770,#13760,#13700));
#13800=FACE_OUTER_BOUND('',#13790,.T.);
#13810=ADVANCED_FACE('',(#13800),#13690,.F.);
#13820=CARTESIAN_POINT('',(8.40290800000001,-1.53720555279503,4.4));
#13830=DIRECTION('',(0.,1.,-4.68096277124037E-16));
#13840=DIRECTION('',(-1.,0.,0.));
#13850=AXIS2_PLACEMENT_3D('',#13820,#13830,#13840);
#13860=PLANE('',#13850);
#13870=ORIENTED_EDGE('',*,*,#11450,.T.);
#13880=CARTESIAN_POINT('',(8.40290800000001,-1.53720555279503,4.4));
#13890=DIRECTION('',(0.,4.68096277124037E-16,1.));
#13900=VECTOR('',#13890,1.);
#13910=LINE('',#13880,#13900);
#13920=EDGE_CURVE('',#11380,#12670,#13910,.T.);
#13930=ORIENTED_EDGE('',*,*,#13920,.F.);
#13940=ORIENTED_EDGE('',*,*,#12680,.T.);
#13950=CARTESIAN_POINT('',(8.90290800000001,-1.53720555279503,4.4));
#13960=DIRECTION('',(0.,4.68096277124037E-16,1.));
#13970=VECTOR('',#13960,1.);
#13980=LINE('',#13950,#13970);
#13990=EDGE_CURVE('',#7540,#12590,#13980,.T.);
#14000=ORIENTED_EDGE('',*,*,#13990,.T.);
#14010=EDGE_LOOP('',(#14000,#13940,#13930,#13870));
#14020=FACE_OUTER_BOUND('',#14010,.T.);
#14030=ADVANCED_FACE('',(#14020),#13860,.F.);
#14040=CARTESIAN_POINT('',(8.40290800000001,-2.597454,4.4));
#14050=DIRECTION('',(-1.,0.,0.));
#14060=DIRECTION('',(0.,-1.,4.68096277124037E-16));
#14070=AXIS2_PLACEMENT_3D('',#14040,#14050,#14060);
#14080=PLANE('',#14070);
#14090=CARTESIAN_POINT('',(8.40290800000001,0.,4.4));
#14100=DIRECTION('',(0.,1.,-4.68096277124037E-16));
#14110=VECTOR('',#14100,1.);
#14120=LINE('',#14090,#14110);
#14130=CARTESIAN_POINT('',(8.402908,-1.947454,4.4));
#14140=VERTEX_POINT('',#14130);
#14150=EDGE_CURVE('',#14140,#11380,#14120,.T.);
#14160=ORIENTED_EDGE('',*,*,#14150,.T.);
#14170=CARTESIAN_POINT('',(8.40290800000001,-1.947454,1.797496891206));
#14180=DIRECTION('',(0.,1.22460635382238E-16,1.));
#14190=VECTOR('',#14180,1.);
#14200=LINE('',#14170,#14190);
#14210=EDGE_CURVE('',#14140,#12750,#14200,.T.);
#14220=ORIENTED_EDGE('',*,*,#14210,.F.);
#14230=ORIENTED_EDGE('',*,*,#12760,.T.);
#14240=ORIENTED_EDGE('',*,*,#13920,.T.);
#14250=EDGE_LOOP('',(#14240,#14230,#14220,#14160));
#14260=FACE_OUTER_BOUND('',#14250,.T.);
#14270=ADVANCED_FACE('',(#14260),#14080,.F.);
#14280=CARTESIAN_POINT('',(8.90290800000001,-1.53720555279503,4.4));
#14290=DIRECTION('',(1.,-0.,0.));
#14300=DIRECTION('',(0.,1.,-4.68096277124037E-16));
#14310=AXIS2_PLACEMENT_3D('',#14280,#14290,#14300);
#14320=PLANE('',#14310);
#14330=ORIENTED_EDGE('',*,*,#7750,.T.);
#14340=CARTESIAN_POINT('',(8.90290800000001,-2.497454,1.797496891206));
#14350=DIRECTION('',(0.,-1.22460635382238E-16,-1.));
#14360=VECTOR('',#14350,1.);
#14370=LINE('',#14340,#14360);
#14380=EDGE_CURVE('',#12470,#7700,#14370,.T.);
#14390=ORIENTED_EDGE('',*,*,#14380,.T.);
#14400=ORIENTED_EDGE('',*,*,#12480,.T.);
#14410=ORIENTED_EDGE('',*,*,#13750,.T.);
#14420=EDGE_LOOP('',(#14410,#14400,#14390,#14330));
#14430=FACE_OUTER_BOUND('',#14420,.T.);
#14440=ADVANCED_FACE('',(#14430),#14320,.F.);
#14450=CARTESIAN_POINT('',(7.70290800000001,-3.197454,-0.200002400000002
));
#14460=DIRECTION('',(-1.,0.,0.));
#14470=DIRECTION('',(0.,1.,0.));
#14480=AXIS2_PLACEMENT_3D('',#14450,#14460,#14470);
#14490=PLANE('',#14480);
#14500=ORIENTED_EDGE('',*,*,#11310,.T.);
#14510=ORIENTED_EDGE('',*,*,#9330,.F.);
#14520=CARTESIAN_POINT('',(7.70290800000001,0.,1.32));
#14530=DIRECTION('',(0.,1.,-2.46716227694479E-16));
#14540=VECTOR('',#14530,1.);
#14550=LINE('',#14520,#14540);
#14560=CARTESIAN_POINT('',(7.70290800000001,-3.397454,1.32));
#14570=VERTEX_POINT('',#14560);
#14580=EDGE_CURVE('',#14570,#9240,#14550,.T.);
#14590=ORIENTED_EDGE('',*,*,#14580,.T.);
#14600=CARTESIAN_POINT('',(7.70290800000001,-3.397454,1.62));
#14610=DIRECTION('',(-1.,0.,0.));
#14620=DIRECTION('',(0.,1.,0.));
#14630=AXIS2_PLACEMENT_3D('',#14600,#14610,#14620);
#14640=CIRCLE('',#14630,0.3);
#14650=CARTESIAN_POINT('',(7.70290800000001,-3.697454,1.62));
#14660=VERTEX_POINT('',#14650);
#14670=EDGE_CURVE('',#14570,#14660,#14640,.T.);
#14680=ORIENTED_EDGE('',*,*,#14670,.F.);
#14690=CARTESIAN_POINT('',(7.70290800000001,-3.697454,0.3));
#14700=DIRECTION('',(0.,2.47613706159481E-16,1.));
#14710=VECTOR('',#14700,1.);
#14720=LINE('',#14690,#14710);
#14730=EDGE_CURVE('',#14660,#13030,#14720,.T.);
#14740=ORIENTED_EDGE('',*,*,#14730,.F.);
#14750=ORIENTED_EDGE('',*,*,#13040,.T.);
#14760=CARTESIAN_POINT('',(7.70290800000001,-3.197454,
-2.22044604925031E-16));
#14770=DIRECTION('',(-0.,-4.68096277124037E-16,-1.));
#14780=VECTOR('',#14770,1.);
#14790=LINE('',#14760,#14780);
#14800=CARTESIAN_POINT('',(7.70290800000001,-3.197454,4.4));
#14810=VERTEX_POINT('',#14800);
#14820=EDGE_CURVE('',#12950,#14810,#14790,.T.);
#14830=ORIENTED_EDGE('',*,*,#14820,.F.);
#14840=CARTESIAN_POINT('',(7.70290800000001,0.,4.4));
#14850=DIRECTION('',(0.,-1.,4.68096277124037E-16));
#14860=VECTOR('',#14850,1.);
#14870=LINE('',#14840,#14860);
#14880=EDGE_CURVE('',#11300,#14810,#14870,.T.);
#14890=ORIENTED_EDGE('',*,*,#14880,.T.);
#14900=EDGE_LOOP('',(#14890,#14830,#14750,#14740,#14680,#14590,#14510,
#14500));
#14910=FACE_OUTER_BOUND('',#14900,.T.);
#14920=ADVANCED_FACE('',(#14910),#14490,.F.);
#14930=CARTESIAN_POINT('',(7.70290800000001,-3.197454,4.4));
#14940=DIRECTION('',(-0.650791373455969,0.759256602365296,
-3.5540518894904E-16));
#14950=DIRECTION('',(-0.759256602365296,-0.650791373455969,
3.04633019099178E-16));
#14960=AXIS2_PLACEMENT_3D('',#14930,#14940,#14950);
#14970=PLANE('',#14960);
#14980=CARTESIAN_POINT('',(8.00000000000001,-2.94280371428571,4.4));
#14990=DIRECTION('',(0.759256602365296,0.650791373455969,
-3.05311331771918E-16));
#15000=VECTOR('',#14990,1.);
#15010=LINE('',#14980,#15000);
#15020=CARTESIAN_POINT('',(8.40290800000001,-2.597454,4.4));
#15030=VERTEX_POINT('',#15020);
#15040=EDGE_CURVE('',#14810,#15030,#15010,.T.);
#15050=ORIENTED_EDGE('',*,*,#15040,.T.);
#15060=ORIENTED_EDGE('',*,*,#14820,.T.);
#15070=ORIENTED_EDGE('',*,*,#12960,.T.);
#15080=CARTESIAN_POINT('',(8.40290800000001,-2.597454,4.4));
#15090=DIRECTION('',(0.,4.68096277124037E-16,1.));
#15100=VECTOR('',#15090,1.);
#15110=LINE('',#15080,#15100);
#15120=EDGE_CURVE('',#15030,#12870,#15110,.T.);
#15130=ORIENTED_EDGE('',*,*,#15120,.T.);
#15140=EDGE_LOOP('',(#15130,#15070,#15060,#15050));
#15150=FACE_OUTER_BOUND('',#15140,.T.);
#15160=ADVANCED_FACE('',(#15150),#14970,.F.);
#15170=CARTESIAN_POINT('',(7.70290800000001,-1.53720555279503,4.4));
#15180=DIRECTION('',(-0.,-4.68096277124037E-16,-1.));
#15190=DIRECTION('',(0.,-1.,4.68096277124037E-16));
#15200=AXIS2_PLACEMENT_3D('',#15170,#15180,#15190);
#15210=PLANE('',#15200);
#15220=ORIENTED_EDGE('',*,*,#15040,.F.);
#15230=CARTESIAN_POINT('',(8.402908,-2.497454,4.4));
#15240=VERTEX_POINT('',#15230);
#15250=EDGE_CURVE('',#15030,#15240,#14120,.T.);
#15260=ORIENTED_EDGE('',*,*,#15250,.F.);
#15270=CARTESIAN_POINT('',(8.402908,0.102546000000001,4.4));
#15280=DIRECTION('',(0.,1.,-4.68096277124037E-16));
#15290=VECTOR('',#15280,1.);
#15300=LINE('',#15270,#15290);
#15310=EDGE_CURVE('',#15240,#14140,#15300,.T.);
#15320=ORIENTED_EDGE('',*,*,#15310,.F.);
#15330=ORIENTED_EDGE('',*,*,#14150,.F.);
#15340=ORIENTED_EDGE('',*,*,#11390,.F.);
#15350=ORIENTED_EDGE('',*,*,#14880,.F.);
#15360=EDGE_LOOP('',(#15350,#15340,#15330,#15320,#15260,#15220));
#15370=FACE_OUTER_BOUND('',#15360,.T.);
#15380=ADVANCED_FACE('',(#15370),#15210,.T.);
#15390=CARTESIAN_POINT('',(9.03290800000001,-1.897454,2.08));
#15400=DIRECTION('',(-1.,0.,0.));
#15410=DIRECTION('',(0.,2.47613706159481E-16,1.));
#15420=AXIS2_PLACEMENT_3D('',#15390,#15400,#15410);
#15430=PLANE('',#15420);
#15440=CARTESIAN_POINT('',(9.03290800000001,-1.897454,1.32));
#15450=DIRECTION('',(0.,1.,-2.47613706159481E-16));
#15460=VECTOR('',#15450,1.);
#15470=LINE('',#15440,#15460);
#15480=CARTESIAN_POINT('',(9.03290800000001,-1.497454,1.32));
#15490=VERTEX_POINT('',#15480);
#15500=EDGE_CURVE('',#9560,#15490,#15470,.T.);
#15510=ORIENTED_EDGE('',*,*,#15500,.F.);
#15520=CARTESIAN_POINT('',(9.03290800000001,-1.497454,1.32));
#15530=DIRECTION('',(0.,2.47613706159481E-16,1.));
#15540=VECTOR('',#15530,1.);
#15550=LINE('',#15520,#15540);
#15560=CARTESIAN_POINT('',(9.03290800000001,-1.497454,2.08));
#15570=VERTEX_POINT('',#15560);
#15580=EDGE_CURVE('',#15490,#15570,#15550,.T.);
#15590=ORIENTED_EDGE('',*,*,#15580,.F.);
#15600=CARTESIAN_POINT('',(9.03290800000001,-1.897454,2.08));
#15610=DIRECTION('',(0.,1.,-2.47613706159481E-16));
#15620=VECTOR('',#15610,1.);
#15630=LINE('',#15600,#15620);
#15640=EDGE_CURVE('',#9640,#15570,#15630,.T.);
#15650=ORIENTED_EDGE('',*,*,#15640,.T.);
#15660=ORIENTED_EDGE('',*,*,#9650,.T.);
#15670=EDGE_LOOP('',(#15660,#15650,#15590,#15510));
#15680=FACE_OUTER_BOUND('',#15670,.T.);
#15690=ADVANCED_FACE('',(#15680),#15430,.T.);
#15700=CARTESIAN_POINT('',(9.03290800000001,-1.897454,1.32));
#15710=DIRECTION('',(-0.,2.47613706159481E-16,1.));
#15720=DIRECTION('',(1.,0.,0.));
#15730=AXIS2_PLACEMENT_3D('',#15700,#15710,#15720);
#15740=PLANE('',#15730);
#15750=CARTESIAN_POINT('',(8.27290800000002,-1.897454,1.32));
#15760=DIRECTION('',(0.,1.,-2.47613706159481E-16));
#15770=VECTOR('',#15760,1.);
#15780=LINE('',#15750,#15770);
#15790=CARTESIAN_POINT('',(8.27290800000002,-1.497454,1.32));
#15800=VERTEX_POINT('',#15790);
#15810=EDGE_CURVE('',#9480,#15800,#15780,.T.);
#15820=ORIENTED_EDGE('',*,*,#15810,.F.);
#15830=CARTESIAN_POINT('',(8.27290800000002,-1.497454,1.32));
#15840=DIRECTION('',(1.,0.,0.));
#15850=VECTOR('',#15840,1.);
#15860=LINE('',#15830,#15850);
#15870=EDGE_CURVE('',#15800,#15490,#15860,.T.);
#15880=ORIENTED_EDGE('',*,*,#15870,.F.);
#15890=ORIENTED_EDGE('',*,*,#15500,.T.);
#15900=ORIENTED_EDGE('',*,*,#9570,.T.);
#15910=EDGE_LOOP('',(#15900,#15890,#15880,#15820));
#15920=FACE_OUTER_BOUND('',#15910,.T.);
#15930=ADVANCED_FACE('',(#15920),#15740,.T.);
#15940=CARTESIAN_POINT('',(8.27290800000002,-1.897454,2.08));
#15950=DIRECTION('',(-0.,-2.47613706159481E-16,-1.));
#15960=DIRECTION('',(-1.,0.,0.));
#15970=AXIS2_PLACEMENT_3D('',#15940,#15950,#15960);
#15980=PLANE('',#15970);
#15990=CARTESIAN_POINT('',(8.27290800000002,-1.897454,2.08));
#16000=DIRECTION('',(0.,1.,-2.47613706159481E-16));
#16010=VECTOR('',#16000,1.);
#16020=LINE('',#15990,#16010);
#16030=CARTESIAN_POINT('',(8.27290800000002,-1.497454,2.08));
#16040=VERTEX_POINT('',#16030);
#16050=EDGE_CURVE('',#9400,#16040,#16020,.T.);
#16060=ORIENTED_EDGE('',*,*,#16050,.T.);
#16070=ORIENTED_EDGE('',*,*,#11220,.T.);
#16080=CARTESIAN_POINT('',(8.402908,0.102546,2.08));
#16090=DIRECTION('',(0.,1.,-2.47613706159481E-16));
#16100=VECTOR('',#16090,1.);
#16110=LINE('',#16080,#16100);
#16120=CARTESIAN_POINT('',(8.402908,-1.89463814188617,2.08));
#16130=VERTEX_POINT('',#16120);
#16140=EDGE_CURVE('',#11190,#16130,#16110,.T.);
#16150=ORIENTED_EDGE('',*,*,#16140,.F.);
#16160=CARTESIAN_POINT('',(8.652908,-1.89463814188617,2.08));
#16170=DIRECTION('',(1.,0.,0.));
#16180=VECTOR('',#16170,1.);
#16190=LINE('',#16160,#16180);
#16200=CARTESIAN_POINT('',(8.902908,-1.89463814188617,2.08));
#16210=VERTEX_POINT('',#16200);
#16220=EDGE_CURVE('',#16130,#16210,#16190,.T.);
#16230=ORIENTED_EDGE('',*,*,#16220,.F.);
#16240=CARTESIAN_POINT('',(8.902908,0.102546,2.08));
#16250=DIRECTION('',(0.,-1.,2.47613706159481E-16));
#16260=VECTOR('',#16250,1.);
#16270=LINE('',#16240,#16260);
#16280=EDGE_CURVE('',#16210,#10950,#16270,.T.);
#16290=ORIENTED_EDGE('',*,*,#16280,.F.);
#16300=ORIENTED_EDGE('',*,*,#10960,.T.);
#16310=ORIENTED_EDGE('',*,*,#15640,.F.);
#16320=CARTESIAN_POINT('',(9.03290800000001,-1.497454,2.08));
#16330=DIRECTION('',(-1.,0.,0.));
#16340=VECTOR('',#16330,1.);
#16350=LINE('',#16320,#16340);
#16360=EDGE_CURVE('',#15570,#16040,#16350,.T.);
#16370=ORIENTED_EDGE('',*,*,#16360,.F.);
#16380=EDGE_LOOP('',(#16370,#16310,#16300,#16290,#16230,#16150,#16070,
#16060));
#16390=FACE_OUTER_BOUND('',#16380,.T.);
#16400=ADVANCED_FACE('',(#16390),#15980,.T.);
#16410=CARTESIAN_POINT('',(8.27290800000002,-1.897454,1.32));
#16420=DIRECTION('',(1.,-0.,0.));
#16430=DIRECTION('',(-0.,-2.47613706159481E-16,-1.));
#16440=AXIS2_PLACEMENT_3D('',#16410,#16420,#16430);
#16450=PLANE('',#16440);
#16460=ORIENTED_EDGE('',*,*,#16050,.F.);
#16470=CARTESIAN_POINT('',(8.27290800000002,-1.497454,2.08));
#16480=DIRECTION('',(-0.,-2.47613706159481E-16,-1.));
#16490=VECTOR('',#16480,1.);
#16500=LINE('',#16470,#16490);
#16510=EDGE_CURVE('',#16040,#15800,#16500,.T.);
#16520=ORIENTED_EDGE('',*,*,#16510,.F.);
#16530=ORIENTED_EDGE('',*,*,#15810,.T.);
#16540=ORIENTED_EDGE('',*,*,#9490,.T.);
#16550=EDGE_LOOP('',(#16540,#16530,#16520,#16460));
#16560=FACE_OUTER_BOUND('',#16550,.T.);
#16570=ADVANCED_FACE('',(#16560),#16450,.T.);
#16580=CARTESIAN_POINT('',(9.97082072675352,-1.497454,1.41853756607869))
;
#16590=DIRECTION('',(0.,1.,-2.47613706159481E-16));
#16600=DIRECTION('',(-1.,0.,0.));
#16610=AXIS2_PLACEMENT_3D('',#16580,#16590,#16600);
#16620=PLANE('',#16610);
#16630=ORIENTED_EDGE('',*,*,#16510,.T.);
#16640=ORIENTED_EDGE('',*,*,#16360,.T.);
#16650=ORIENTED_EDGE('',*,*,#15580,.T.);
#16660=ORIENTED_EDGE('',*,*,#15870,.T.);
#16670=EDGE_LOOP('',(#16660,#16650,#16640,#16630));
#16680=FACE_OUTER_BOUND('',#16670,.T.);
#16690=CARTESIAN_POINT('',(11.3195603445133,-1.497454,1.45));
#16700=DIRECTION('',(-1.,0.,0.));
#16710=VECTOR('',#16700,1.);
#16720=LINE('',#16690,#16710);
#16730=CARTESIAN_POINT('',(8.902908,-1.497454,1.45));
#16740=VERTEX_POINT('',#16730);
#16750=CARTESIAN_POINT('',(8.402908,-1.497454,1.45));
#16760=VERTEX_POINT('',#16750);
#16770=EDGE_CURVE('',#16740,#16760,#16720,.T.);
#16780=ORIENTED_EDGE('',*,*,#16770,.T.);
#16790=CARTESIAN_POINT('',(8.902908,-1.497454,1.797496891206));
#16800=DIRECTION('',(-0.,-2.47613706159481E-16,-1.));
#16810=VECTOR('',#16800,1.);
#16820=LINE('',#16790,#16810);
#16830=CARTESIAN_POINT('',(8.902908,-1.497454,1.95));
#16840=VERTEX_POINT('',#16830);
#16850=EDGE_CURVE('',#16840,#16740,#16820,.T.);
#16860=ORIENTED_EDGE('',*,*,#16850,.T.);
#16870=CARTESIAN_POINT('',(11.3195603445133,-1.497454,1.95));
#16880=DIRECTION('',(1.,0.,0.));
#16890=VECTOR('',#16880,1.);
#16900=LINE('',#16870,#16890);
#16910=CARTESIAN_POINT('',(8.402908,-1.497454,1.95));
#16920=VERTEX_POINT('',#16910);
#16930=EDGE_CURVE('',#16920,#16840,#16900,.T.);
#16940=ORIENTED_EDGE('',*,*,#16930,.T.);
#16950=CARTESIAN_POINT('',(8.402908,-1.497454,1.797496891206));
#16960=DIRECTION('',(0.,2.47613706159481E-16,1.));
#16970=VECTOR('',#16960,1.);
#16980=LINE('',#16950,#16970);
#16990=EDGE_CURVE('',#16760,#16920,#16980,.T.);
#17000=ORIENTED_EDGE('',*,*,#16990,.T.);
#17010=EDGE_LOOP('',(#17000,#16940,#16860,#16780));
#17020=FACE_BOUND('',#17010,.T.);
#17030=ADVANCED_FACE('',(#16680,#17020),#16620,.F.);
#17040=CARTESIAN_POINT('',(8.902908,0.0525460000000002,1.45));
#17050=DIRECTION('',(-0.,-1.22460635382238E-16,-1.));
#17060=DIRECTION('',(-1.,0.,0.));
#17070=AXIS2_PLACEMENT_3D('',#17040,#17050,#17060);
#17080=PLANE('',#17070);
#17090=CARTESIAN_POINT('',(8.902908,0.802546000000001,1.45));
#17100=DIRECTION('',(-0.,-1.,0.));
#17110=VECTOR('',#17100,1.);
#17120=LINE('',#17090,#17110);
#17130=CARTESIAN_POINT('',(8.902908,0.102546,1.45));
#17140=VERTEX_POINT('',#17130);
#17150=EDGE_CURVE('',#6500,#17140,#17120,.T.);
#17160=ORIENTED_EDGE('',*,*,#17150,.T.);
#17170=CARTESIAN_POINT('',(9.31956034451327,2.802546,1.45));
#17180=DIRECTION('',(-1.,0.,0.));
#17190=VECTOR('',#17180,1.);
#17200=LINE('',#17170,#17190);
#17210=EDGE_CURVE('',#6500,#5620,#17200,.T.);
#17220=ORIENTED_EDGE('',*,*,#17210,.F.);
#17230=ORIENTED_EDGE('',*,*,#5650,.F.);
#17240=CARTESIAN_POINT('',(11.3195603445133,0.102546,1.45));
#17250=DIRECTION('',(1.,0.,0.));
#17260=VECTOR('',#17250,1.);
#17270=LINE('',#17240,#17260);
#17280=EDGE_CURVE('',#5640,#17140,#17270,.T.);
#17290=ORIENTED_EDGE('',*,*,#17280,.F.);
#17300=EDGE_LOOP('',(#17290,#17230,#17220,#17160));
#17310=FACE_OUTER_BOUND('',#17300,.T.);
#17320=ADVANCED_FACE('',(#17310),#17080,.T.);
#17330=CARTESIAN_POINT('',(6.45290800000001,-2.397454,3.6));
#17340=DIRECTION('',(0.,2.47613706159481E-16,1.));
#17350=DIRECTION('',(-1.,0.,0.));
#17360=AXIS2_PLACEMENT_3D('',#17330,#17340,#17350);
#17370=PLANE('',#17360);
#17380=CARTESIAN_POINT('',(7.35290800000001,0.,3.6));
#17390=DIRECTION('',(-0.,-1.,-1.22460635382238E-16));
#17400=VECTOR('',#17390,1.);
#17410=LINE('',#17380,#17400);
#17420=CARTESIAN_POINT('',(7.35290800000001,1.902546,3.6));
#17430=VERTEX_POINT('',#17420);
#17440=CARTESIAN_POINT('',(7.35290800000001,-0.797454,3.6));
#17450=VERTEX_POINT('',#17440);
#17460=EDGE_CURVE('',#17430,#17450,#17410,.T.);
#17470=ORIENTED_EDGE('',*,*,#17460,.T.);
#17480=CARTESIAN_POINT('',(8.00000000000001,1.902546,3.6));
#17490=DIRECTION('',(1.,0.,0.));
#17500=VECTOR('',#17490,1.);
#17510=LINE('',#17480,#17500);
#17520=CARTESIAN_POINT('',(6.65290800000001,1.902546,3.6));
#17530=VERTEX_POINT('',#17520);
#17540=EDGE_CURVE('',#17530,#17430,#17510,.T.);
#17550=ORIENTED_EDGE('',*,*,#17540,.T.);
#17560=CARTESIAN_POINT('',(6.65290800000001,-2.22044604925031E-16,3.6));
#17570=DIRECTION('',(0.,1.,-2.47613706159481E-16));
#17580=VECTOR('',#17570,1.);
#17590=LINE('',#17560,#17580);
#17600=CARTESIAN_POINT('',(6.65290800000001,-3.697454,3.6));
#17610=VERTEX_POINT('',#17600);
#17620=EDGE_CURVE('',#17610,#17530,#17590,.T.);
#17630=ORIENTED_EDGE('',*,*,#17620,.T.);
#17640=CARTESIAN_POINT('',(8.00000000000001,-3.697454,3.6));
#17650=DIRECTION('',(-1.,0.,0.));
#17660=VECTOR('',#17650,1.);
#17670=LINE('',#17640,#17660);
#17680=CARTESIAN_POINT('',(7.35290800000001,-3.697454,3.6));
#17690=VERTEX_POINT('',#17680);
#17700=EDGE_CURVE('',#17690,#17610,#17670,.T.);
#17710=ORIENTED_EDGE('',*,*,#17700,.T.);
#17720=CARTESIAN_POINT('',(7.35290800000001,0.,3.6));
#17730=DIRECTION('',(-0.,-1.,-1.22460635382238E-16));
#17740=VECTOR('',#17730,1.);
#17750=LINE('',#17720,#17740);
#17760=EDGE_CURVE('',#17450,#17690,#17750,.T.);
#17770=ORIENTED_EDGE('',*,*,#17760,.T.);
#17780=EDGE_LOOP('',(#17770,#17710,#17630,#17550,#17470));
#17790=FACE_OUTER_BOUND('',#17780,.T.);
#17800=ADVANCED_FACE('',(#17790),#17370,.F.);
#17810=CARTESIAN_POINT('',(10.402908,0.102546,1.45));
#17820=VERTEX_POINT('',#17810);
#17830=EDGE_CURVE('',#590,#17820,#2250,.T.);
#17840=ORIENTED_EDGE('',*,*,#17830,.T.);
#17850=ORIENTED_EDGE('',*,*,#600,.F.);
#17860=CARTESIAN_POINT('',(10.402908,0.102546,1.95));
#17870=VERTEX_POINT('',#17860);
#17880=EDGE_CURVE('',#510,#17870,#1550,.T.);
#17890=ORIENTED_EDGE('',*,*,#17880,.F.);
#17900=CARTESIAN_POINT('',(10.402908,0.102546,1.797496891206));
#17910=DIRECTION('',(0.,-1.22460635382238E-16,-1.));
#17920=VECTOR('',#17910,1.);
#17930=LINE('',#17900,#17920);
#17940=EDGE_CURVE('',#17870,#17820,#17930,.T.);
#17950=ORIENTED_EDGE('',*,*,#17940,.F.);
#17960=EDGE_LOOP('',(#17950,#17890,#17850,#17840));
#17970=FACE_OUTER_BOUND('',#17960,.T.);
#17980=ADVANCED_FACE('',(#17970),#1410,.T.);
#17990=ORIENTED_EDGE('',*,*,#7630,.T.);
#18000=ORIENTED_EDGE('',*,*,#13990,.F.);
#18010=ORIENTED_EDGE('',*,*,#12600,.T.);
#18020=CARTESIAN_POINT('',(8.90290800000001,-1.947454,1.797496891206));
#18030=DIRECTION('',(0.,-1.22460635382238E-16,-1.));
#18040=VECTOR('',#18030,1.);
#18050=LINE('',#18020,#18040);
#18060=EDGE_CURVE('',#12550,#7620,#18050,.T.);
#18070=ORIENTED_EDGE('',*,*,#18060,.F.);
#18080=EDGE_LOOP('',(#18070,#18010,#18000,#17990));
#18090=FACE_OUTER_BOUND('',#18080,.T.);
#18100=ADVANCED_FACE('',(#18090),#14320,.F.);
#18110=ORIENTED_EDGE('',*,*,#15250,.T.);
#18120=ORIENTED_EDGE('',*,*,#15120,.F.);
#18130=ORIENTED_EDGE('',*,*,#12880,.T.);
#18140=CARTESIAN_POINT('',(8.40290800000001,-2.497454,1.797496891206));
#18150=DIRECTION('',(0.,1.22460635382238E-16,1.));
#18160=VECTOR('',#18150,1.);
#18170=LINE('',#18140,#18160);
#18180=EDGE_CURVE('',#15240,#12830,#18170,.T.);
#18190=ORIENTED_EDGE('',*,*,#18180,.T.);
#18200=EDGE_LOOP('',(#18190,#18130,#18120,#18110));
#18210=FACE_OUTER_BOUND('',#18200,.T.);
#18220=ADVANCED_FACE('',(#18210),#14080,.F.);
#18230=CARTESIAN_POINT('',(12.852908,-2.397454,3.6));
#18240=DIRECTION('',(0.,-3.70074341541719E-16,-1.));
#18250=DIRECTION('',(1.,0.,0.));
#18260=AXIS2_PLACEMENT_3D('',#18230,#18240,#18250);
#18270=PLANE('',#18260);
#18280=CARTESIAN_POINT('',(11.952908,2.22044604925031E-16,3.6));
#18290=DIRECTION('',(-0.,-1.,0.));
#18300=VECTOR('',#18290,1.);
#18310=LINE('',#18280,#18300);
#18320=CARTESIAN_POINT('',(11.952908,-0.797454,3.6));
#18330=VERTEX_POINT('',#18320);
#18340=CARTESIAN_POINT('',(11.952908,-3.697454,3.6));
#18350=VERTEX_POINT('',#18340);
#18360=EDGE_CURVE('',#18330,#18350,#18310,.T.);
#18370=ORIENTED_EDGE('',*,*,#18360,.F.);
#18380=CARTESIAN_POINT('',(11.305816,-3.697454,3.6));
#18390=DIRECTION('',(1.,0.,0.));
#18400=VECTOR('',#18390,1.);
#18410=LINE('',#18380,#18400);
#18420=CARTESIAN_POINT('',(12.652908,-3.697454,3.6));
#18430=VERTEX_POINT('',#18420);
#18440=EDGE_CURVE('',#18350,#18430,#18410,.T.);
#18450=ORIENTED_EDGE('',*,*,#18440,.F.);
#18460=CARTESIAN_POINT('',(12.652908,0.,3.6));
#18470=DIRECTION('',(0.,1.,-3.70074341541719E-16));
#18480=VECTOR('',#18470,1.);
#18490=LINE('',#18460,#18480);
#18500=CARTESIAN_POINT('',(12.652908,1.902546,3.6));
#18510=VERTEX_POINT('',#18500);
#18520=EDGE_CURVE('',#18430,#18510,#18490,.T.);
#18530=ORIENTED_EDGE('',*,*,#18520,.F.);
#18540=CARTESIAN_POINT('',(11.305816,1.902546,3.6));
#18550=DIRECTION('',(-1.,0.,0.));
#18560=VECTOR('',#18550,1.);
#18570=LINE('',#18540,#18560);
#18580=CARTESIAN_POINT('',(11.952908,1.902546,3.6));
#18590=VERTEX_POINT('',#18580);
#18600=EDGE_CURVE('',#18510,#18590,#18570,.T.);
#18610=ORIENTED_EDGE('',*,*,#18600,.F.);
#18620=CARTESIAN_POINT('',(11.952908,2.22044604925031E-16,3.6));
#18630=DIRECTION('',(-0.,-1.,0.));
#18640=VECTOR('',#18630,1.);
#18650=LINE('',#18620,#18640);
#18660=EDGE_CURVE('',#18590,#18330,#18650,.T.);
#18670=ORIENTED_EDGE('',*,*,#18660,.F.);
#18680=EDGE_LOOP('',(#18670,#18610,#18530,#18450,#18370));
#18690=FACE_OUTER_BOUND('',#18680,.T.);
#18700=ADVANCED_FACE('',(#18690),#18270,.T.);
#18710=CARTESIAN_POINT('',(8.902908,0.0525460000000002,1.45));
#18720=DIRECTION('',(1.,0.,-0.));
#18730=DIRECTION('',(0.,1.22460635382238E-16,1.));
#18740=AXIS2_PLACEMENT_3D('',#18710,#18720,#18730);
#18750=PLANE('',#18740);
#18760=ORIENTED_EDGE('',*,*,#6960,.F.);
#18770=ORIENTED_EDGE('',*,*,#6590,.F.);
#18780=ORIENTED_EDGE('',*,*,#17150,.F.);
#18790=CARTESIAN_POINT('',(8.902908,0.102546,1.797496891206));
#18800=DIRECTION('',(0.,1.22460635382238E-16,1.));
#18810=VECTOR('',#18800,1.);
#18820=LINE('',#18790,#18810);
#18830=EDGE_CURVE('',#17140,#6950,#18820,.T.);
#18840=ORIENTED_EDGE('',*,*,#18830,.F.);
#18850=EDGE_LOOP('',(#18840,#18780,#18770,#18760));
#18860=FACE_OUTER_BOUND('',#18850,.T.);
#18870=ADVANCED_FACE('',(#18860),#18750,.T.);
#18880=CARTESIAN_POINT('',(9.31956034451327,3.202546,1.797496891206));
#18890=DIRECTION('',(0.,1.,-1.22460635382238E-16));
#18900=DIRECTION('',(-1.,0.,0.));
#18910=AXIS2_PLACEMENT_3D('',#18880,#18890,#18900);
#18920=PLANE('',#18910);
#18930=ORIENTED_EDGE('',*,*,#6330,.F.);
#18940=CARTESIAN_POINT('',(9.31956034451327,3.202546,1.55));
#18950=DIRECTION('',(1.,0.,0.));
#18960=VECTOR('',#18950,1.);
#18970=LINE('',#18940,#18960);
#18980=EDGE_CURVE('',#6260,#6480,#18970,.T.);
#18990=ORIENTED_EDGE('',*,*,#18980,.F.);
#19000=ORIENTED_EDGE('',*,*,#6730,.F.);
#19010=CARTESIAN_POINT('',(9.31956034451327,3.202546,1.85));
#19020=DIRECTION('',(-1.,0.,0.));
#19030=VECTOR('',#19020,1.);
#19040=LINE('',#19010,#19030);
#19050=EDGE_CURVE('',#6660,#6170,#19040,.T.);
#19060=ORIENTED_EDGE('',*,*,#19050,.F.);
#19070=EDGE_LOOP('',(#19060,#19000,#18990,#18930));
#19080=FACE_OUTER_BOUND('',#19070,.T.);
#19090=ADVANCED_FACE('',(#19080),#18920,.T.);
#19100=CARTESIAN_POINT('',(10.902908,-2.597454,4.4));
#19110=DIRECTION('',(-1.,0.,0.));
#19120=DIRECTION('',(0.,-1.,5.90556912506275E-16));
#19130=AXIS2_PLACEMENT_3D('',#19100,#19110,#19120);
#19140=PLANE('',#19130);
#19150=CARTESIAN_POINT('',(10.902908,-1.53720555279503,4.4));
#19160=DIRECTION('',(0.,5.90556912506275E-16,1.));
#19170=VECTOR('',#19160,1.);
#19180=LINE('',#19150,#19170);
#19190=EDGE_CURVE('',#10610,#12030,#19180,.T.);
#19200=ORIENTED_EDGE('',*,*,#19190,.F.);
#19210=ORIENTED_EDGE('',*,*,#12040,.F.);
#19220=ORIENTED_EDGE('',*,*,#3020,.F.);
#19230=CARTESIAN_POINT('',(10.902908,3.19189119579733E-16,4.4));
#19240=DIRECTION('',(0.,1.,-5.90556912506275E-16));
#19250=VECTOR('',#19240,1.);
#19260=LINE('',#19230,#19250);
#19270=EDGE_CURVE('',#2930,#10610,#19260,.T.);
#19280=ORIENTED_EDGE('',*,*,#19270,.F.);
#19290=EDGE_LOOP('',(#19280,#19220,#19210,#19200));
#19300=FACE_OUTER_BOUND('',#19290,.T.);
#19310=ADVANCED_FACE('',(#19300),#19140,.T.);
#19320=CARTESIAN_POINT('',(10.902908,-1.53720555279503,4.4));
#19330=DIRECTION('',(0.,-1.,5.90556912506275E-16));
#19340=DIRECTION('',(1.,0.,0.));
#19350=AXIS2_PLACEMENT_3D('',#19320,#19330,#19340);
#19360=PLANE('',#19350);
#19370=CARTESIAN_POINT('',(10.402908,-1.53720555279503,4.4));
#19380=DIRECTION('',(0.,5.90556912506275E-16,1.));
#19390=VECTOR('',#19380,1.);
#19400=LINE('',#19370,#19390);
#19410=EDGE_CURVE('',#7460,#12110,#19400,.T.);
#19420=ORIENTED_EDGE('',*,*,#19410,.F.);
#19430=ORIENTED_EDGE('',*,*,#12120,.F.);
#19440=ORIENTED_EDGE('',*,*,#19190,.T.);
#19450=ORIENTED_EDGE('',*,*,#10620,.F.);
#19460=EDGE_LOOP('',(#19450,#19440,#19430,#19420));
#19470=FACE_OUTER_BOUND('',#19460,.T.);
#19480=ADVANCED_FACE('',(#19470),#19360,.T.);
#19490=ORIENTED_EDGE('',*,*,#12140,.F.);
#19500=ORIENTED_EDGE('',*,*,#19410,.T.);
#19510=ORIENTED_EDGE('',*,*,#7470,.F.);
#19520=ORIENTED_EDGE('',*,*,#2770,.F.);
#19530=EDGE_LOOP('',(#19520,#19510,#19500,#19490));
#19540=FACE_OUTER_BOUND('',#19530,.T.);
#19550=ADVANCED_FACE('',(#19540),#7110,.T.);
#19560=CARTESIAN_POINT('',(11.602908,-1.53720555279503,4.4));
#19570=DIRECTION('',(-0.,5.90556912506275E-16,1.));
#19580=DIRECTION('',(0.,-1.,5.90556912506275E-16));
#19590=AXIS2_PLACEMENT_3D('',#19560,#19570,#19580);
#19600=PLANE('',#19590);
#19610=CARTESIAN_POINT('',(11.602908,3.19189119579733E-16,4.4));
#19620=DIRECTION('',(0.,-1.,5.90556912506275E-16));
#19630=VECTOR('',#19620,1.);
#19640=LINE('',#19610,#19630);
#19650=CARTESIAN_POINT('',(11.602908,-3.197454,4.4));
#19660=VERTEX_POINT('',#19650);
#19670=EDGE_CURVE('',#10690,#19660,#19640,.T.);
#19680=ORIENTED_EDGE('',*,*,#19670,.T.);
#19690=ORIENTED_EDGE('',*,*,#10700,.T.);
#19700=ORIENTED_EDGE('',*,*,#19270,.T.);
#19710=CARTESIAN_POINT('',(10.902908,0.102546000000001,4.4));
#19720=DIRECTION('',(0.,-1.,5.90556912506275E-16));
#19730=VECTOR('',#19720,1.);
#19740=LINE('',#19710,#19730);
#19750=EDGE_CURVE('',#2930,#3990,#19740,.T.);
#19760=ORIENTED_EDGE('',*,*,#19750,.F.);
#19770=CARTESIAN_POINT('',(10.902908,-2.597454,4.4));
#19780=VERTEX_POINT('',#19770);
#19790=EDGE_CURVE('',#19780,#3990,#19260,.T.);
#19800=ORIENTED_EDGE('',*,*,#19790,.T.);
#19810=CARTESIAN_POINT('',(11.305816,-2.94280371428571,4.4));
#19820=DIRECTION('',(-0.759256602365296,0.650791373455969,
-3.85007656866615E-16));
#19830=VECTOR('',#19820,1.);
#19840=LINE('',#19810,#19830);
#19850=EDGE_CURVE('',#19660,#19780,#19840,.T.);
#19860=ORIENTED_EDGE('',*,*,#19850,.T.);
#19870=EDGE_LOOP('',(#19860,#19800,#19760,#19700,#19690,#19680));
#19880=FACE_OUTER_BOUND('',#19870,.T.);
#19890=ADVANCED_FACE('',(#19880),#19600,.F.);
#19900=ORIENTED_EDGE('',*,*,#11940,.F.);
#19910=CARTESIAN_POINT('',(10.902908,-2.597454,4.4));
#19920=DIRECTION('',(0.,5.90556912506275E-16,1.));
#19930=VECTOR('',#19920,1.);
#19940=LINE('',#19910,#19930);
#19950=EDGE_CURVE('',#19780,#11870,#19940,.T.);
#19960=ORIENTED_EDGE('',*,*,#19950,.T.);
#19970=ORIENTED_EDGE('',*,*,#19790,.F.);
#19980=ORIENTED_EDGE('',*,*,#4000,.T.);
#19990=EDGE_LOOP('',(#19980,#19970,#19960,#19900));
#20000=FACE_OUTER_BOUND('',#19990,.T.);
#20010=ADVANCED_FACE('',(#20000),#19140,.T.);
#20020=CARTESIAN_POINT('',(11.602908,-3.197454,4.4));
#20030=DIRECTION('',(-0.650791373455969,-0.759256602365296,
4.48384234892854E-16));
#20040=DIRECTION('',(0.759256602365296,-0.650791373455969,
3.84329344193875E-16));
#20050=AXIS2_PLACEMENT_3D('',#20020,#20030,#20040);
#20060=PLANE('',#20050);
#20070=ORIENTED_EDGE('',*,*,#19950,.F.);
#20080=ORIENTED_EDGE('',*,*,#11880,.F.);
#20090=CARTESIAN_POINT('',(11.602908,-3.197454,0.));
#20100=DIRECTION('',(-0.,-5.90556912506275E-16,-1.));
#20110=VECTOR('',#20100,1.);
#20120=LINE('',#20090,#20110);
#20130=EDGE_CURVE('',#11790,#19660,#20120,.T.);
#20140=ORIENTED_EDGE('',*,*,#20130,.F.);
#20150=ORIENTED_EDGE('',*,*,#19850,.F.);
#20160=EDGE_LOOP('',(#20150,#20140,#20080,#20070));
#20170=FACE_OUTER_BOUND('',#20160,.T.);
#20180=ADVANCED_FACE('',(#20170),#20060,.T.);
#20190=CARTESIAN_POINT('',(11.602908,-3.697454,0.3));
#20200=DIRECTION('',(0.,1.,-3.70074341541719E-16));
#20210=DIRECTION('',(-1.,0.,0.));
#20220=AXIS2_PLACEMENT_3D('',#20190,#20200,#20210);
#20230=PLANE('',#20220);
#20240=ORIENTED_EDGE('',*,*,#18440,.T.);
#20250=CARTESIAN_POINT('',(11.952908,-3.697454,0.));
#20260=DIRECTION('',(0.,3.70074341541719E-16,1.));
#20270=VECTOR('',#20260,1.);
#20280=LINE('',#20250,#20270);
#20290=CARTESIAN_POINT('',(11.952908,-3.697454,2.5));
#20300=VERTEX_POINT('',#20290);
#20310=EDGE_CURVE('',#20300,#18350,#20280,.T.);
#20320=ORIENTED_EDGE('',*,*,#20310,.T.);
#20330=CARTESIAN_POINT('',(11.305816,-3.697454,2.5));
#20340=DIRECTION('',(-1.,0.,0.));
#20350=VECTOR('',#20340,1.);
#20360=LINE('',#20330,#20350);
#20370=CARTESIAN_POINT('',(12.652908,-3.697454,2.5));
#20380=VERTEX_POINT('',#20370);
#20390=EDGE_CURVE('',#20380,#20300,#20360,.T.);
#20400=ORIENTED_EDGE('',*,*,#20390,.T.);
#20410=CARTESIAN_POINT('',(12.652908,-3.697454,0.));
#20420=DIRECTION('',(0.,3.70074341541719E-16,1.));
#20430=VECTOR('',#20420,1.);
#20440=LINE('',#20410,#20430);
#20450=CARTESIAN_POINT('',(12.652908,-3.697454,1.62));
#20460=VERTEX_POINT('',#20450);
#20470=EDGE_CURVE('',#20460,#20380,#20440,.T.);
#20480=ORIENTED_EDGE('',*,*,#20470,.T.);
#20490=CARTESIAN_POINT('',(11.305816,-3.697454,1.62));
#20500=DIRECTION('',(1.,0.,0.));
#20510=VECTOR('',#20500,1.);
#20520=LINE('',#20490,#20510);
#20530=CARTESIAN_POINT('',(11.602908,-3.697454,1.62));
#20540=VERTEX_POINT('',#20530);
#20550=EDGE_CURVE('',#20540,#20460,#20520,.T.);
#20560=ORIENTED_EDGE('',*,*,#20550,.T.);
#20570=CARTESIAN_POINT('',(11.602908,-3.697454,0.3));
#20580=DIRECTION('',(0.,3.70074341541719E-16,1.));
#20590=VECTOR('',#20580,1.);
#20600=LINE('',#20570,#20590);
#20610=EDGE_CURVE('',#20540,#11710,#20600,.T.);
#20620=ORIENTED_EDGE('',*,*,#20610,.F.);
#20630=ORIENTED_EDGE('',*,*,#11720,.F.);
#20640=EDGE_CURVE('',#18430,#11630,#20440,.T.);
#20650=ORIENTED_EDGE('',*,*,#20640,.T.);
#20660=EDGE_LOOP('',(#20650,#20630,#20620,#20560,#20480,#20400,#20320,
#20240));
#20670=FACE_OUTER_BOUND('',#20660,.T.);
#20680=ADVANCED_FACE('',(#20670),#20230,.F.);
#20690=CARTESIAN_POINT('',(11.952908,1.902546,2.5));
#20700=DIRECTION('',(-1.,0.,0.));
#20710=DIRECTION('',(0.,0.,1.));
#20720=AXIS2_PLACEMENT_3D('',#20690,#20700,#20710);
#20730=PLANE('',#20720);
#20740=CARTESIAN_POINT('',(11.952908,-2.397454,2.5));
#20750=DIRECTION('',(0.,-1.,3.70074341541719E-16));
#20760=VECTOR('',#20750,1.);
#20770=LINE('',#20740,#20760);
#20780=CARTESIAN_POINT('',(11.952908,-0.797454,2.5));
#20790=VERTEX_POINT('',#20780);
#20800=EDGE_CURVE('',#20790,#20300,#20770,.T.);
#20810=ORIENTED_EDGE('',*,*,#20800,.F.);
#20820=ORIENTED_EDGE('',*,*,#20310,.F.);
#20830=ORIENTED_EDGE('',*,*,#18360,.T.);
#20840=CARTESIAN_POINT('',(11.952908,-0.797454,-4.44089209850063E-16));
#20850=DIRECTION('',(0.,0.,-1.));
#20860=VECTOR('',#20850,1.);
#20870=LINE('',#20840,#20860);
#20880=EDGE_CURVE('',#18330,#20790,#20870,.T.);
#20890=ORIENTED_EDGE('',*,*,#20880,.F.);
#20900=EDGE_LOOP('',(#20890,#20830,#20820,#20810));
#20910=FACE_OUTER_BOUND('',#20900,.T.);
#20920=ADVANCED_FACE('',(#20910),#20730,.F.);
#20930=CARTESIAN_POINT('',(9.76696686619214,0.102546,0.994365969766247))
;
#20940=DIRECTION('',(0.,1.,-1.22460635382238E-16));
#20950=DIRECTION('',(-1.,0.,0.));
#20960=AXIS2_PLACEMENT_3D('',#20930,#20940,#20950);
#20970=PLANE('',#20960);
#20980=CARTESIAN_POINT('',(7.35290800000001,0.102546,1.797496891206));
#20990=DIRECTION('',(0.,-1.22460635382238E-16,-1.));
#21000=VECTOR('',#20990,1.);
#21010=LINE('',#20980,#21000);
#21020=CARTESIAN_POINT('',(7.35290800000001,0.102546,2.5));
#21030=VERTEX_POINT('',#21020);
#21040=CARTESIAN_POINT('',(7.35290800000001,0.102546,0.7));
#21050=VERTEX_POINT('',#21040);
#21060=EDGE_CURVE('',#21030,#21050,#21010,.T.);
#21070=ORIENTED_EDGE('',*,*,#21060,.F.);
#21080=CARTESIAN_POINT('',(7.35290800000001,0.102546,0.7));
#21090=DIRECTION('',(1.,0.,0.));
#21100=VECTOR('',#21090,1.);
#21110=LINE('',#21080,#21100);
#21120=CARTESIAN_POINT('',(9.10290800000001,0.102546,0.7));
#21130=VERTEX_POINT('',#21120);
#21140=EDGE_CURVE('',#21050,#21130,#21110,.T.);
#21150=ORIENTED_EDGE('',*,*,#21140,.F.);
#21160=CARTESIAN_POINT('',(9.10290800000001,0.102546,
-2.22044604925031E-16));
#21170=DIRECTION('',(0.,0.,-1.));
#21180=VECTOR('',#21170,1.);
#21190=LINE('',#21160,#21180);
#21200=CARTESIAN_POINT('',(9.10290800000001,0.102546,0.299999999999999))
;
#21210=VERTEX_POINT('',#21200);
#21220=EDGE_CURVE('',#21130,#21210,#21190,.T.);
#21230=ORIENTED_EDGE('',*,*,#21220,.F.);
#21240=CARTESIAN_POINT('',(9.95290800000002,0.102546,0.3));
#21250=DIRECTION('',(-1.,0.,0.));
#21260=VECTOR('',#21250,1.);
#21270=LINE('',#21240,#21260);
#21280=CARTESIAN_POINT('',(10.202908,0.102546,0.299999999999999));
#21290=VERTEX_POINT('',#21280);
#21300=EDGE_CURVE('',#21290,#21210,#21270,.T.);
#21310=ORIENTED_EDGE('',*,*,#21300,.T.);
#21320=CARTESIAN_POINT('',(10.202908,0.102546,-4.44089209850063E-16));
#21330=DIRECTION('',(0.,-1.22460635382238E-16,-1.));
#21340=VECTOR('',#21330,1.);
#21350=LINE('',#21320,#21340);
#21360=CARTESIAN_POINT('',(10.202908,0.102546,0.7));
#21370=VERTEX_POINT('',#21360);
#21380=EDGE_CURVE('',#21370,#21290,#21350,.T.);
#21390=ORIENTED_EDGE('',*,*,#21380,.T.);
#21400=CARTESIAN_POINT('',(11.952908,0.102546,0.7));
#21410=DIRECTION('',(-1.,0.,0.));
#21420=VECTOR('',#21410,1.);
#21430=LINE('',#21400,#21420);
#21440=CARTESIAN_POINT('',(11.952908,0.102546,0.7));
#21450=VERTEX_POINT('',#21440);
#21460=EDGE_CURVE('',#21450,#21370,#21430,.T.);
#21470=ORIENTED_EDGE('',*,*,#21460,.T.);
#21480=CARTESIAN_POINT('',(11.952908,0.102546,1.797496891206));
#21490=DIRECTION('',(0.,-1.22460635382238E-16,-1.));
#21500=VECTOR('',#21490,1.);
#21510=LINE('',#21480,#21500);
#21520=CARTESIAN_POINT('',(11.952908,0.102546,2.5));
#21530=VERTEX_POINT('',#21520);
#21540=EDGE_CURVE('',#21530,#21450,#21510,.T.);
#21550=ORIENTED_EDGE('',*,*,#21540,.T.);
#21560=CARTESIAN_POINT('',(11.3195603445133,0.102546,2.5));
#21570=DIRECTION('',(1.,0.,0.));
#21580=VECTOR('',#21570,1.);
#21590=LINE('',#21560,#21580);
#21600=EDGE_CURVE('',#21030,#21530,#21590,.T.);
#21610=ORIENTED_EDGE('',*,*,#21600,.T.);
#21620=EDGE_LOOP('',(#21610,#21550,#21470,#21390,#21310,#21230,#21150,
#21070));
#21630=FACE_OUTER_BOUND('',#21620,.T.);
#21640=ORIENTED_EDGE('',*,*,#5870,.T.);
#21650=ORIENTED_EDGE('',*,*,#7020,.T.);
#21660=ORIENTED_EDGE('',*,*,#18830,.T.);
#21670=ORIENTED_EDGE('',*,*,#17280,.T.);
#21680=EDGE_LOOP('',(#21670,#21660,#21650,#21640));
#21690=FACE_BOUND('',#21680,.T.);
#21700=CARTESIAN_POINT('',(10.902908,0.102546,1.797496891206));
#21710=DIRECTION('',(0.,1.22460635382238E-16,1.));
#21720=VECTOR('',#21710,1.);
#21730=LINE('',#21700,#21720);
#21740=CARTESIAN_POINT('',(10.902908,0.102546,1.45));
#21750=VERTEX_POINT('',#21740);
#21760=CARTESIAN_POINT('',(10.902908,0.102546,1.95));
#21770=VERTEX_POINT('',#21760);
#21780=EDGE_CURVE('',#21750,#21770,#21730,.T.);
#21790=ORIENTED_EDGE('',*,*,#21780,.T.);
#21800=CARTESIAN_POINT('',(11.3195603445133,0.102546,1.45));
#21810=DIRECTION('',(1.,0.,0.));
#21820=VECTOR('',#21810,1.);
#21830=LINE('',#21800,#21820);
#21840=EDGE_CURVE('',#17820,#21750,#21830,.T.);
#21850=ORIENTED_EDGE('',*,*,#21840,.T.);
#21860=ORIENTED_EDGE('',*,*,#17940,.T.);
#21870=CARTESIAN_POINT('',(11.3195603445133,0.102546,1.95));
#21880=DIRECTION('',(-1.,0.,0.));
#21890=VECTOR('',#21880,1.);
#21900=LINE('',#21870,#21890);
#21910=EDGE_CURVE('',#21770,#17870,#21900,.T.);
#21920=ORIENTED_EDGE('',*,*,#21910,.T.);
#21930=EDGE_LOOP('',(#21920,#21860,#21850,#21790));
#21940=FACE_BOUND('',#21930,.T.);
#21950=ADVANCED_FACE('',(#21630,#21690,#21940),#20970,.T.);
#21960=CARTESIAN_POINT('',(12.2566081488467,1.902546,2.98161658234629));
#21970=DIRECTION('',(0.,-1.,0.));
#21980=DIRECTION('',(1.,0.,0.));
#21990=AXIS2_PLACEMENT_3D('',#21960,#21970,#21980);
#22000=PLANE('',#21990);
#22010=ORIENTED_EDGE('',*,*,#18600,.T.);
#22020=CARTESIAN_POINT('',(12.652908,1.902546,0.));
#22030=DIRECTION('',(0.,0.,-1.));
#22040=VECTOR('',#22030,1.);
#22050=LINE('',#22020,#22040);
#22060=CARTESIAN_POINT('',(12.652908,1.902546,2.5));
#22070=VERTEX_POINT('',#22060);
#22080=EDGE_CURVE('',#18510,#22070,#22050,.T.);
#22090=ORIENTED_EDGE('',*,*,#22080,.F.);
#22100=CARTESIAN_POINT('',(11.305816,1.902546,2.5));
#22110=DIRECTION('',(1.,0.,0.));
#22120=VECTOR('',#22110,1.);
#22130=LINE('',#22100,#22120);
#22140=CARTESIAN_POINT('',(11.952908,1.902546,2.5));
#22150=VERTEX_POINT('',#22140);
#22160=EDGE_CURVE('',#22150,#22070,#22130,.T.);
#22170=ORIENTED_EDGE('',*,*,#22160,.T.);
#22180=CARTESIAN_POINT('',(11.952908,1.902546,-6.66133814775094E-16));
#22190=DIRECTION('',(0.,0.,-1.));
#22200=VECTOR('',#22190,1.);
#22210=LINE('',#22180,#22200);
#22220=EDGE_CURVE('',#18590,#22150,#22210,.T.);
#22230=ORIENTED_EDGE('',*,*,#22220,.T.);
#22240=EDGE_LOOP('',(#22230,#22170,#22090,#22010));
#22250=FACE_OUTER_BOUND('',#22240,.T.);
#22260=ADVANCED_FACE('',(#22250),#22000,.T.);
#22270=CARTESIAN_POINT('',(12.652908,-3.697454,-0.200002400000002));
#22280=DIRECTION('',(-1.,0.,0.));
#22290=DIRECTION('',(0.,1.,0.));
#22300=AXIS2_PLACEMENT_3D('',#22270,#22280,#22290);
#22310=PLANE('',#22300);
#22320=CARTESIAN_POINT('',(12.652908,3.502546,0.));
#22330=DIRECTION('',(0.,1.22460635382238E-16,-1.));
#22340=VECTOR('',#22330,1.);
#22350=LINE('',#22320,#22340);
#22360=CARTESIAN_POINT('',(12.652908,3.502546,0.299999999999998));
#22370=VERTEX_POINT('',#22360);
#22380=EDGE_CURVE('',#11610,#22370,#22350,.T.);
#22390=ORIENTED_EDGE('',*,*,#22380,.F.);
#22400=CARTESIAN_POINT('',(12.652908,0.,0.299999999999999));
#22410=DIRECTION('',(0.,-1.,3.70074341541719E-16));
#22420=VECTOR('',#22410,1.);
#22430=LINE('',#22400,#22420);
#22440=CARTESIAN_POINT('',(12.652908,-0.397453999999999,0.3));
#22450=VERTEX_POINT('',#22440);
#22460=EDGE_CURVE('',#22370,#22450,#22430,.T.);
#22470=ORIENTED_EDGE('',*,*,#22460,.F.);
#22480=CARTESIAN_POINT('',(12.652908,0.,0.141018399999999));
#22490=DIRECTION('',(0.,-0.928476690885259,0.371390676354104));
#22500=VECTOR('',#22490,1.);
#22510=LINE('',#22480,#22500);
#22520=EDGE_CURVE('',#22450,#10050,#22510,.T.);
#22530=ORIENTED_EDGE('',*,*,#22520,.F.);
#22540=ORIENTED_EDGE('',*,*,#10060,.F.);
#22550=CARTESIAN_POINT('',(12.652908,0.,1.32));
#22560=DIRECTION('',(0.,1.,-3.69176863076717E-16));
#22570=VECTOR('',#22560,1.);
#22580=LINE('',#22550,#22570);
#22590=CARTESIAN_POINT('',(12.652908,-3.397454,1.32));
#22600=VERTEX_POINT('',#22590);
#22610=EDGE_CURVE('',#22600,#9970,#22580,.T.);
#22620=ORIENTED_EDGE('',*,*,#22610,.T.);
#22630=CARTESIAN_POINT('',(12.652908,-3.397454,1.62));
#22640=DIRECTION('',(-1.,0.,0.));
#22650=DIRECTION('',(0.,1.,-1.22460635382238E-16));
#22660=AXIS2_PLACEMENT_3D('',#22630,#22640,#22650);
#22670=CIRCLE('',#22660,0.3);
#22680=EDGE_CURVE('',#22600,#20460,#22670,.T.);
#22690=ORIENTED_EDGE('',*,*,#22680,.F.);
#22700=ORIENTED_EDGE('',*,*,#20470,.F.);
#22710=CARTESIAN_POINT('',(12.652908,0.,2.5));
#22720=DIRECTION('',(0.,1.,0.));
#22730=VECTOR('',#22720,1.);
#22740=LINE('',#22710,#22730);
#22750=EDGE_CURVE('',#20380,#22070,#22740,.T.);
#22760=ORIENTED_EDGE('',*,*,#22750,.F.);
#22770=ORIENTED_EDGE('',*,*,#22080,.T.);
#22780=ORIENTED_EDGE('',*,*,#18520,.T.);
#22790=ORIENTED_EDGE('',*,*,#20640,.F.);
#22800=ORIENTED_EDGE('',*,*,#11640,.T.);
#22810=EDGE_LOOP('',(#22800,#22790,#22780,#22770,#22760,#22700,#22690,
#22620,#22540,#22530,#22470,#22390));
#22820=FACE_OUTER_BOUND('',#22810,.T.);
#22830=ADVANCED_FACE('',(#22820),#22310,.F.);
#22840=CARTESIAN_POINT('',(4.9329056,-1.897454,1.32));
#22850=DIRECTION('',(-0.,-3.69176863076717E-16,-1.));
#22860=DIRECTION('',(0.,-1.,3.69176863076717E-16));
#22870=AXIS2_PLACEMENT_3D('',#22840,#22850,#22860);
#22880=PLANE('',#22870);
#22890=ORIENTED_EDGE('',*,*,#9980,.T.);
#22900=CARTESIAN_POINT('',(11.602908,-5.55111512312578E-17,1.32));
#22910=DIRECTION('',(0.,1.,-3.69176863076717E-16));
#22920=VECTOR('',#22910,1.);
#22930=LINE('',#22900,#22920);
#22940=CARTESIAN_POINT('',(11.602908,-3.397454,1.32));
#22950=VERTEX_POINT('',#22940);
#22960=EDGE_CURVE('',#22950,#9890,#22930,.T.);
#22970=ORIENTED_EDGE('',*,*,#22960,.T.);
#22980=CARTESIAN_POINT('',(11.305816,-3.397454,1.32));
#22990=DIRECTION('',(1.,0.,0.));
#23000=VECTOR('',#22990,1.);
#23010=LINE('',#22980,#23000);
#23020=EDGE_CURVE('',#22950,#22600,#23010,.T.);
#23030=ORIENTED_EDGE('',*,*,#23020,.F.);
#23040=ORIENTED_EDGE('',*,*,#22610,.F.);
#23050=EDGE_LOOP('',(#23040,#23030,#22970,#22890));
#23060=FACE_OUTER_BOUND('',#23050,.T.);
#23070=ADVANCED_FACE('',(#23060),#22880,.T.);
#23080=CARTESIAN_POINT('',(11.305816,-3.397454,1.62));
#23090=DIRECTION('',(1.,0.,0.));
#23100=DIRECTION('',(0.,1.,-1.22460635382238E-16));
#23110=AXIS2_PLACEMENT_3D('',#23080,#23090,#23100);
#23120=CYLINDRICAL_SURFACE('',#23110,0.3);
#23130=ORIENTED_EDGE('',*,*,#20550,.F.);
#23140=ORIENTED_EDGE('',*,*,#22680,.T.);
#23150=ORIENTED_EDGE('',*,*,#23020,.T.);
#23160=CARTESIAN_POINT('',(11.602908,-3.397454,1.62));
#23170=DIRECTION('',(-1.,0.,0.));
#23180=DIRECTION('',(0.,1.,-1.22460635382238E-16));
#23190=AXIS2_PLACEMENT_3D('',#23160,#23170,#23180);
#23200=CIRCLE('',#23190,0.3);
#23210=EDGE_CURVE('',#22950,#20540,#23200,.T.);
#23220=ORIENTED_EDGE('',*,*,#23210,.F.);
#23230=EDGE_LOOP('',(#23220,#23150,#23140,#23130));
#23240=FACE_OUTER_BOUND('',#23230,.T.);
#23250=ADVANCED_FACE('',(#23240),#23120,.T.);
#23260=CARTESIAN_POINT('',(11.952908,2.82740181652307,3.55900612288382))
;
#23270=DIRECTION('',(-1.,0.,0.));
#23280=DIRECTION('',(-0.,-1.,0.));
#23290=AXIS2_PLACEMENT_3D('',#23260,#23270,#23280);
#23300=PLANE('',#23290);
#23310=CARTESIAN_POINT('',(11.952908,3.502546,-0.300000000000001));
#23320=DIRECTION('',(0.,-1.22460635382238E-16,-1.));
#23330=VECTOR('',#23320,1.);
#23340=LINE('',#23310,#23330);
#23350=CARTESIAN_POINT('',(11.952908,3.502546,4.9));
#23360=VERTEX_POINT('',#23350);
#23370=CARTESIAN_POINT('',(11.952908,3.502546,0.7));
#23380=VERTEX_POINT('',#23370);
#23390=EDGE_CURVE('',#23360,#23380,#23340,.T.);
#23400=ORIENTED_EDGE('',*,*,#23390,.T.);
#23410=CARTESIAN_POINT('',(11.952908,3.502546,4.9));
#23420=DIRECTION('',(-0.,-1.,0.));
#23430=VECTOR('',#23420,1.);
#23440=LINE('',#23410,#23430);
#23450=CARTESIAN_POINT('',(11.952908,-0.797454,4.9));
#23460=VERTEX_POINT('',#23450);
#23470=EDGE_CURVE('',#23360,#23460,#23440,.T.);
#23480=ORIENTED_EDGE('',*,*,#23470,.F.);
#23490=CARTESIAN_POINT('',(11.952908,-0.797454,3.7));
#23500=DIRECTION('',(0.,1.22460635382238E-16,1.));
#23510=VECTOR('',#23500,1.);
#23520=LINE('',#23490,#23510);
#23530=EDGE_CURVE('',#18330,#23460,#23520,.T.);
#23540=ORIENTED_EDGE('',*,*,#23530,.T.);
#23550=ORIENTED_EDGE('',*,*,#18660,.T.);
#23560=ORIENTED_EDGE('',*,*,#22220,.F.);
#23570=CARTESIAN_POINT('',(11.952908,0.102546,2.5));
#23580=DIRECTION('',(0.,1.,0.));
#23590=VECTOR('',#23580,1.);
#23600=LINE('',#23570,#23590);
#23610=EDGE_CURVE('',#21530,#22150,#23600,.T.);
#23620=ORIENTED_EDGE('',*,*,#23610,.T.);
#23630=ORIENTED_EDGE('',*,*,#21540,.F.);
#23640=CARTESIAN_POINT('',(11.952908,-1.11022302462516E-16,0.7));
#23650=DIRECTION('',(0.,1.,0.));
#23660=VECTOR('',#23650,1.);
#23670=LINE('',#23640,#23660);
#23680=EDGE_CURVE('',#21450,#23380,#23670,.T.);
#23690=ORIENTED_EDGE('',*,*,#23680,.F.);
#23700=EDGE_LOOP('',(#23690,#23630,#23620,#23560,#23550,#23540,#23480,
#23400));
#23710=FACE_OUTER_BOUND('',#23700,.T.);
#23720=ADVANCED_FACE('',(#23710),#23300,.T.);
#23730=CARTESIAN_POINT('',(1.35290800000001,1.902546,2.5));
#23740=DIRECTION('',(0.,0.,-1.));
#23750=DIRECTION('',(-1.,0.,0.));
#23760=AXIS2_PLACEMENT_3D('',#23730,#23740,#23750);
#23770=PLANE('',#23760);
#23780=ORIENTED_EDGE('',*,*,#22160,.F.);
#23790=ORIENTED_EDGE('',*,*,#22750,.T.);
#23800=ORIENTED_EDGE('',*,*,#20390,.F.);
#23810=ORIENTED_EDGE('',*,*,#20800,.T.);
#23820=CARTESIAN_POINT('',(0.,-0.797454,2.5));
#23830=DIRECTION('',(1.,0.,0.));
#23840=VECTOR('',#23830,1.);
#23850=LINE('',#23820,#23840);
#23860=CARTESIAN_POINT('',(7.35290800000001,-0.797454,2.5));
#23870=VERTEX_POINT('',#23860);
#23880=EDGE_CURVE('',#23870,#20790,#23850,.T.);
#23890=ORIENTED_EDGE('',*,*,#23880,.T.);
#23900=CARTESIAN_POINT('',(7.35290800000001,-2.397454,2.5));
#23910=DIRECTION('',(0.,-1.,2.47613706159481E-16));
#23920=VECTOR('',#23910,1.);
#23930=LINE('',#23900,#23920);
#23940=CARTESIAN_POINT('',(7.35290800000001,-3.697454,2.5));
#23950=VERTEX_POINT('',#23940);
#23960=EDGE_CURVE('',#23870,#23950,#23930,.T.);
#23970=ORIENTED_EDGE('',*,*,#23960,.F.);
#23980=CARTESIAN_POINT('',(8.00000000000001,-3.697454,2.5));
#23990=DIRECTION('',(1.,0.,0.));
#24000=VECTOR('',#23990,1.);
#24010=LINE('',#23980,#24000);
#24020=CARTESIAN_POINT('',(6.65290800000001,-3.697454,2.5));
#24030=VERTEX_POINT('',#24020);
#24040=EDGE_CURVE('',#24030,#23950,#24010,.T.);
#24050=ORIENTED_EDGE('',*,*,#24040,.T.);
#24060=CARTESIAN_POINT('',(6.65290800000001,-8.32667268468867E-17,2.5));
#24070=DIRECTION('',(0.,1.,1.22460635382238E-16));
#24080=VECTOR('',#24070,1.);
#24090=LINE('',#24060,#24080);
#24100=CARTESIAN_POINT('',(6.65290800000001,1.902546,2.5));
#24110=VERTEX_POINT('',#24100);
#24120=EDGE_CURVE('',#24030,#24110,#24090,.T.);
#24130=ORIENTED_EDGE('',*,*,#24120,.F.);
#24140=CARTESIAN_POINT('',(8.00000000000001,1.902546,2.5));
#24150=DIRECTION('',(-1.,0.,0.));
#24160=VECTOR('',#24150,1.);
#24170=LINE('',#24140,#24160);
#24180=CARTESIAN_POINT('',(7.35290800000001,1.902546,2.5));
#24190=VERTEX_POINT('',#24180);
#24200=EDGE_CURVE('',#24190,#24110,#24170,.T.);
#24210=ORIENTED_EDGE('',*,*,#24200,.T.);
#24220=CARTESIAN_POINT('',(7.35290800000001,0.102546,2.5));
#24230=DIRECTION('',(0.,1.,0.));
#24240=VECTOR('',#24230,1.);
#24250=LINE('',#24220,#24240);
#24260=EDGE_CURVE('',#21030,#24190,#24250,.T.);
#24270=ORIENTED_EDGE('',*,*,#24260,.T.);
#24280=ORIENTED_EDGE('',*,*,#21600,.F.);
#24290=ORIENTED_EDGE('',*,*,#23610,.F.);
#24300=EDGE_LOOP('',(#24290,#24280,#24270,#24210,#24130,#24050,#23970,
#23890,#23810,#23800,#23790,#23780));
#24310=FACE_OUTER_BOUND('',#24300,.T.);
#24320=ADVANCED_FACE('',(#24310),#23770,.F.);
#24330=CARTESIAN_POINT('',(7.35290800000001,3.502546,0.7));
#24340=DIRECTION('',(0.,-1.22460635382238E-16,1.));
#24350=DIRECTION('',(-1.,0.,0.));
#24360=AXIS2_PLACEMENT_3D('',#24330,#24340,#24350);
#24370=PLANE('',#24360);
#24380=CARTESIAN_POINT('',(9.10290800000001,0.,0.7));
#24390=DIRECTION('',(0.,1.,1.22460635382238E-16));
#24400=VECTOR('',#24390,1.);
#24410=LINE('',#24380,#24400);
#24420=CARTESIAN_POINT('',(9.10290800000001,1.302546,0.7));
#24430=VERTEX_POINT('',#24420);
#24440=EDGE_CURVE('',#21130,#24430,#24410,.T.);
#24450=ORIENTED_EDGE('',*,*,#24440,.T.);
#24460=ORIENTED_EDGE('',*,*,#21140,.T.);
#24470=CARTESIAN_POINT('',(7.35290800000001,2.77555756156289E-17,0.7));
#24480=DIRECTION('',(0.,1.,1.22460635382238E-16));
#24490=VECTOR('',#24480,1.);
#24500=LINE('',#24470,#24490);
#24510=CARTESIAN_POINT('',(7.35290800000001,3.502546,0.7));
#24520=VERTEX_POINT('',#24510);
#24530=EDGE_CURVE('',#21050,#24520,#24500,.T.);
#24540=ORIENTED_EDGE('',*,*,#24530,.F.);
#24550=CARTESIAN_POINT('',(11.3195603445133,3.502546,0.7));
#24560=DIRECTION('',(-1.,0.,0.));
#24570=VECTOR('',#24560,1.);
#24580=LINE('',#24550,#24570);
#24590=CARTESIAN_POINT('',(7.70290800000001,3.502546,0.7));
#24600=VERTEX_POINT('',#24590);
#24610=EDGE_CURVE('',#24600,#24520,#24580,.T.);
#24620=ORIENTED_EDGE('',*,*,#24610,.T.);
#24630=CARTESIAN_POINT('',(7.70290800000001,0.,0.7));
#24640=DIRECTION('',(0.,1.,1.22460635382238E-16));
#24650=VECTOR('',#24640,1.);
#24660=LINE('',#24630,#24650);
#24670=CARTESIAN_POINT('',(7.70290800000001,1.302546,0.7));
#24680=VERTEX_POINT('',#24670);
#24690=EDGE_CURVE('',#24680,#24600,#24660,.T.);
#24700=ORIENTED_EDGE('',*,*,#24690,.T.);
#24710=CARTESIAN_POINT('',(11.3195603445133,1.302546,0.7));
#24720=DIRECTION('',(1.,0.,0.));
#24730=VECTOR('',#24720,1.);
#24740=LINE('',#24710,#24730);
#24750=EDGE_CURVE('',#24680,#24430,#24740,.T.);
#24760=ORIENTED_EDGE('',*,*,#24750,.F.);
#24770=EDGE_LOOP('',(#24760,#24700,#24620,#24540,#24460,#24450));
#24780=FACE_OUTER_BOUND('',#24770,.T.);
#24790=ADVANCED_FACE('',(#24780),#24370,.T.);
#24800=CARTESIAN_POINT('',(7.35290800000001,2.82740181652307,
3.55900612288382));
#24810=DIRECTION('',(-1.,0.,0.));
#24820=DIRECTION('',(-0.,-1.,-1.22460635382238E-16));
#24830=AXIS2_PLACEMENT_3D('',#24800,#24810,#24820);
#24840=PLANE('',#24830);
#24850=CARTESIAN_POINT('',(7.35290800000001,3.502546,1.797496891206));
#24860=DIRECTION('',(0.,-1.22460635382238E-16,1.));
#24870=VECTOR('',#24860,1.);
#24880=LINE('',#24850,#24870);
#24890=CARTESIAN_POINT('',(7.35290800000001,3.502546,4.9));
#24900=VERTEX_POINT('',#24890);
#24910=EDGE_CURVE('',#24520,#24900,#24880,.T.);
#24920=ORIENTED_EDGE('',*,*,#24910,.T.);
#24930=ORIENTED_EDGE('',*,*,#24530,.T.);
#24940=ORIENTED_EDGE('',*,*,#21060,.T.);
#24950=ORIENTED_EDGE('',*,*,#24260,.F.);
#24960=CARTESIAN_POINT('',(7.35290800000001,1.902546,
-2.22044604925031E-16));
#24970=DIRECTION('',(0.,1.22460635382238E-16,-1.));
#24980=VECTOR('',#24970,1.);
#24990=LINE('',#24960,#24980);
#25000=EDGE_CURVE('',#17430,#24190,#24990,.T.);
#25010=ORIENTED_EDGE('',*,*,#25000,.T.);
#25020=ORIENTED_EDGE('',*,*,#17460,.F.);
#25030=CARTESIAN_POINT('',(7.35290800000001,-0.797454,3.7));
#25040=DIRECTION('',(0.,0.,1.));
#25050=VECTOR('',#25040,1.);
#25060=LINE('',#25030,#25050);
#25070=CARTESIAN_POINT('',(7.35290800000001,-0.797454,4.9));
#25080=VERTEX_POINT('',#25070);
#25090=EDGE_CURVE('',#17450,#25080,#25060,.T.);
#25100=ORIENTED_EDGE('',*,*,#25090,.F.);
#25110=CARTESIAN_POINT('',(7.35290800000001,3.502546,4.9));
#25120=DIRECTION('',(-0.,-1.,-1.22460635382238E-16));
#25130=VECTOR('',#25120,1.);
#25140=LINE('',#25110,#25130);
#25150=EDGE_CURVE('',#24900,#25080,#25140,.T.);
#25160=ORIENTED_EDGE('',*,*,#25150,.T.);
#25170=EDGE_LOOP('',(#25160,#25100,#25020,#25010,#24950,#24940,#24930,
#24920));
#25180=FACE_OUTER_BOUND('',#25170,.T.);
#25190=ADVANCED_FACE('',(#25180),#24840,.F.);
#25200=ORIENTED_EDGE('',*,*,#17880,.T.);
#25210=ORIENTED_EDGE('',*,*,#1300,.F.);
#25220=EDGE_CURVE('',#21770,#900,#2470,.T.);
#25230=ORIENTED_EDGE('',*,*,#25220,.T.);
#25240=ORIENTED_EDGE('',*,*,#21910,.F.);
#25250=EDGE_LOOP('',(#25240,#25230,#25210,#25200));
#25260=FACE_OUTER_BOUND('',#25250,.T.);
#25270=ADVANCED_FACE('',(#25260),#2350,.T.);
#25280=CARTESIAN_POINT('',(9.10290800000001,0.102546,0.7));
#25290=DIRECTION('',(1.,-0.,0.));
#25300=DIRECTION('',(-0.,-1.,-1.22460635382238E-16));
#25310=AXIS2_PLACEMENT_3D('',#25280,#25290,#25300);
#25320=PLANE('',#25310);
#25330=CARTESIAN_POINT('',(9.10290800000001,1.302546,1.797496891206));
#25340=DIRECTION('',(0.,2.47613706159481E-16,1.));
#25350=VECTOR('',#25340,1.);
#25360=LINE('',#25330,#25350);
#25370=CARTESIAN_POINT('',(9.10290800000001,1.302546,0.299999999999998))
;
#25380=VERTEX_POINT('',#25370);
#25390=EDGE_CURVE('',#25380,#24430,#25360,.T.);
#25400=ORIENTED_EDGE('',*,*,#25390,.T.);
#25410=CARTESIAN_POINT('',(9.10290800000001,0.,0.299999999999999));
#25420=DIRECTION('',(0.,1.,-2.47613706159481E-16));
#25430=VECTOR('',#25420,1.);
#25440=LINE('',#25410,#25430);
#25450=EDGE_CURVE('',#21210,#25380,#25440,.T.);
#25460=ORIENTED_EDGE('',*,*,#25450,.T.);
#25470=ORIENTED_EDGE('',*,*,#21220,.T.);
#25480=ORIENTED_EDGE('',*,*,#24440,.F.);
#25490=EDGE_LOOP('',(#25480,#25470,#25460,#25400));
#25500=FACE_OUTER_BOUND('',#25490,.T.);
#25510=ADVANCED_FACE('',(#25500),#25320,.T.);
#25520=CARTESIAN_POINT('',(8.702908,3.002546,1.5));
#25530=DIRECTION('',(0.,0.242535625036333,-0.970142500145332));
#25540=DIRECTION('',(-0.,-0.970142500145332,-0.242535625036333));
#25550=AXIS2_PLACEMENT_3D('',#25520,#25530,#25540);
#25560=PLANE('',#25550);
#25570=ORIENTED_EDGE('',*,*,#6270,.T.);
#25580=ORIENTED_EDGE('',*,*,#17210,.T.);
#25590=ORIENTED_EDGE('',*,*,#6510,.T.);
#25600=ORIENTED_EDGE('',*,*,#18980,.T.);
#25610=EDGE_LOOP('',(#25600,#25590,#25580,#25570));
#25620=FACE_OUTER_BOUND('',#25610,.T.);
#25630=ADVANCED_FACE('',(#25620),#25560,.T.);
#25640=CARTESIAN_POINT('',(15.3387435415535,0.759011651844754,
0.299999999999999));
#25650=DIRECTION('',(-0.,3.70074341541719E-16,1.));
#25660=DIRECTION('',(1.,0.,0.));
#25670=AXIS2_PLACEMENT_3D('',#25640,#25650,#25660);
#25680=PLANE('',#25670);
#25690=ORIENTED_EDGE('',*,*,#22460,.T.);
#25700=CARTESIAN_POINT('',(11.305816,3.502546,0.299999999999998));
#25710=DIRECTION('',(-1.,0.,0.));
#25720=VECTOR('',#25710,1.);
#25730=LINE('',#25700,#25720);
#25740=CARTESIAN_POINT('',(11.602908,3.502546,0.299999999999998));
#25750=VERTEX_POINT('',#25740);
#25760=EDGE_CURVE('',#22370,#25750,#25730,.T.);
#25770=ORIENTED_EDGE('',*,*,#25760,.F.);
#25780=CARTESIAN_POINT('',(11.602908,-1.80411241501588E-16,
0.299999999999999));
#25790=DIRECTION('',(0.,-1.,3.70074341541719E-16));
#25800=VECTOR('',#25790,1.);
#25810=LINE('',#25780,#25800);
#25820=CARTESIAN_POINT('',(11.602908,1.302546,0.299999999999998));
#25830=VERTEX_POINT('',#25820);
#25840=EDGE_CURVE('',#25750,#25830,#25810,.T.);
#25850=ORIENTED_EDGE('',*,*,#25840,.F.);
#25860=CARTESIAN_POINT('',(11.305816,1.302546,0.299999999999998));
#25870=DIRECTION('',(1.,0.,0.));
#25880=VECTOR('',#25870,1.);
#25890=LINE('',#25860,#25880);
#25900=CARTESIAN_POINT('',(10.202908,1.302546,0.299999999999998));
#25910=VERTEX_POINT('',#25900);
#25920=EDGE_CURVE('',#25910,#25830,#25890,.T.);
#25930=ORIENTED_EDGE('',*,*,#25920,.T.);
#25940=CARTESIAN_POINT('',(10.202908,-1.80411241501588E-16,
0.299999999999999));
#25950=DIRECTION('',(0.,1.,-3.70074341541719E-16));
#25960=VECTOR('',#25950,1.);
#25970=LINE('',#25940,#25960);
#25980=EDGE_CURVE('',#21290,#25910,#25970,.T.);
#25990=ORIENTED_EDGE('',*,*,#25980,.T.);
#26000=ORIENTED_EDGE('',*,*,#21300,.F.);
#26010=ORIENTED_EDGE('',*,*,#25450,.F.);
#26020=CARTESIAN_POINT('',(8.00000000000001,1.302546,0.299999999999999))
;
#26030=DIRECTION('',(-1.,0.,0.));
#26040=VECTOR('',#26030,1.);
#26050=LINE('',#26020,#26040);
#26060=CARTESIAN_POINT('',(7.70290800000001,1.302546,0.299999999999998))
;
#26070=VERTEX_POINT('',#26060);
#26080=EDGE_CURVE('',#25380,#26070,#26050,.T.);
#26090=ORIENTED_EDGE('',*,*,#26080,.F.);
#26100=CARTESIAN_POINT('',(7.70290800000001,0.,0.299999999999999));
#26110=DIRECTION('',(0.,-1.,2.47613706159481E-16));
#26120=VECTOR('',#26110,1.);
#26130=LINE('',#26100,#26120);
#26140=CARTESIAN_POINT('',(7.70290800000001,3.502546,0.299999999999998))
;
#26150=VERTEX_POINT('',#26140);
#26160=EDGE_CURVE('',#26150,#26070,#26130,.T.);
#26170=ORIENTED_EDGE('',*,*,#26160,.T.);
#26180=CARTESIAN_POINT('',(8.00000000000001,3.502546,0.299999999999998))
;
#26190=DIRECTION('',(1.,0.,0.));
#26200=VECTOR('',#26190,1.);
#26210=LINE('',#26180,#26200);
#26220=CARTESIAN_POINT('',(6.65290800000001,3.502546,0.299999999999998))
;
#26230=VERTEX_POINT('',#26220);
#26240=EDGE_CURVE('',#26230,#26150,#26210,.T.);
#26250=ORIENTED_EDGE('',*,*,#26240,.T.);
#26260=CARTESIAN_POINT('',(6.65290800000001,1.94289029309402E-16,
0.299999999999999));
#26270=DIRECTION('',(0.,-1.,2.47613706159481E-16));
#26280=VECTOR('',#26270,1.);
#26290=LINE('',#26260,#26280);
#26300=CARTESIAN_POINT('',(6.65290800000001,-0.397453999999999,0.3));
#26310=VERTEX_POINT('',#26300);
#26320=EDGE_CURVE('',#26230,#26310,#26290,.T.);
#26330=ORIENTED_EDGE('',*,*,#26320,.F.);
#26340=CARTESIAN_POINT('',(11.305816,-0.397454000000001,
0.299999999999999));
#26350=DIRECTION('',(-1.,0.,0.));
#26360=VECTOR('',#26350,1.);
#26370=LINE('',#26340,#26360);
#26380=EDGE_CURVE('',#22450,#26310,#26370,.T.);
#26390=ORIENTED_EDGE('',*,*,#26380,.T.);
#26400=EDGE_LOOP('',(#26390,#26330,#26250,#26170,#26090,#26010,#26000,
#25990,#25930,#25850,#25770,#25690));
#26410=FACE_OUTER_BOUND('',#26400,.T.);
#26420=ADVANCED_FACE('',(#26410),#25680,.F.);
#26430=CARTESIAN_POINT('',(10.202908,0.102546,0.7));
#26440=DIRECTION('',(1.,0.,0.));
#26450=DIRECTION('',(-0.,-1.,0.));
#26460=AXIS2_PLACEMENT_3D('',#26430,#26440,#26450);
#26470=PLANE('',#26460);
#26480=CARTESIAN_POINT('',(10.202908,0.,0.7));
#26490=DIRECTION('',(0.,1.,0.));
#26500=VECTOR('',#26490,1.);
#26510=LINE('',#26480,#26500);
#26520=CARTESIAN_POINT('',(10.202908,1.302546,0.7));
#26530=VERTEX_POINT('',#26520);
#26540=EDGE_CURVE('',#21370,#26530,#26510,.T.);
#26550=ORIENTED_EDGE('',*,*,#26540,.T.);
#26560=ORIENTED_EDGE('',*,*,#21380,.F.);
#26570=ORIENTED_EDGE('',*,*,#25980,.F.);
#26580=CARTESIAN_POINT('',(10.202908,1.302546,1.797496891206));
#26590=DIRECTION('',(-0.,-3.70074341541719E-16,-1.));
#26600=VECTOR('',#26590,1.);
#26610=LINE('',#26580,#26600);
#26620=EDGE_CURVE('',#26530,#25910,#26610,.T.);
#26630=ORIENTED_EDGE('',*,*,#26620,.T.);
#26640=EDGE_LOOP('',(#26630,#26570,#26560,#26550));
#26650=FACE_OUTER_BOUND('',#26640,.T.);
#26660=ADVANCED_FACE('',(#26650),#26470,.F.);
#26670=CARTESIAN_POINT('',(7.04920785115327,1.902546,2.98161658234629));
#26680=DIRECTION('',(0.,1.,1.22460635382238E-16));
#26690=DIRECTION('',(-1.,0.,0.));
#26700=AXIS2_PLACEMENT_3D('',#26670,#26680,#26690);
#26710=PLANE('',#26700);
#26720=ORIENTED_EDGE('',*,*,#25000,.F.);
#26730=ORIENTED_EDGE('',*,*,#24200,.F.);
#26740=CARTESIAN_POINT('',(6.65290800000001,1.902546,
4.44089209850063E-16));
#26750=DIRECTION('',(0.,1.22460635382238E-16,-1.));
#26760=VECTOR('',#26750,1.);
#26770=LINE('',#26740,#26760);
#26780=EDGE_CURVE('',#17530,#24110,#26770,.T.);
#26790=ORIENTED_EDGE('',*,*,#26780,.T.);
#26800=ORIENTED_EDGE('',*,*,#17540,.F.);
#26810=EDGE_LOOP('',(#26800,#26790,#26730,#26720));
#26820=FACE_OUTER_BOUND('',#26810,.T.);
#26830=ADVANCED_FACE('',(#26820),#26710,.F.);
#26840=CARTESIAN_POINT('',(7.35290800000001,1.902546,2.5));
#26850=DIRECTION('',(-1.,0.,0.));
#26860=DIRECTION('',(0.,-1.22460635382238E-16,1.));
#26870=AXIS2_PLACEMENT_3D('',#26840,#26850,#26860);
#26880=PLANE('',#26870);
#26890=CARTESIAN_POINT('',(7.35290800000001,-0.797454,
-4.44089209850063E-16));
#26900=DIRECTION('',(0.,1.22460635382238E-16,-1.));
#26910=VECTOR('',#26900,1.);
#26920=LINE('',#26890,#26910);
#26930=EDGE_CURVE('',#17450,#23870,#26920,.T.);
#26940=ORIENTED_EDGE('',*,*,#26930,.T.);
#26950=ORIENTED_EDGE('',*,*,#17760,.F.);
#26960=CARTESIAN_POINT('',(7.35290800000001,-3.697454,
-2.22044604925031E-16));
#26970=DIRECTION('',(0.,2.47613706159481E-16,1.));
#26980=VECTOR('',#26970,1.);
#26990=LINE('',#26960,#26980);
#27000=EDGE_CURVE('',#23950,#17690,#26990,.T.);
#27010=ORIENTED_EDGE('',*,*,#27000,.T.);
#27020=ORIENTED_EDGE('',*,*,#23960,.T.);
#27030=EDGE_LOOP('',(#27020,#27010,#26950,#26940));
#27040=FACE_OUTER_BOUND('',#27030,.T.);
#27050=ADVANCED_FACE('',(#27040),#26880,.T.);
#27060=CARTESIAN_POINT('',(-4.4470944,-0.797454,3.6));
#27070=DIRECTION('',(0.,1.,1.22460635382238E-16));
#27080=DIRECTION('',(0.,1.22460635382238E-16,-1.));
#27090=AXIS2_PLACEMENT_3D('',#27060,#27070,#27080);
#27100=PLANE('',#27090);
#27110=ORIENTED_EDGE('',*,*,#20880,.T.);
#27120=ORIENTED_EDGE('',*,*,#23530,.F.);
#27130=CARTESIAN_POINT('',(0.,-0.797454,4.9));
#27140=DIRECTION('',(1.,0.,-1.2335811384724E-16));
#27150=VECTOR('',#27140,1.);
#27160=LINE('',#27130,#27150);
#27170=CARTESIAN_POINT('',(11.052908,-0.797454,4.89999999999999));
#27180=VERTEX_POINT('',#27170);
#27190=EDGE_CURVE('',#27180,#23460,#27160,.T.);
#27200=ORIENTED_EDGE('',*,*,#27190,.T.);
#27210=CARTESIAN_POINT('',(6.96957466666663,-0.797454,
-4.44089209850063E-16));
#27220=DIRECTION('',(0.640184399664483,1.08101391667632E-17,
0.768221279597373));
#27230=VECTOR('',#27220,1.);
#27240=LINE('',#27210,#27230);
#27250=CARTESIAN_POINT('',(10.802908,-0.797454,4.6));
#27260=VERTEX_POINT('',#27250);
#27270=EDGE_CURVE('',#27260,#27180,#27240,.T.);
#27280=ORIENTED_EDGE('',*,*,#27270,.T.);
#27290=CARTESIAN_POINT('',(11.305816,-0.797454,4.6));
#27300=DIRECTION('',(1.,0.,0.));
#27310=VECTOR('',#27300,1.);
#27320=LINE('',#27290,#27310);
#27330=CARTESIAN_POINT('',(10.502908,-0.797454,4.6));
#27340=VERTEX_POINT('',#27330);
#27350=EDGE_CURVE('',#27340,#27260,#27320,.T.);
#27360=ORIENTED_EDGE('',*,*,#27350,.T.);
#27370=CARTESIAN_POINT('',(14.3362413333333,-0.797454,
-4.44089209850063E-16));
#27380=DIRECTION('',(0.640184399664478,-1.08101391667638E-17,
-0.768221279597378));
#27390=VECTOR('',#27380,1.);
#27400=LINE('',#27370,#27390);
#27410=CARTESIAN_POINT('',(10.252908,-0.797454,4.9));
#27420=VERTEX_POINT('',#27410);
#27430=EDGE_CURVE('',#27420,#27340,#27400,.T.);
#27440=ORIENTED_EDGE('',*,*,#27430,.T.);
#27450=CARTESIAN_POINT('',(19.305816,-0.797454,4.9));
#27460=DIRECTION('',(-1.,0.,0.));
#27470=VECTOR('',#27460,1.);
#27480=LINE('',#27450,#27470);
#27490=CARTESIAN_POINT('',(9.05290800000001,-0.797454,4.9));
#27500=VERTEX_POINT('',#27490);
#27510=EDGE_CURVE('',#27420,#27500,#27480,.T.);
#27520=ORIENTED_EDGE('',*,*,#27510,.F.);
#27530=CARTESIAN_POINT('',(4.9695746666667,-0.797454,
-2.22044604925031E-16));
#27540=DIRECTION('',(-0.640184399664478,8.32667268468867E-17,
-0.768221279597378));
#27550=VECTOR('',#27540,1.);
#27560=LINE('',#27530,#27550);
#27570=CARTESIAN_POINT('',(8.80290800000001,-0.797454,4.6));
#27580=VERTEX_POINT('',#27570);
#27590=EDGE_CURVE('',#27500,#27580,#27560,.T.);
#27600=ORIENTED_EDGE('',*,*,#27590,.F.);
#27610=CARTESIAN_POINT('',(8.00000000000001,-0.797454,4.6));
#27620=DIRECTION('',(-1.,0.,0.));
#27630=VECTOR('',#27620,1.);
#27640=LINE('',#27610,#27630);
#27650=CARTESIAN_POINT('',(8.50290800000001,-0.797454,4.6));
#27660=VERTEX_POINT('',#27650);
#27670=EDGE_CURVE('',#27580,#27660,#27640,.T.);
#27680=ORIENTED_EDGE('',*,*,#27670,.F.);
#27690=CARTESIAN_POINT('',(12.3362413333334,-0.797454,
-2.22044604925031E-16));
#27700=DIRECTION('',(-0.640184399664483,-8.32667268468868E-17,
0.768221279597373));
#27710=VECTOR('',#27700,1.);
#27720=LINE('',#27690,#27710);
#27730=CARTESIAN_POINT('',(8.25290800000002,-0.797454,4.9));
#27740=VERTEX_POINT('',#27730);
#27750=EDGE_CURVE('',#27660,#27740,#27720,.T.);
#27760=ORIENTED_EDGE('',*,*,#27750,.F.);
#27770=CARTESIAN_POINT('',(19.305816,-0.797454,4.9));
#27780=DIRECTION('',(-1.,1.51065130012874E-32,-1.2335811384724E-16));
#27790=VECTOR('',#27780,1.);
#27800=LINE('',#27770,#27790);
#27810=EDGE_CURVE('',#27740,#25080,#27800,.T.);
#27820=ORIENTED_EDGE('',*,*,#27810,.F.);
#27830=ORIENTED_EDGE('',*,*,#25090,.T.);
#27840=ORIENTED_EDGE('',*,*,#26930,.F.);
#27850=ORIENTED_EDGE('',*,*,#23880,.F.);
#27860=EDGE_LOOP('',(#27850,#27840,#27830,#27820,#27760,#27680,#27600,
#27520,#27440,#27360,#27280,#27200,#27120,#27110));
#27870=FACE_OUTER_BOUND('',#27860,.T.);
#27880=ADVANCED_FACE('',(#27870),#27100,.T.);
#27890=CARTESIAN_POINT('',(8.652908,-1.647454,2.25));
#27900=DIRECTION('',(1.,0.,0.));
#27910=DIRECTION('',(0.,1.,-1.22460635382238E-16));
#27920=AXIS2_PLACEMENT_3D('',#27890,#27900,#27910);
#27930=CYLINDRICAL_SURFACE('',#27920,0.3);
#27940=CARTESIAN_POINT('',(8.402908,-1.647454,2.25));
#27950=DIRECTION('',(1.,0.,0.));
#27960=DIRECTION('',(0.,1.,-1.22460635382238E-16));
#27970=AXIS2_PLACEMENT_3D('',#27940,#27950,#27960);
#27980=CIRCLE('',#27970,0.3);
#27990=CARTESIAN_POINT('',(8.402908,-1.647454,1.95));
#28000=VERTEX_POINT('',#27990);
#28010=EDGE_CURVE('',#16130,#28000,#27980,.T.);
#28020=ORIENTED_EDGE('',*,*,#28010,.F.);
#28030=CARTESIAN_POINT('',(8.652908,-1.647454,1.95));
#28040=DIRECTION('',(1.,0.,0.));
#28050=VECTOR('',#28040,1.);
#28060=LINE('',#28030,#28050);
#28070=CARTESIAN_POINT('',(8.902908,-1.647454,1.95));
#28080=VERTEX_POINT('',#28070);
#28090=EDGE_CURVE('',#28000,#28080,#28060,.T.);
#28100=ORIENTED_EDGE('',*,*,#28090,.F.);
#28110=CARTESIAN_POINT('',(8.902908,-1.647454,2.25));
#28120=DIRECTION('',(1.,0.,0.));
#28130=DIRECTION('',(0.,1.,-1.22460635382238E-16));
#28140=AXIS2_PLACEMENT_3D('',#28110,#28120,#28130);
#28150=CIRCLE('',#28140,0.3);
#28160=EDGE_CURVE('',#16210,#28080,#28150,.T.);
#28170=ORIENTED_EDGE('',*,*,#28160,.T.);
#28180=ORIENTED_EDGE('',*,*,#16220,.T.);
#28190=EDGE_LOOP('',(#28180,#28170,#28100,#28020));
#28200=FACE_OUTER_BOUND('',#28190,.T.);
#28210=ADVANCED_FACE('',(#28200),#27930,.F.);
#28220=CARTESIAN_POINT('',(8.402908,-1.947454,2.25));
#28230=VERTEX_POINT('',#28220);
#28240=EDGE_CURVE('',#28230,#11110,#27980,.T.);
#28250=ORIENTED_EDGE('',*,*,#28240,.F.);
#28260=ORIENTED_EDGE('',*,*,#11120,.F.);
#28270=CARTESIAN_POINT('',(8.902908,-1.947454,2.25));
#28280=VERTEX_POINT('',#28270);
#28290=EDGE_CURVE('',#28280,#11030,#28150,.T.);
#28300=ORIENTED_EDGE('',*,*,#28290,.T.);
#28310=CARTESIAN_POINT('',(8.652908,-1.947454,2.25));
#28320=DIRECTION('',(1.,0.,0.));
#28330=VECTOR('',#28320,1.);
#28340=LINE('',#28310,#28330);
#28350=EDGE_CURVE('',#28230,#28280,#28340,.T.);
#28360=ORIENTED_EDGE('',*,*,#28350,.T.);
#28370=EDGE_LOOP('',(#28360,#28300,#28260,#28250));
#28380=FACE_OUTER_BOUND('',#28370,.T.);
#28390=ADVANCED_FACE('',(#28380),#27930,.F.);
#28400=CARTESIAN_POINT('',(8.652908,-1.697454,1.45));
#28410=DIRECTION('',(-1.,0.,0.));
#28420=VECTOR('',#28410,1.);
#28430=LINE('',#28400,#28420);
#28440=CARTESIAN_POINT('',(8.902908,-1.697454,1.45));
#28450=VERTEX_POINT('',#28440);
#28460=CARTESIAN_POINT('',(8.402908,-1.697454,1.45));
#28470=VERTEX_POINT('',#28460);
#28480=EDGE_CURVE('',#28450,#28470,#28430,.T.);
#28490=ORIENTED_EDGE('',*,*,#28480,.T.);
#28500=EDGE_CURVE('',#16740,#28450,#17120,.T.);
#28510=ORIENTED_EDGE('',*,*,#28500,.T.);
#28520=ORIENTED_EDGE('',*,*,#16770,.F.);
#28530=EDGE_CURVE('',#16760,#28470,#5600,.T.);
#28540=ORIENTED_EDGE('',*,*,#28530,.F.);
#28550=EDGE_LOOP('',(#28540,#28520,#28510,#28490));
#28560=FACE_OUTER_BOUND('',#28550,.T.);
#28570=ADVANCED_FACE('',(#28560),#17080,.T.);
#28580=CARTESIAN_POINT('',(8.902908,-1.697454,2.25));
#28590=DIRECTION('',(1.,0.,0.));
#28600=DIRECTION('',(-0.,-1.,-4.32650876930341E-16));
#28610=AXIS2_PLACEMENT_3D('',#28580,#28590,#28600);
#28620=CIRCLE('',#28610,0.8);
#28630=CARTESIAN_POINT('',(8.902908,-2.497454,2.25));
#28640=VERTEX_POINT('',#28630);
#28650=EDGE_CURVE('',#28640,#28450,#28620,.T.);
#28660=ORIENTED_EDGE('',*,*,#28650,.T.);
#28670=CARTESIAN_POINT('',(8.902908,-2.497454,1.95));
#28680=DIRECTION('',(0.,1.22460635382238E-16,1.));
#28690=VECTOR('',#28680,1.);
#28700=LINE('',#28670,#28690);
#28710=EDGE_CURVE('',#28640,#7700,#28700,.T.);
#28720=ORIENTED_EDGE('',*,*,#28710,.F.);
#28730=ORIENTED_EDGE('',*,*,#7710,.F.);
#28740=CARTESIAN_POINT('',(8.902908,-1.947454,1.797496891206));
#28750=DIRECTION('',(0.,-1.22460635382238E-16,-1.));
#28760=VECTOR('',#28750,1.);
#28770=LINE('',#28740,#28760);
#28780=EDGE_CURVE('',#7620,#28280,#28770,.T.);
#28790=ORIENTED_EDGE('',*,*,#28780,.F.);
#28800=ORIENTED_EDGE('',*,*,#28290,.F.);
#28810=ORIENTED_EDGE('',*,*,#11040,.T.);
#28820=ORIENTED_EDGE('',*,*,#16280,.T.);
#28830=ORIENTED_EDGE('',*,*,#28160,.F.);
#28840=EDGE_CURVE('',#28080,#16840,#6930,.T.);
#28850=ORIENTED_EDGE('',*,*,#28840,.F.);
#28860=ORIENTED_EDGE('',*,*,#16850,.F.);
#28870=ORIENTED_EDGE('',*,*,#28500,.F.);
#28880=EDGE_LOOP('',(#28870,#28860,#28850,#28830,#28820,#28810,#28800,
#28790,#28730,#28720,#28660));
#28890=FACE_OUTER_BOUND('',#28880,.T.);
#28900=ADVANCED_FACE('',(#28890),#18750,.T.);
#28910=CARTESIAN_POINT('',(8.63476371190568,-1.947454,1.63416731618951))
;
#28920=DIRECTION('',(0.,-1.,1.22460635382238E-16));
#28930=DIRECTION('',(1.,0.,0.));
#28940=AXIS2_PLACEMENT_3D('',#28910,#28920,#28930);
#28950=PLANE('',#28940);
#28960=CARTESIAN_POINT('',(8.402908,-1.947454,1.797496891206));
#28970=DIRECTION('',(0.,1.22460635382238E-16,1.));
#28980=VECTOR('',#28970,1.);
#28990=LINE('',#28960,#28980);
#29000=CARTESIAN_POINT('',(8.402908,-1.947454,7.8));
#29010=VERTEX_POINT('',#29000);
#29020=EDGE_CURVE('',#12750,#29010,#28990,.T.);
#29030=ORIENTED_EDGE('',*,*,#29020,.T.);
#29040=ORIENTED_EDGE('',*,*,#14210,.T.);
#29050=EDGE_CURVE('',#28230,#14140,#28990,.T.);
#29060=ORIENTED_EDGE('',*,*,#29050,.T.);
#29070=ORIENTED_EDGE('',*,*,#28350,.F.);
#29080=ORIENTED_EDGE('',*,*,#28780,.T.);
#29090=ORIENTED_EDGE('',*,*,#18060,.T.);
#29100=CARTESIAN_POINT('',(8.902908,-1.947454,7.8));
#29110=VERTEX_POINT('',#29100);
#29120=EDGE_CURVE('',#29110,#12550,#28770,.T.);
#29130=ORIENTED_EDGE('',*,*,#29120,.T.);
#29140=CARTESIAN_POINT('',(9.31956034451327,-1.947454,7.8));
#29150=DIRECTION('',(-1.,0.,0.));
#29160=VECTOR('',#29150,1.);
#29170=LINE('',#29140,#29160);
#29180=EDGE_CURVE('',#29110,#29010,#29170,.T.);
#29190=ORIENTED_EDGE('',*,*,#29180,.F.);
#29200=EDGE_LOOP('',(#29190,#29130,#29090,#29080,#29070,#29060,#29040,
#29030));
#29210=FACE_OUTER_BOUND('',#29200,.T.);
#29220=ADVANCED_FACE('',(#29210),#28950,.F.);
#29230=CARTESIAN_POINT('',(8.63476371190568,-2.497454,1.63416731618951))
;
#29240=DIRECTION('',(0.,-1.,1.22460635382238E-16));
#29250=DIRECTION('',(1.,0.,0.));
#29260=AXIS2_PLACEMENT_3D('',#29230,#29240,#29250);
#29270=PLANE('',#29260);
#29280=CARTESIAN_POINT('',(8.902908,-2.497454,7.8));
#29290=VERTEX_POINT('',#29280);
#29300=EDGE_CURVE('',#12470,#29290,#28700,.T.);
#29310=ORIENTED_EDGE('',*,*,#29300,.T.);
#29320=ORIENTED_EDGE('',*,*,#14380,.F.);
#29330=ORIENTED_EDGE('',*,*,#28710,.T.);
#29340=CARTESIAN_POINT('',(8.652908,-2.497454,2.25));
#29350=DIRECTION('',(-1.,0.,0.));
#29360=VECTOR('',#29350,1.);
#29370=LINE('',#29340,#29360);
#29380=CARTESIAN_POINT('',(8.402908,-2.497454,2.25));
#29390=VERTEX_POINT('',#29380);
#29400=EDGE_CURVE('',#28640,#29390,#29370,.T.);
#29410=ORIENTED_EDGE('',*,*,#29400,.F.);
#29420=CARTESIAN_POINT('',(8.402908,-2.497454,8.2));
#29430=DIRECTION('',(0.,-1.22460635382238E-16,-1.));
#29440=VECTOR('',#29430,1.);
#29450=LINE('',#29420,#29440);
#29460=EDGE_CURVE('',#15240,#29390,#29450,.T.);
#29470=ORIENTED_EDGE('',*,*,#29460,.T.);
#29480=ORIENTED_EDGE('',*,*,#18180,.F.);
#29490=CARTESIAN_POINT('',(8.402908,-2.497454,7.8));
#29500=VERTEX_POINT('',#29490);
#29510=EDGE_CURVE('',#29500,#12830,#29450,.T.);
#29520=ORIENTED_EDGE('',*,*,#29510,.T.);
#29530=CARTESIAN_POINT('',(9.31956034451327,-2.497454,7.8));
#29540=DIRECTION('',(1.,0.,0.));
#29550=VECTOR('',#29540,1.);
#29560=LINE('',#29530,#29550);
#29570=EDGE_CURVE('',#29500,#29290,#29560,.T.);
#29580=ORIENTED_EDGE('',*,*,#29570,.F.);
#29590=EDGE_LOOP('',(#29580,#29520,#29480,#29470,#29410,#29330,#29320,
#29310));
#29600=FACE_OUTER_BOUND('',#29590,.T.);
#29610=ADVANCED_FACE('',(#29600),#29270,.T.);
#29620=CARTESIAN_POINT('',(8.452908,-2.247454,8.));
#29630=DIRECTION('',(0.970142500145332,-2.97010667447773E-17,
-0.242535625036331));
#29640=DIRECTION('',(0.242535625036331,1.1880426697911E-16,
0.970142500145332));
#29650=AXIS2_PLACEMENT_3D('',#29620,#29630,#29640);
#29660=PLANE('',#29650);
#29670=CARTESIAN_POINT('',(6.90228222280151,-0.446828222801501,
1.797496891206));
#29680=DIRECTION('',(0.235702260395514,-0.235702260395516,
0.942809041582064));
#29690=VECTOR('',#29680,1.);
#29700=LINE('',#29670,#29690);
#29710=CARTESIAN_POINT('',(8.502908,-2.047454,8.2));
#29720=VERTEX_POINT('',#29710);
#29730=EDGE_CURVE('',#29010,#29720,#29700,.T.);
#29740=ORIENTED_EDGE('',*,*,#29730,.F.);
#29750=CARTESIAN_POINT('',(8.502908,0.00254600000000102,8.2));
#29760=DIRECTION('',(0.,-1.,1.22460635382238E-16));
#29770=VECTOR('',#29760,1.);
#29780=LINE('',#29750,#29770);
#29790=CARTESIAN_POINT('',(8.502908,-2.397454,8.2));
#29800=VERTEX_POINT('',#29790);
#29810=EDGE_CURVE('',#29720,#29800,#29780,.T.);
#29820=ORIENTED_EDGE('',*,*,#29810,.F.);
#29830=CARTESIAN_POINT('',(6.90228222280151,-3.9980797771985,
1.797496891206));
#29840=DIRECTION('',(-0.235702260395514,-0.235702260395516,
-0.942809041582064));
#29850=VECTOR('',#29840,1.);
#29860=LINE('',#29830,#29850);
#29870=EDGE_CURVE('',#29800,#29500,#29860,.T.);
#29880=ORIENTED_EDGE('',*,*,#29870,.F.);
#29890=CARTESIAN_POINT('',(8.402908,0.00254600000000098,7.8));
#29900=DIRECTION('',(0.,1.,-1.22460635382238E-16));
#29910=VECTOR('',#29900,1.);
#29920=LINE('',#29890,#29910);
#29930=EDGE_CURVE('',#29500,#29010,#29920,.T.);
#29940=ORIENTED_EDGE('',*,*,#29930,.F.);
#29950=EDGE_LOOP('',(#29940,#29880,#29820,#29740));
#29960=FACE_OUTER_BOUND('',#29950,.T.);
#29970=ADVANCED_FACE('',(#29960),#29660,.F.);
#29980=CARTESIAN_POINT('',(8.402908,-1.947454,8.2));
#29990=DIRECTION('',(-0.,1.22460635382238E-16,1.));
#30000=DIRECTION('',(1.,0.,0.));
#30010=AXIS2_PLACEMENT_3D('',#29980,#29990,#30000);
#30020=PLANE('',#30010);
#30030=CARTESIAN_POINT('',(8.802908,0.052546000000001,8.2));
#30040=DIRECTION('',(0.,-1.,1.22460635382238E-16));
#30050=VECTOR('',#30040,1.);
#30060=LINE('',#30030,#30050);
#30070=CARTESIAN_POINT('',(8.802908,-2.047454,8.2));
#30080=VERTEX_POINT('',#30070);
#30090=CARTESIAN_POINT('',(8.802908,-2.397454,8.2));
#30100=VERTEX_POINT('',#30090);
#30110=EDGE_CURVE('',#30080,#30100,#30060,.T.);
#30120=ORIENTED_EDGE('',*,*,#30110,.F.);
#30130=CARTESIAN_POINT('',(9.31956034451327,-2.397454,8.2));
#30140=DIRECTION('',(-1.,0.,0.));
#30150=VECTOR('',#30140,1.);
#30160=LINE('',#30130,#30150);
#30170=EDGE_CURVE('',#30100,#29800,#30160,.T.);
#30180=ORIENTED_EDGE('',*,*,#30170,.F.);
#30190=ORIENTED_EDGE('',*,*,#29810,.T.);
#30200=CARTESIAN_POINT('',(9.31956034451327,-2.047454,8.2));
#30210=DIRECTION('',(-1.,0.,0.));
#30220=VECTOR('',#30210,1.);
#30230=LINE('',#30200,#30220);
#30240=EDGE_CURVE('',#30080,#29720,#30230,.T.);
#30250=ORIENTED_EDGE('',*,*,#30240,.T.);
#30260=EDGE_LOOP('',(#30250,#30190,#30180,#30120));
#30270=FACE_OUTER_BOUND('',#30260,.T.);
#30280=ADVANCED_FACE('',(#30270),#30020,.T.);
#30290=CARTESIAN_POINT('',(8.852908,-2.197454,8.));
#30300=DIRECTION('',(0.970142500145332,2.97010667447777E-17,
0.242535625036334));
#30310=DIRECTION('',(-0.242535625036334,1.1880426697911E-16,
0.970142500145332));
#30320=AXIS2_PLACEMENT_3D('',#30290,#30300,#30310);
#30330=PLANE('',#30320);
#30340=CARTESIAN_POINT('',(10.4035337771985,-3.9980797771985,
1.797496891206));
#30350=DIRECTION('',(0.235702260395517,-0.235702260395516,
-0.942809041582063));
#30360=VECTOR('',#30350,1.);
#30370=LINE('',#30340,#30360);
#30380=EDGE_CURVE('',#30100,#29290,#30370,.T.);
#30390=ORIENTED_EDGE('',*,*,#30380,.T.);
#30400=ORIENTED_EDGE('',*,*,#30110,.T.);
#30410=CARTESIAN_POINT('',(10.4035337771985,-0.446828222801501,
1.797496891206));
#30420=DIRECTION('',(0.235702260395517,0.235702260395516,
-0.942809041582063));
#30430=VECTOR('',#30420,1.);
#30440=LINE('',#30410,#30430);
#30450=EDGE_CURVE('',#30080,#29110,#30440,.T.);
#30460=ORIENTED_EDGE('',*,*,#30450,.F.);
#30470=CARTESIAN_POINT('',(8.902908,0.052546000000001,7.8));
#30480=DIRECTION('',(0.,1.,-1.22460635382238E-16));
#30490=VECTOR('',#30480,1.);
#30500=LINE('',#30470,#30490);
#30510=EDGE_CURVE('',#29290,#29110,#30500,.T.);
#30520=ORIENTED_EDGE('',*,*,#30510,.T.);
#30530=EDGE_LOOP('',(#30520,#30460,#30400,#30390));
#30540=FACE_OUTER_BOUND('',#30530,.T.);
#30550=ADVANCED_FACE('',(#30540),#30330,.T.);
#30560=CARTESIAN_POINT('',(8.652908,-1.997454,8.));
#30570=DIRECTION('',(-0.,-0.970142500145332,-0.242535625036333));
#30580=DIRECTION('',(0.,-0.242535625036333,0.970142500145332));
#30590=AXIS2_PLACEMENT_3D('',#30560,#30570,#30580);
#30600=PLANE('',#30590);
#30610=ORIENTED_EDGE('',*,*,#30450,.T.);
#30620=ORIENTED_EDGE('',*,*,#30240,.F.);
#30630=ORIENTED_EDGE('',*,*,#29730,.T.);
#30640=ORIENTED_EDGE('',*,*,#29180,.T.);
#30650=EDGE_LOOP('',(#30640,#30630,#30620,#30610));
#30660=FACE_OUTER_BOUND('',#30650,.T.);
#30670=ADVANCED_FACE('',(#30660),#30600,.F.);
#30680=CARTESIAN_POINT('',(8.652908,-2.447454,8.));
#30690=DIRECTION('',(0.,-0.970142500145332,0.242535625036333));
#30700=DIRECTION('',(0.,0.242535625036333,0.970142500145332));
#30710=AXIS2_PLACEMENT_3D('',#30680,#30690,#30700);
#30720=PLANE('',#30710);
#30730=ORIENTED_EDGE('',*,*,#29870,.T.);
#30740=ORIENTED_EDGE('',*,*,#30170,.T.);
#30750=ORIENTED_EDGE('',*,*,#30380,.F.);
#30760=ORIENTED_EDGE('',*,*,#29570,.T.);
#30770=EDGE_LOOP('',(#30760,#30750,#30740,#30730));
#30780=FACE_OUTER_BOUND('',#30770,.T.);
#30790=ADVANCED_FACE('',(#30780),#30720,.T.);
#30800=ORIENTED_EDGE('',*,*,#29020,.F.);
#30810=ORIENTED_EDGE('',*,*,#29930,.T.);
#30820=ORIENTED_EDGE('',*,*,#29510,.F.);
#30830=ORIENTED_EDGE('',*,*,#12840,.F.);
#30840=EDGE_LOOP('',(#30830,#30820,#30810,#30800));
#30850=FACE_OUTER_BOUND('',#30840,.T.);
#30860=ADVANCED_FACE('',(#30850),#5560,.T.);
#30870=ORIENTED_EDGE('',*,*,#16990,.F.);
#30880=EDGE_CURVE('',#16920,#28000,#5780,.T.);
#30890=ORIENTED_EDGE('',*,*,#30880,.F.);
#30900=ORIENTED_EDGE('',*,*,#28010,.T.);
#30910=ORIENTED_EDGE('',*,*,#16140,.T.);
#30920=ORIENTED_EDGE('',*,*,#11200,.T.);
#30930=ORIENTED_EDGE('',*,*,#28240,.T.);
#30940=ORIENTED_EDGE('',*,*,#29050,.F.);
#30950=ORIENTED_EDGE('',*,*,#15310,.T.);
#30960=ORIENTED_EDGE('',*,*,#29460,.F.);
#30970=CARTESIAN_POINT('',(8.402908,-1.697454,2.25));
#30980=DIRECTION('',(1.,0.,0.));
#30990=DIRECTION('',(-0.,-1.,-4.32650876930341E-16));
#31000=AXIS2_PLACEMENT_3D('',#30970,#30980,#30990);
#31010=CIRCLE('',#31000,0.8);
#31020=EDGE_CURVE('',#29390,#28470,#31010,.T.);
#31030=ORIENTED_EDGE('',*,*,#31020,.F.);
#31040=ORIENTED_EDGE('',*,*,#28530,.T.);
#31050=EDGE_LOOP('',(#31040,#31030,#30960,#30950,#30940,#30930,#30920,
#30910,#30900,#30890,#30870));
#31060=FACE_OUTER_BOUND('',#31050,.T.);
#31070=ADVANCED_FACE('',(#31060),#5560,.T.);
#31080=ORIENTED_EDGE('',*,*,#16930,.F.);
#31090=ORIENTED_EDGE('',*,*,#28840,.T.);
#31100=ORIENTED_EDGE('',*,*,#28090,.T.);
#31110=ORIENTED_EDGE('',*,*,#30880,.T.);
#31120=EDGE_LOOP('',(#31110,#31100,#31090,#31080));
#31130=FACE_OUTER_BOUND('',#31120,.T.);
#31140=ADVANCED_FACE('',(#31130),#6820,.T.);
#31150=ORIENTED_EDGE('',*,*,#29300,.F.);
#31160=ORIENTED_EDGE('',*,*,#30510,.F.);
#31170=ORIENTED_EDGE('',*,*,#29120,.F.);
#31180=ORIENTED_EDGE('',*,*,#12560,.F.);
#31190=EDGE_LOOP('',(#31180,#31170,#31160,#31150));
#31200=FACE_OUTER_BOUND('',#31190,.T.);
#31210=ADVANCED_FACE('',(#31200),#18750,.T.);
#31220=CARTESIAN_POINT('',(8.652908,-1.697454,2.25));
#31230=DIRECTION('',(-1.,0.,0.));
#31240=DIRECTION('',(0.,-1.,1.22460635382238E-16));
#31250=AXIS2_PLACEMENT_3D('',#31220,#31230,#31240);
#31260=CYLINDRICAL_SURFACE('',#31250,0.8);
#31270=ORIENTED_EDGE('',*,*,#28650,.F.);
#31280=ORIENTED_EDGE('',*,*,#28480,.F.);
#31290=ORIENTED_EDGE('',*,*,#31020,.T.);
#31300=ORIENTED_EDGE('',*,*,#29400,.T.);
#31310=EDGE_LOOP('',(#31300,#31290,#31280,#31270));
#31320=FACE_OUTER_BOUND('',#31310,.T.);
#31330=ADVANCED_FACE('',(#31320),#31260,.T.);
#31340=CARTESIAN_POINT('',(8.702908,3.002546,1.9));
#31350=DIRECTION('',(-0.,0.242535625036333,0.970142500145332));
#31360=DIRECTION('',(0.,-0.970142500145332,0.242535625036333));
#31370=AXIS2_PLACEMENT_3D('',#31340,#31350,#31360);
#31380=PLANE('',#31370);
#31390=ORIENTED_EDGE('',*,*,#6670,.T.);
#31400=ORIENTED_EDGE('',*,*,#6880,.T.);
#31410=ORIENTED_EDGE('',*,*,#6180,.T.);
#31420=ORIENTED_EDGE('',*,*,#19050,.T.);
#31430=EDGE_LOOP('',(#31420,#31410,#31400,#31390));
#31440=FACE_OUTER_BOUND('',#31430,.T.);
#31450=ADVANCED_FACE('',(#31440),#31380,.T.);
#31460=CARTESIAN_POINT('',(10.902908,0.0525460000000002,1.45));
#31470=DIRECTION('',(1.,0.,-0.));
#31480=DIRECTION('',(0.,1.22460635382238E-16,1.));
#31490=AXIS2_PLACEMENT_3D('',#31460,#31470,#31480);
#31500=PLANE('',#31490);
#31510=ORIENTED_EDGE('',*,*,#4930,.T.);
#31520=ORIENTED_EDGE('',*,*,#4040,.F.);
#31530=ORIENTED_EDGE('',*,*,#19750,.T.);
#31540=ORIENTED_EDGE('',*,*,#2940,.F.);
#31550=ORIENTED_EDGE('',*,*,#4530,.F.);
#31560=ORIENTED_EDGE('',*,*,#10840,.F.);
#31570=ORIENTED_EDGE('',*,*,#10370,.T.);
#31580=ORIENTED_EDGE('',*,*,#5960,.F.);
#31590=ORIENTED_EDGE('',*,*,#2500,.F.);
#31600=CARTESIAN_POINT('',(10.902908,-1.497454,1.797496891206));
#31610=DIRECTION('',(-0.,-3.70074341541719E-16,-1.));
#31620=VECTOR('',#31610,1.);
#31630=LINE('',#31600,#31620);
#31640=CARTESIAN_POINT('',(10.902908,-1.497454,1.45));
#31650=VERTEX_POINT('',#31640);
#31660=EDGE_CURVE('',#2410,#31650,#31630,.T.);
#31670=ORIENTED_EDGE('',*,*,#31660,.F.);
#31680=CARTESIAN_POINT('',(10.902908,0.802546000000001,1.45));
#31690=DIRECTION('',(-0.,-1.,0.));
#31700=VECTOR('',#31690,1.);
#31710=LINE('',#31680,#31700);
#31720=EDGE_CURVE('',#31650,#4920,#31710,.T.);
#31730=ORIENTED_EDGE('',*,*,#31720,.F.);
#31740=EDGE_LOOP('',(#31730,#31670,#31590,#31580,#31570,#31560,#31550,
#31540,#31530,#31520,#31510));
#31750=FACE_OUTER_BOUND('',#31740,.T.);
#31760=ADVANCED_FACE('',(#31750),#31500,.T.);
#31770=CARTESIAN_POINT('',(10.902908,0.0525460000000002,1.45));
#31780=DIRECTION('',(-0.,-1.22460635382238E-16,-1.));
#31790=DIRECTION('',(-1.,0.,0.));
#31800=AXIS2_PLACEMENT_3D('',#31770,#31780,#31790);
#31810=PLANE('',#31800);
#31820=ORIENTED_EDGE('',*,*,#4990,.T.);
#31830=ORIENTED_EDGE('',*,*,#31720,.T.);
#31840=CARTESIAN_POINT('',(11.3195603445133,-1.497454,1.45));
#31850=DIRECTION('',(-1.,0.,0.));
#31860=VECTOR('',#31850,1.);
#31870=LINE('',#31840,#31860);
#31880=EDGE_CURVE('',#31650,#1470,#31870,.T.);
#31890=ORIENTED_EDGE('',*,*,#31880,.F.);
#31900=ORIENTED_EDGE('',*,*,#2260,.F.);
#31910=EDGE_LOOP('',(#31900,#31890,#31830,#31820));
#31920=FACE_OUTER_BOUND('',#31910,.T.);
#31930=ADVANCED_FACE('',(#31920),#31810,.T.);
#31940=CARTESIAN_POINT('',(8.00000000000001,-3.397454,1.62));
#31950=DIRECTION('',(-1.,0.,0.));
#31960=DIRECTION('',(0.,1.,0.));
#31970=AXIS2_PLACEMENT_3D('',#31940,#31950,#31960);
#31980=CYLINDRICAL_SURFACE('',#31970,0.3);
#31990=ORIENTED_EDGE('',*,*,#14670,.T.);
#32000=CARTESIAN_POINT('',(8.00000000000001,-3.397454,1.32));
#32010=DIRECTION('',(-1.,0.,0.));
#32020=VECTOR('',#32010,1.);
#32030=LINE('',#32000,#32020);
#32040=CARTESIAN_POINT('',(6.65290800000001,-3.397454,1.32));
#32050=VERTEX_POINT('',#32040);
#32060=EDGE_CURVE('',#14570,#32050,#32030,.T.);
#32070=ORIENTED_EDGE('',*,*,#32060,.F.);
#32080=CARTESIAN_POINT('',(6.65290800000001,-3.397454,1.62));
#32090=DIRECTION('',(-1.,0.,0.));
#32100=DIRECTION('',(0.,1.,0.));
#32110=AXIS2_PLACEMENT_3D('',#32080,#32090,#32100);
#32120=CIRCLE('',#32110,0.3);
#32130=CARTESIAN_POINT('',(6.65290800000001,-3.697454,1.62));
#32140=VERTEX_POINT('',#32130);
#32150=EDGE_CURVE('',#32050,#32140,#32120,.T.);
#32160=ORIENTED_EDGE('',*,*,#32150,.F.);
#32170=CARTESIAN_POINT('',(8.00000000000001,-3.697454,1.62));
#32180=DIRECTION('',(-1.,0.,0.));
#32190=VECTOR('',#32180,1.);
#32200=LINE('',#32170,#32190);
#32210=EDGE_CURVE('',#14660,#32140,#32200,.T.);
#32220=ORIENTED_EDGE('',*,*,#32210,.T.);
#32230=EDGE_LOOP('',(#32220,#32160,#32070,#31990));
#32240=FACE_OUTER_BOUND('',#32230,.T.);
#32250=ADVANCED_FACE('',(#32240),#31980,.T.);
#32260=CARTESIAN_POINT('',(14.3729104,-1.897454,1.32));
#32270=DIRECTION('',(-0.,2.46716227694479E-16,1.));
#32280=DIRECTION('',(0.,-1.,2.46716227694479E-16));
#32290=AXIS2_PLACEMENT_3D('',#32260,#32270,#32280);
#32300=PLANE('',#32290);
#32310=CARTESIAN_POINT('',(6.65290800000001,6.93889390390723E-17,1.32));
#32320=DIRECTION('',(0.,1.,-2.46716227694479E-16));
#32330=VECTOR('',#32320,1.);
#32340=LINE('',#32310,#32330);
#32350=EDGE_CURVE('',#32050,#9160,#32340,.T.);
#32360=ORIENTED_EDGE('',*,*,#32350,.T.);
#32370=ORIENTED_EDGE('',*,*,#32060,.T.);
#32380=ORIENTED_EDGE('',*,*,#14580,.F.);
#32390=ORIENTED_EDGE('',*,*,#9250,.F.);
#32400=EDGE_LOOP('',(#32390,#32380,#32370,#32360));
#32410=FACE_OUTER_BOUND('',#32400,.T.);
#32420=ADVANCED_FACE('',(#32410),#32300,.F.);
#32430=ORIENTED_EDGE('',*,*,#3920,.F.);
#32440=ORIENTED_EDGE('',*,*,#5230,.F.);
#32450=ORIENTED_EDGE('',*,*,#3060,.F.);
#32460=ORIENTED_EDGE('',*,*,#12000,.T.);
#32470=EDGE_LOOP('',(#32460,#32450,#32440,#32430));
#32480=FACE_OUTER_BOUND('',#32470,.T.);
#32490=ADVANCED_FACE('',(#32480),#31500,.T.);
#32500=EDGE_CURVE('',#820,#21750,#31710,.T.);
#32510=ORIENTED_EDGE('',*,*,#32500,.T.);
#32520=ORIENTED_EDGE('',*,*,#1130,.F.);
#32530=ORIENTED_EDGE('',*,*,#17830,.F.);
#32540=ORIENTED_EDGE('',*,*,#21840,.F.);
#32550=EDGE_LOOP('',(#32540,#32530,#32520,#32510));
#32560=FACE_OUTER_BOUND('',#32550,.T.);
#32570=ADVANCED_FACE('',(#32560),#31810,.T.);
#32580=ORIENTED_EDGE('',*,*,#25220,.F.);
#32590=ORIENTED_EDGE('',*,*,#910,.F.);
#32600=ORIENTED_EDGE('',*,*,#32500,.F.);
#32610=ORIENTED_EDGE('',*,*,#21780,.F.);
#32620=EDGE_LOOP('',(#32610,#32600,#32590,#32580));
#32630=FACE_OUTER_BOUND('',#32620,.T.);
#32640=ADVANCED_FACE('',(#32630),#31500,.T.);
#32650=CARTESIAN_POINT('',(7.70290800000001,-3.697454,0.3));
#32660=DIRECTION('',(0.,-1.,2.47613706159481E-16));
#32670=DIRECTION('',(1.,0.,0.));
#32680=AXIS2_PLACEMENT_3D('',#32650,#32660,#32670);
#32690=PLANE('',#32680);
#32700=CARTESIAN_POINT('',(6.65290800000001,-3.697454,
-2.22044604925031E-16));
#32710=DIRECTION('',(0.,2.47613706159481E-16,1.));
#32720=VECTOR('',#32710,1.);
#32730=LINE('',#32700,#32720);
#32740=EDGE_CURVE('',#17610,#13110,#32730,.T.);
#32750=ORIENTED_EDGE('',*,*,#32740,.F.);
#32760=ORIENTED_EDGE('',*,*,#13120,.T.);
#32770=ORIENTED_EDGE('',*,*,#14730,.T.);
#32780=ORIENTED_EDGE('',*,*,#32210,.F.);
#32790=EDGE_CURVE('',#32140,#24030,#32730,.T.);
#32800=ORIENTED_EDGE('',*,*,#32790,.F.);
#32810=ORIENTED_EDGE('',*,*,#24040,.F.);
#32820=ORIENTED_EDGE('',*,*,#27000,.F.);
#32830=ORIENTED_EDGE('',*,*,#17700,.F.);
#32840=EDGE_LOOP('',(#32830,#32820,#32810,#32800,#32780,#32770,#32760,
#32750));
#32850=FACE_OUTER_BOUND('',#32840,.T.);
#32860=ADVANCED_FACE('',(#32850),#32690,.T.);
#32870=CARTESIAN_POINT('',(10.802908,3.502546,4.6));
#32880=DIRECTION('',(0.,1.22460635382238E-16,-1.));
#32890=DIRECTION('',(1.,0.,0.));
#32900=AXIS2_PLACEMENT_3D('',#32870,#32880,#32890);
#32910=PLANE('',#32900);
#32920=CARTESIAN_POINT('',(10.502908,0.,4.6));
#32930=DIRECTION('',(-0.,-1.,-1.22460635382238E-16));
#32940=VECTOR('',#32930,1.);
#32950=LINE('',#32920,#32940);
#32960=CARTESIAN_POINT('',(10.502908,3.502546,4.6));
#32970=VERTEX_POINT('',#32960);
#32980=EDGE_CURVE('',#32970,#27340,#32950,.T.);
#32990=ORIENTED_EDGE('',*,*,#32980,.F.);
#33000=ORIENTED_EDGE('',*,*,#27350,.F.);
#33010=CARTESIAN_POINT('',(10.802908,0.,4.6));
#33020=DIRECTION('',(1.60447933055673E-32,-1.,-1.22460635382238E-16));
#33030=VECTOR('',#33020,1.);
#33040=LINE('',#33010,#33030);
#33050=CARTESIAN_POINT('',(10.802908,3.502546,4.6));
#33060=VERTEX_POINT('',#33050);
#33070=EDGE_CURVE('',#33060,#27260,#33040,.T.);
#33080=ORIENTED_EDGE('',*,*,#33070,.T.);
#33090=CARTESIAN_POINT('',(11.305816,3.502546,4.6));
#33100=DIRECTION('',(1.,0.,0.));
#33110=VECTOR('',#33100,1.);
#33120=LINE('',#33090,#33110);
#33130=EDGE_CURVE('',#32970,#33060,#33120,.T.);
#33140=ORIENTED_EDGE('',*,*,#33130,.T.);
#33150=EDGE_LOOP('',(#33140,#33080,#33000,#32990));
#33160=FACE_OUTER_BOUND('',#33150,.T.);
#33170=ADVANCED_FACE('',(#33160),#32910,.T.);
#33180=CARTESIAN_POINT('',(11.602908,3.502546,0.7));
#33190=DIRECTION('',(0.,1.22460635382238E-16,1.));
#33200=DIRECTION('',(-1.,0.,0.));
#33210=AXIS2_PLACEMENT_3D('',#33180,#33190,#33200);
#33220=PLANE('',#33210);
#33230=ORIENTED_EDGE('',*,*,#23680,.T.);
#33240=ORIENTED_EDGE('',*,*,#21460,.F.);
#33250=ORIENTED_EDGE('',*,*,#26540,.F.);
#33260=CARTESIAN_POINT('',(11.3195603445133,1.302546,0.7));
#33270=DIRECTION('',(1.,0.,0.));
#33280=VECTOR('',#33270,1.);
#33290=LINE('',#33260,#33280);
#33300=CARTESIAN_POINT('',(11.602908,1.302546,0.7));
#33310=VERTEX_POINT('',#33300);
#33320=EDGE_CURVE('',#26530,#33310,#33290,.T.);
#33330=ORIENTED_EDGE('',*,*,#33320,.F.);
#33340=CARTESIAN_POINT('',(11.602908,-1.38777878078145E-16,0.7));
#33350=DIRECTION('',(0.,1.,0.));
#33360=VECTOR('',#33350,1.);
#33370=LINE('',#33340,#33360);
#33380=CARTESIAN_POINT('',(11.602908,3.502546,0.7));
#33390=VERTEX_POINT('',#33380);
#33400=EDGE_CURVE('',#33310,#33390,#33370,.T.);
#33410=ORIENTED_EDGE('',*,*,#33400,.F.);
#33420=CARTESIAN_POINT('',(11.305816,3.502546,0.7));
#33430=DIRECTION('',(1.,0.,0.));
#33440=VECTOR('',#33430,1.);
#33450=LINE('',#33420,#33440);
#33460=EDGE_CURVE('',#33390,#23380,#33450,.T.);
#33470=ORIENTED_EDGE('',*,*,#33460,.F.);
#33480=EDGE_LOOP('',(#33470,#33410,#33330,#33250,#33240,#33230));
#33490=FACE_OUTER_BOUND('',#33480,.T.);
#33500=ADVANCED_FACE('',(#33490),#33220,.T.);
#33510=CARTESIAN_POINT('',(7.70290800000001,1.302546,0.299999999999999))
;
#33520=DIRECTION('',(-1.,0.,0.));
#33530=DIRECTION('',(0.,-1.,2.47613706159481E-16));
#33540=AXIS2_PLACEMENT_3D('',#33510,#33520,#33530);
#33550=PLANE('',#33540);
#33560=ORIENTED_EDGE('',*,*,#26160,.F.);
#33570=CARTESIAN_POINT('',(7.70290800000001,1.302546,
-2.22044604925031E-16));
#33580=DIRECTION('',(0.,2.47613706159481E-16,1.));
#33590=VECTOR('',#33580,1.);
#33600=LINE('',#33570,#33590);
#33610=EDGE_CURVE('',#26070,#24680,#33600,.T.);
#33620=ORIENTED_EDGE('',*,*,#33610,.F.);
#33630=ORIENTED_EDGE('',*,*,#24690,.F.);
#33640=CARTESIAN_POINT('',(7.70290800000001,3.502546,
-2.22044604925031E-16));
#33650=DIRECTION('',(0.,-1.22460635382238E-16,1.));
#33660=VECTOR('',#33650,1.);
#33670=LINE('',#33640,#33660);
#33680=EDGE_CURVE('',#26150,#24600,#33670,.T.);
#33690=ORIENTED_EDGE('',*,*,#33680,.T.);
#33700=EDGE_LOOP('',(#33690,#33630,#33620,#33560));
#33710=FACE_OUTER_BOUND('',#33700,.T.);
#33720=ADVANCED_FACE('',(#33710),#33550,.F.);
#33730=CARTESIAN_POINT('',(9.10290800000001,1.302546,0.299999999999999))
;
#33740=DIRECTION('',(0.,-1.,2.47613706159481E-16));
#33750=DIRECTION('',(1.,0.,0.));
#33760=AXIS2_PLACEMENT_3D('',#33730,#33740,#33750);
#33770=PLANE('',#33760);
#33780=ORIENTED_EDGE('',*,*,#24750,.T.);
#33790=ORIENTED_EDGE('',*,*,#33610,.T.);
#33800=ORIENTED_EDGE('',*,*,#26080,.T.);
#33810=ORIENTED_EDGE('',*,*,#25390,.F.);
#33820=EDGE_LOOP('',(#33810,#33800,#33790,#33780));
#33830=FACE_OUTER_BOUND('',#33820,.T.);
#33840=ADVANCED_FACE('',(#33830),#33770,.F.);
#33850=CARTESIAN_POINT('',(11.602908,1.302546,0.299999999999998));
#33860=DIRECTION('',(-1.,0.,0.));
#33870=DIRECTION('',(0.,-1.,3.70074341541719E-16));
#33880=AXIS2_PLACEMENT_3D('',#33850,#33860,#33870);
#33890=PLANE('',#33880);
#33900=ORIENTED_EDGE('',*,*,#33400,.T.);
#33910=CARTESIAN_POINT('',(11.602908,1.302546,-6.66133814775094E-16));
#33920=DIRECTION('',(0.,3.70074341541719E-16,1.));
#33930=VECTOR('',#33920,1.);
#33940=LINE('',#33910,#33930);
#33950=EDGE_CURVE('',#25830,#33310,#33940,.T.);
#33960=ORIENTED_EDGE('',*,*,#33950,.T.);
#33970=ORIENTED_EDGE('',*,*,#25840,.T.);
#33980=CARTESIAN_POINT('',(11.602908,3.502546,-8.88178419700125E-16));
#33990=DIRECTION('',(0.,0.,1.));
#34000=VECTOR('',#33990,1.);
#34010=LINE('',#33980,#34000);
#34020=EDGE_CURVE('',#25750,#33390,#34010,.T.);
#34030=ORIENTED_EDGE('',*,*,#34020,.F.);
#34040=EDGE_LOOP('',(#34030,#33970,#33960,#33900));
#34050=FACE_OUTER_BOUND('',#34040,.T.);
#34060=ADVANCED_FACE('',(#34050),#33890,.T.);
#34070=CARTESIAN_POINT('',(12.4388385334209,3.502546,1.6273614662291));
#34080=DIRECTION('',(0.,1.,-1.22460635382238E-16));
#34090=DIRECTION('',(-1.,0.,0.));
#34100=AXIS2_PLACEMENT_3D('',#34070,#34080,#34090);
#34110=PLANE('',#34100);
#34120=ORIENTED_EDGE('',*,*,#34020,.T.);
#34130=ORIENTED_EDGE('',*,*,#25760,.T.);
#34140=ORIENTED_EDGE('',*,*,#22380,.T.);
#34150=ORIENTED_EDGE('',*,*,#13260,.F.);
#34160=CARTESIAN_POINT('',(6.65290800000001,3.502546,
6.66133814775094E-16));
#34170=DIRECTION('',(0.,2.44921270764475E-16,-1.));
#34180=VECTOR('',#34170,1.);
#34190=LINE('',#34160,#34180);
#34200=EDGE_CURVE('',#13190,#26230,#34190,.T.);
#34210=ORIENTED_EDGE('',*,*,#34200,.F.);
#34220=ORIENTED_EDGE('',*,*,#26240,.F.);
#34230=ORIENTED_EDGE('',*,*,#33680,.F.);
#34240=ORIENTED_EDGE('',*,*,#24610,.F.);
#34250=ORIENTED_EDGE('',*,*,#24910,.F.);
#34260=CARTESIAN_POINT('',(19.305816,3.502546,4.9));
#34270=DIRECTION('',(1.,-1.51065130012874E-32,1.2335811384724E-16));
#34280=VECTOR('',#34270,1.);
#34290=LINE('',#34260,#34280);
#34300=CARTESIAN_POINT('',(8.25290800000001,3.502546,4.9));
#34310=VERTEX_POINT('',#34300);
#34320=EDGE_CURVE('',#24900,#34310,#34290,.T.);
#34330=ORIENTED_EDGE('',*,*,#34320,.F.);
#34340=CARTESIAN_POINT('',(12.3362413333334,3.502546,
8.88178419700125E-16));
#34350=DIRECTION('',(-0.640184399664483,-9.407686601365E-17,
0.768221279597373));
#34360=VECTOR('',#34350,1.);
#34370=LINE('',#34340,#34360);
#34380=CARTESIAN_POINT('',(8.50290800000001,3.502546,4.6));
#34390=VERTEX_POINT('',#34380);
#34400=EDGE_CURVE('',#34390,#34310,#34370,.T.);
#34410=ORIENTED_EDGE('',*,*,#34400,.T.);
#34420=CARTESIAN_POINT('',(8.00000000000001,3.502546,4.6));
#34430=DIRECTION('',(-1.,0.,0.));
#34440=VECTOR('',#34430,1.);
#34450=LINE('',#34420,#34440);
#34460=CARTESIAN_POINT('',(8.80290800000001,3.502546,4.6));
#34470=VERTEX_POINT('',#34460);
#34480=EDGE_CURVE('',#34470,#34390,#34450,.T.);
#34490=ORIENTED_EDGE('',*,*,#34480,.T.);
#34500=CARTESIAN_POINT('',(4.9695746666667,3.502546,8.88178419700125E-16
));
#34510=DIRECTION('',(-0.640184399664477,9.40768660136506E-17,
-0.768221279597378));
#34520=VECTOR('',#34510,1.);
#34530=LINE('',#34500,#34520);
#34540=CARTESIAN_POINT('',(9.05290800000001,3.502546,4.9));
#34550=VERTEX_POINT('',#34540);
#34560=EDGE_CURVE('',#34550,#34470,#34530,.T.);
#34570=ORIENTED_EDGE('',*,*,#34560,.T.);
#34580=CARTESIAN_POINT('',(19.305816,3.502546,4.9));
#34590=DIRECTION('',(1.,0.,0.));
#34600=VECTOR('',#34590,1.);
#34610=LINE('',#34580,#34600);
#34620=CARTESIAN_POINT('',(10.252908,3.502546,4.9));
#34630=VERTEX_POINT('',#34620);
#34640=EDGE_CURVE('',#34550,#34630,#34610,.T.);
#34650=ORIENTED_EDGE('',*,*,#34640,.F.);
#34660=CARTESIAN_POINT('',(14.3362413333333,3.502546,
8.88178419700125E-16));
#34670=DIRECTION('',(0.640184399664478,9.40768660136506E-17,
-0.768221279597378));
#34680=VECTOR('',#34670,1.);
#34690=LINE('',#34660,#34680);
#34700=EDGE_CURVE('',#34630,#32970,#34690,.T.);
#34710=ORIENTED_EDGE('',*,*,#34700,.F.);
#34720=ORIENTED_EDGE('',*,*,#33130,.F.);
#34730=CARTESIAN_POINT('',(6.96957466666663,3.502546,
8.88178419700125E-16));
#34740=DIRECTION('',(0.640184399664483,-9.407686601365E-17,
0.768221279597373));
#34750=VECTOR('',#34740,1.);
#34760=LINE('',#34730,#34750);
#34770=CARTESIAN_POINT('',(11.052908,3.502546,4.9));
#34780=VERTEX_POINT('',#34770);
#34790=EDGE_CURVE('',#33060,#34780,#34760,.T.);
#34800=ORIENTED_EDGE('',*,*,#34790,.F.);
#34810=CARTESIAN_POINT('',(0.,3.502546,4.9));
#34820=DIRECTION('',(-1.,-1.51065130012874E-32,1.2335811384724E-16));
#34830=VECTOR('',#34820,1.);
#34840=LINE('',#34810,#34830);
#34850=EDGE_CURVE('',#23360,#34780,#34840,.T.);
#34860=ORIENTED_EDGE('',*,*,#34850,.T.);
#34870=ORIENTED_EDGE('',*,*,#23390,.F.);
#34880=ORIENTED_EDGE('',*,*,#33460,.T.);
#34890=EDGE_LOOP('',(#34880,#34870,#34860,#34800,#34720,#34710,#34650,
#34570,#34490,#34410,#34330,#34250,#34240,#34230,#34220,#34210,#34150,
#34140,#34130,#34120));
#34900=FACE_OUTER_BOUND('',#34890,.T.);
#34910=ADVANCED_FACE('',(#34900),#34110,.T.);
#34920=CARTESIAN_POINT('',(8.50290800000001,3.502546,4.6));
#34930=DIRECTION('',(0.,-1.22460635382238E-16,1.));
#34940=DIRECTION('',(-1.,0.,0.));
#34950=AXIS2_PLACEMENT_3D('',#34920,#34930,#34940);
#34960=PLANE('',#34950);
#34970=ORIENTED_EDGE('',*,*,#34480,.F.);
#34980=CARTESIAN_POINT('',(8.50290800000002,0.,4.6));
#34990=DIRECTION('',(1.60447933055673E-32,-1.,-1.22460635382238E-16));
#35000=VECTOR('',#34990,1.);
#35010=LINE('',#34980,#35000);
#35020=EDGE_CURVE('',#34390,#27660,#35010,.T.);
#35030=ORIENTED_EDGE('',*,*,#35020,.F.);
#35040=ORIENTED_EDGE('',*,*,#27670,.T.);
#35050=CARTESIAN_POINT('',(8.80290800000001,3.502546,4.6));
#35060=DIRECTION('',(-0.,-1.,-1.22460635382238E-16));
#35070=VECTOR('',#35060,1.);
#35080=LINE('',#35050,#35070);
#35090=EDGE_CURVE('',#34470,#27580,#35080,.T.);
#35100=ORIENTED_EDGE('',*,*,#35090,.T.);
#35110=EDGE_LOOP('',(#35100,#35040,#35030,#34970));
#35120=FACE_OUTER_BOUND('',#35110,.T.);
#35130=ADVANCED_FACE('',(#35120),#34960,.F.);
#35140=CARTESIAN_POINT('',(8.80290800000001,3.502546,4.6));
#35150=DIRECTION('',(-0.768221279597378,-7.83973883447083E-17,
0.640184399664478));
#35160=DIRECTION('',(-0.640184399664478,9.40768660136506E-17,
-0.768221279597378));
#35170=AXIS2_PLACEMENT_3D('',#35140,#35150,#35160);
#35180=PLANE('',#35170);
#35190=ORIENTED_EDGE('',*,*,#34560,.F.);
#35200=ORIENTED_EDGE('',*,*,#35090,.F.);
#35210=ORIENTED_EDGE('',*,*,#27590,.T.);
#35220=CARTESIAN_POINT('',(9.05290800000001,0.,4.9));
#35230=DIRECTION('',(-0.,-1.,-1.22460635382238E-16));
#35240=VECTOR('',#35230,1.);
#35250=LINE('',#35220,#35240);
#35260=EDGE_CURVE('',#34550,#27500,#35250,.T.);
#35270=ORIENTED_EDGE('',*,*,#35260,.T.);
#35280=EDGE_LOOP('',(#35270,#35210,#35200,#35190));
#35290=FACE_OUTER_BOUND('',#35280,.T.);
#35300=ADVANCED_FACE('',(#35290),#35180,.F.);
#35310=CARTESIAN_POINT('',(8.25290800000001,3.502546,4.9));
#35320=DIRECTION('',(0.768221279597373,-7.83973883447091E-17,
0.640184399664483));
#35330=DIRECTION('',(-0.640184399664483,-9.407686601365E-17,
0.768221279597373));
#35340=AXIS2_PLACEMENT_3D('',#35310,#35320,#35330);
#35350=PLANE('',#35340);
#35360=ORIENTED_EDGE('',*,*,#34400,.F.);
#35370=CARTESIAN_POINT('',(8.25290800000001,0.,4.9));
#35380=DIRECTION('',(1.60447933055673E-32,-1.,-1.22460635382238E-16));
#35390=VECTOR('',#35380,1.);
#35400=LINE('',#35370,#35390);
#35410=EDGE_CURVE('',#34310,#27740,#35400,.T.);
#35420=ORIENTED_EDGE('',*,*,#35410,.F.);
#35430=ORIENTED_EDGE('',*,*,#27750,.T.);
#35440=ORIENTED_EDGE('',*,*,#35020,.T.);
#35450=EDGE_LOOP('',(#35440,#35430,#35420,#35360));
#35460=FACE_OUTER_BOUND('',#35450,.T.);
#35470=ADVANCED_FACE('',(#35460),#35350,.F.);
#35480=CARTESIAN_POINT('',(10.252908,3.502546,4.9));
#35490=DIRECTION('',(0.,1.22460635382238E-16,-1.));
#35500=DIRECTION('',(1.,0.,0.));
#35510=AXIS2_PLACEMENT_3D('',#35480,#35490,#35500);
#35520=PLANE('',#35510);
#35530=ORIENTED_EDGE('',*,*,#35260,.F.);
#35540=ORIENTED_EDGE('',*,*,#27510,.T.);
#35550=CARTESIAN_POINT('',(10.252908,3.7470027081099E-16,4.9));
#35560=DIRECTION('',(7.57370323344289E-33,-1.,0.));
#35570=VECTOR('',#35560,1.);
#35580=LINE('',#35550,#35570);
#35590=EDGE_CURVE('',#34630,#27420,#35580,.T.);
#35600=ORIENTED_EDGE('',*,*,#35590,.T.);
#35610=ORIENTED_EDGE('',*,*,#34640,.T.);
#35620=EDGE_LOOP('',(#35610,#35600,#35540,#35530));
#35630=FACE_OUTER_BOUND('',#35620,.T.);
#35640=ADVANCED_FACE('',(#35630),#35520,.T.);
#35650=CARTESIAN_POINT('',(11.052908,3.502546,4.9));
#35660=DIRECTION('',(0.768221279597373,7.83973883447091E-17,
-0.640184399664483));
#35670=DIRECTION('',(0.640184399664483,-9.407686601365E-17,
0.768221279597373));
#35680=AXIS2_PLACEMENT_3D('',#35650,#35660,#35670);
#35690=PLANE('',#35680);
#35700=ORIENTED_EDGE('',*,*,#33070,.F.);
#35710=ORIENTED_EDGE('',*,*,#27270,.F.);
#35720=CARTESIAN_POINT('',(11.052908,3.7470027081099E-16,
4.89999999999999));
#35730=DIRECTION('',(6.21101388856275E-32,1.,9.86076131526265E-32));
#35740=VECTOR('',#35730,1.);
#35750=LINE('',#35720,#35740);
#35760=EDGE_CURVE('',#27180,#34780,#35750,.T.);
#35770=ORIENTED_EDGE('',*,*,#35760,.F.);
#35780=ORIENTED_EDGE('',*,*,#34790,.T.);
#35790=EDGE_LOOP('',(#35780,#35770,#35710,#35700));
#35800=FACE_OUTER_BOUND('',#35790,.T.);
#35810=ADVANCED_FACE('',(#35800),#35690,.T.);
#35820=CARTESIAN_POINT('',(10.202908,1.302546,0.299999999999998));
#35830=DIRECTION('',(0.,1.,-3.70074341541719E-16));
#35840=DIRECTION('',(-1.,0.,0.));
#35850=AXIS2_PLACEMENT_3D('',#35820,#35830,#35840);
#35860=PLANE('',#35850);
#35870=ORIENTED_EDGE('',*,*,#25920,.F.);
#35880=ORIENTED_EDGE('',*,*,#33950,.F.);
#35890=ORIENTED_EDGE('',*,*,#33320,.T.);
#35900=ORIENTED_EDGE('',*,*,#26620,.F.);
#35910=EDGE_LOOP('',(#35900,#35890,#35880,#35870));
#35920=FACE_OUTER_BOUND('',#35910,.T.);
#35930=ADVANCED_FACE('',(#35920),#35860,.T.);
#35940=CARTESIAN_POINT('',(11.952908,3.502546,4.9));
#35950=DIRECTION('',(-1.2335811384724E-16,1.22460635382238E-16,-1.));
#35960=DIRECTION('',(1.,1.51065130012874E-32,-1.2335811384724E-16));
#35970=AXIS2_PLACEMENT_3D('',#35940,#35950,#35960);
#35980=PLANE('',#35970);
#35990=ORIENTED_EDGE('',*,*,#35760,.T.);
#36000=ORIENTED_EDGE('',*,*,#27190,.F.);
#36010=ORIENTED_EDGE('',*,*,#23470,.T.);
#36020=ORIENTED_EDGE('',*,*,#34850,.F.);
#36030=EDGE_LOOP('',(#36020,#36010,#36000,#35990));
#36040=FACE_OUTER_BOUND('',#36030,.T.);
#36050=ADVANCED_FACE('',(#36040),#35980,.T.);
#36060=CARTESIAN_POINT('',(9.33499527324649,-1.497454,1.41853756607869))
;
#36070=DIRECTION('',(0.,-1.,3.70074341541719E-16));
#36080=DIRECTION('',(1.,0.,0.));
#36090=AXIS2_PLACEMENT_3D('',#36060,#36070,#36080);
#36100=PLANE('',#36090);
#36110=ORIENTED_EDGE('',*,*,#2420,.T.);
#36120=ORIENTED_EDGE('',*,*,#1500,.T.);
#36130=ORIENTED_EDGE('',*,*,#31880,.T.);
#36140=ORIENTED_EDGE('',*,*,#31660,.T.);
#36150=EDGE_LOOP('',(#36140,#36130,#36120,#36110));
#36160=FACE_BOUND('',#36150,.T.);
#36170=ORIENTED_EDGE('',*,*,#8930,.F.);
#36180=ORIENTED_EDGE('',*,*,#8680,.F.);
#36190=ORIENTED_EDGE('',*,*,#8310,.F.);
#36200=ORIENTED_EDGE('',*,*,#10460,.F.);
#36210=EDGE_LOOP('',(#36200,#36190,#36180,#36170));
#36220=FACE_OUTER_BOUND('',#36210,.T.);
#36230=ADVANCED_FACE('',(#36160,#36220),#36100,.T.);
#36240=CARTESIAN_POINT('',(11.602908,-3.197454,-0.200002400000002));
#36250=DIRECTION('',(-1.,0.,-0.));
#36260=DIRECTION('',(0.,1.,-1.22460635382238E-16));
#36270=AXIS2_PLACEMENT_3D('',#36240,#36250,#36260);
#36280=PLANE('',#36270);
#36290=ORIENTED_EDGE('',*,*,#19670,.F.);
#36300=ORIENTED_EDGE('',*,*,#20130,.T.);
#36310=ORIENTED_EDGE('',*,*,#11800,.F.);
#36320=ORIENTED_EDGE('',*,*,#20610,.T.);
#36330=ORIENTED_EDGE('',*,*,#23210,.T.);
#36340=ORIENTED_EDGE('',*,*,#22960,.F.);
#36350=ORIENTED_EDGE('',*,*,#9900,.T.);
#36360=ORIENTED_EDGE('',*,*,#10760,.F.);
#36370=EDGE_LOOP('',(#36360,#36350,#36340,#36330,#36320,#36310,#36300,
#36290));
#36380=FACE_OUTER_BOUND('',#36370,.T.);
#36390=ADVANCED_FACE('',(#36380),#36280,.T.);
#36400=CARTESIAN_POINT('',(10.3729104,-0.397454,0.299999999999999));
#36410=DIRECTION('',(-0.,0.371390676354104,0.928476690885259));
#36420=DIRECTION('',(0.,-0.928476690885259,0.371390676354104));
#36430=AXIS2_PLACEMENT_3D('',#36400,#36410,#36420);
#36440=PLANE('',#36430);
#36450=ORIENTED_EDGE('',*,*,#22520,.T.);
#36460=ORIENTED_EDGE('',*,*,#26380,.F.);
#36470=CARTESIAN_POINT('',(6.65290800000001,2.08166817117217E-16,
0.141018399999999));
#36480=DIRECTION('',(0.,-0.928476690885259,0.371390676354104));
#36490=VECTOR('',#36480,1.);
#36500=LINE('',#36470,#36490);
#36510=EDGE_CURVE('',#26310,#9140,#36500,.T.);
#36520=ORIENTED_EDGE('',*,*,#36510,.F.);
#36530=ORIENTED_EDGE('',*,*,#10120,.F.);
#36540=EDGE_LOOP('',(#36530,#36520,#36460,#36450));
#36550=FACE_OUTER_BOUND('',#36540,.T.);
#36560=ADVANCED_FACE('',(#36550),#36440,.F.);
#36570=CARTESIAN_POINT('',(10.502908,3.502546,4.6));
#36580=DIRECTION('',(-0.768221279597378,0.,-0.640184399664478));
#36590=DIRECTION('',(0.640184399664478,0.,-0.768221279597378));
#36600=AXIS2_PLACEMENT_3D('',#36570,#36580,#36590);
#36610=PLANE('',#36600);
#36620=ORIENTED_EDGE('',*,*,#27430,.F.);
#36630=ORIENTED_EDGE('',*,*,#32980,.T.);
#36640=ORIENTED_EDGE('',*,*,#34700,.T.);
#36650=ORIENTED_EDGE('',*,*,#35590,.F.);
#36660=EDGE_LOOP('',(#36650,#36640,#36630,#36620));
#36670=FACE_OUTER_BOUND('',#36660,.T.);
#36680=ADVANCED_FACE('',(#36670),#36610,.T.);
#36690=CARTESIAN_POINT('',(8.25290800000001,3.502546,4.9));
#36700=DIRECTION('',(1.2335811384724E-16,1.22460635382238E-16,-1.));
#36710=DIRECTION('',(1.,-1.51065130012874E-32,1.2335811384724E-16));
#36720=AXIS2_PLACEMENT_3D('',#36690,#36700,#36710);
#36730=PLANE('',#36720);
#36740=ORIENTED_EDGE('',*,*,#25150,.F.);
#36750=ORIENTED_EDGE('',*,*,#27810,.T.);
#36760=ORIENTED_EDGE('',*,*,#35410,.T.);
#36770=ORIENTED_EDGE('',*,*,#34320,.T.);
#36780=EDGE_LOOP('',(#36770,#36760,#36750,#36740));
#36790=FACE_OUTER_BOUND('',#36780,.T.);
#36800=ADVANCED_FACE('',(#36790),#36730,.T.);
#36810=CARTESIAN_POINT('',(6.65290800000001,-3.697454,-0.200002400000003
));
#36820=DIRECTION('',(-1.,0.,0.));
#36830=DIRECTION('',(0.,1.,1.22460635382238E-16));
#36840=AXIS2_PLACEMENT_3D('',#36810,#36820,#36830);
#36850=PLANE('',#36840);
#36860=ORIENTED_EDGE('',*,*,#13200,.F.);
#36870=ORIENTED_EDGE('',*,*,#32740,.T.);
#36880=ORIENTED_EDGE('',*,*,#17620,.F.);
#36890=ORIENTED_EDGE('',*,*,#26780,.F.);
#36900=ORIENTED_EDGE('',*,*,#24120,.T.);
#36910=ORIENTED_EDGE('',*,*,#32790,.T.);
#36920=ORIENTED_EDGE('',*,*,#32150,.T.);
#36930=ORIENTED_EDGE('',*,*,#32350,.F.);
#36940=ORIENTED_EDGE('',*,*,#9170,.T.);
#36950=ORIENTED_EDGE('',*,*,#36510,.T.);
#36960=ORIENTED_EDGE('',*,*,#26320,.T.);
#36970=ORIENTED_EDGE('',*,*,#34200,.T.);
#36980=EDGE_LOOP('',(#36970,#36960,#36950,#36940,#36930,#36920,#36910,
#36900,#36890,#36880,#36870,#36860));
#36990=FACE_OUTER_BOUND('',#36980,.T.);
#37000=ADVANCED_FACE('',(#36990),#36850,.T.);
#37010=CLOSED_SHELL('',(#31760,#31930,#32250,#32420,#32490,#32570,#32640
,#32860,#33170,#33500,#33720,#33840,#34060,#34910,#35130,#35300,#35470,
#35640,#35810,#35930,#36050,#36230,#36390,#36560,#36680,#36800,#37000,
#400,#710,#1020,#1190,#1360,#2300,#2610,#3160,#3470,#3780,#4330,#4580,
#4800,#5050,#5270,#5390,#5510,#5910,#6060,#6370,#6770,#7060,#7370,#8010,
#8410,#8720,#9030,#10160,#10500,#11500,#13300,#13470,#13640,#13810,
#14030,#14270,#14440,#14920,#15160,#15380,#15690,#15930,#16400,#16570,
#17030,#17320,#17800,#17980,#18100,#18220,#18700,#18870,#19090,#19310,
#19480,#19550,#19890,#20010,#20180,#20680,#20920,#21950,#22260,#22830,
#23070,#23250,#23720,#24320,#24790,#25190,#25270,#25510,#25630,#26420,
#26660,#26830,#27050,#27880,#28210,#28390,#28570,#28900,#29220,#29610,
#29970,#30280,#30550,#30670,#30790,#30860,#31070,#31140,#31210,#31330,
#31450));
#37020=MANIFOLD_SOLID_BREP('',#37010);
#37030=CARTESIAN_POINT('',(0.,0.,0.));
#37040=DIRECTION('',(0.,0.,1.));
#37050=DIRECTION('',(1.,0.,0.));
#37060=AXIS2_PLACEMENT_3D('',#37030,#37040,#37050);
#37070=APPLICATION_CONTEXT(' ');
#37080=APPLICATION_PROTOCOL_DEFINITION(' ','automotive_design',1998,
#37070);
#37090=PRODUCT_CONTEXT('',#37070,'mechanical');
#37100=PRODUCT_DEFINITION_CONTEXT('part definition',#37070,'design');
#37110=PRODUCT('DF3-2P-2DS','DF3-2P-2DS','',(#37090));
#37120=PRODUCT_RELATED_PRODUCT_CATEGORY('part',' ',(#37110));
#37130=PRODUCT_DEFINITION_FORMATION_WITH_SPECIFIED_SOURCE('','',#37110,
.BOUGHT.);
#37140=PRODUCT_DEFINITION('',' ',#37130,#37100);
#37150=PRODUCT_DEFINITION_SHAPE('','',#37140);
#37160=DIMENSIONAL_EXPONENTS(1.,0.,0.,0.,0.,0.,0.);
#37170=DIMENSIONAL_EXPONENTS(0.,0.,0.,0.,0.,0.,0.);
#37180=DIMENSIONAL_EXPONENTS(0.,0.,0.,0.,0.,0.,0.);
#37190=(LENGTH_UNIT() NAMED_UNIT(*) SI_UNIT(.MILLI.,.METRE.));
#37200=(NAMED_UNIT(*) PLANE_ANGLE_UNIT() SI_UNIT($,.RADIAN.));
#37210=(NAMED_UNIT(*) SI_UNIT($,.STERADIAN.) SOLID_ANGLE_UNIT());
#37220=(GEOMETRIC_REPRESENTATION_CONTEXT(3) 
GLOBAL_UNCERTAINTY_ASSIGNED_CONTEXT((#37230)) 
GLOBAL_UNIT_ASSIGNED_CONTEXT((#37190,#37200,#37210)) 
REPRESENTATION_CONTEXT('',''));
#37230=UNCERTAINTY_MEASURE_WITH_UNIT(LENGTH_MEASURE(1.E-6),#37190,
'distance_accuracy_value','maximum gap value');
#37240=ADVANCED_BREP_SHAPE_REPRESENTATION('',(#37060,#37020),#37220);
#37250=SHAPE_DEFINITION_REPRESENTATION(#37150,#37240);
#37260=COLOUR_RGB('',0.600000023841858,0.600000023841858,
0.600000023841858);
#37270=FILL_AREA_STYLE_COLOUR('',#37260);
#37280=FILL_AREA_STYLE('',(#37270));
#37290=SURFACE_STYLE_FILL_AREA(#37280);
#37300=SURFACE_SIDE_STYLE('',(#37290));
#37310=SURFACE_STYLE_USAGE(.BOTH.,#37300);
#37320=PRESENTATION_STYLE_ASSIGNMENT((#37310));
#37330=STYLED_ITEM('',(#37320),#37020);
#37340=DRAUGHTING_MODEL('',(#37330),#37220);
ENDSEC;
END-ISO-10303-21;
