ISO-10303-21;
HEADER;
FILE_DESCRIPTION (( 'STEP AP203' ),
    '1' );
FILE_NAME ('L785P090.STEP',
    '2010-12-20T16:52:11',
    ( 'Admin' ),
    ( 'Thorlabs, Inc.' ),
    'SwSTEP 2.0',
    'SolidWorks 2009',
    '' );
FILE_SCHEMA (( 'CONFIG_CONTROL_DESIGN' ));
ENDSEC;

DATA;
#1 = DIRECTION ( 'NONE',  ( -1.000000000000000000, 0.0000000000000000000, 0.0000000000000000000 ) ) ;
#2 = DIRECTION ( 'NONE',  ( -0.0000000000000000000, -1.000000000000000000, -0.0000000000000000000 ) ) ;
#3 = DIRECTION ( 'NONE',  ( 0.0000000000000000000, 0.0000000000000000000, 1.000000000000000000 ) ) ;
#4 = CARTESIAN_POINT ( 'NONE',  ( 0.0000000000000000000, 0.7999999999999999300, -2.400000000000000400 ) ) ;
#5 = CARTESIAN_POINT ( 'NONE',  ( 0.0000000000000000000, 0.0000000000000000000, 0.0000000000000000000 ) ) ;
#6 = CIRCLE ( 'NONE', #7, 0.3999999999999997400 ) ;
#7 = AXIS2_PLACEMENT_3D ( 'NONE', #4, #1, #3 ) ;
#8 = DIRECTION ( 'NONE',  ( 0.0000000000000000000, 0.0000000000000000000, -1.000000000000000000 ) ) ;
#9 = DIRECTION ( 'NONE',  ( 0.0000000000000000000, 0.0000000000000000000, -1.000000000000000000 ) ) ;
#10 = CIRCLE ( 'NONE', #37, 2.799999999999999800 ) ;
#11 = CARTESIAN_POINT ( 'NONE',  ( 9.796850830579019500E-017, 3.599999999999999600, 0.8000000000000001600 ) ) ;
#12 = CARTESIAN_POINT ( 'NONE',  ( 0.0000000000000000000, 3.599999999999999600, -0.8000000000000000400 ) ) ;
#13 = CARTESIAN_POINT ( 'NONE',  ( 1.867524689579125300E-016, 3.349999999999998800, 1.450000000000000000 ) ) ;
#14 = DIRECTION ( 'NONE',  ( -1.224606353822377300E-016, 0.0000000000000000000, -1.000000000000000000 ) ) ;
#15 = LINE ( 'NONE', #38, #19 ) ;
#16 = CARTESIAN_POINT ( 'NONE',  ( 9.796850830579015800E-017, 3.349999999999999200, 0.7999999999999998200 ) ) ;
#17 = DIRECTION ( 'NONE',  ( 0.0000000000000000000, 0.0000000000000000000, -1.000000000000000000 ) ) ;
#18 = DIRECTION ( 'NONE',  ( -0.0000000000000000000, -1.000000000000000000, -0.0000000000000000000 ) ) ;
#19 = VECTOR ( 'NONE', #25, 1000.000000000000000 ) ;
#20 = AXIS2_PLACEMENT_3D ( 'NONE', #23, #24, #22 ) ;
#21 = CARTESIAN_POINT ( 'NONE',  ( 0.0000000000000000000, 0.7999999999999971600, -2.799999999999999800 ) ) ;
#22 = DIRECTION ( 'NONE',  ( 0.0000000000000000000, 0.0000000000000000000, -1.000000000000000000 ) ) ;
#23 = CARTESIAN_POINT ( 'NONE',  ( 0.0000000000000000000, 0.7999999999999999300, 0.0000000000000000000 ) ) ;
#24 = DIRECTION ( 'NONE',  ( -0.0000000000000000000, -1.000000000000000000, -0.0000000000000000000 ) ) ;
#25 = DIRECTION ( 'NONE',  ( -0.0000000000000000000, -1.000000000000000000, -0.0000000000000000000 ) ) ;
#26 = TOROIDAL_SURFACE ( 'NONE', #20, 2.400000000000000400, 0.3999999999999998600 ) ;
#27 = DIRECTION ( 'NONE',  ( -0.0000000000000000000, -1.000000000000000000, -0.0000000000000000000 ) ) ;
#28 = CARTESIAN_POINT ( 'NONE',  ( 0.0000000000000000000, 1.199999999999999700, 0.0000000000000000000 ) ) ;
#29 = AXIS2_PLACEMENT_3D ( 'NONE', #28, #27, #9 ) ;
#30 = CARTESIAN_POINT ( 'NONE',  ( -2.399830194034343800, 1.199999999999999700, -0.02854890192413649100 ) ) ;
#31 = DIRECTION ( 'NONE',  ( 1.000000000000000000, 0.0000000000000000000, -1.224606353822377300E-016 ) ) ;
#32 = CARTESIAN_POINT ( 'NONE',  ( 1.775679213042447100E-016, 3.199999999999999300, 1.450000000000000200 ) ) ;
#33 = AXIS2_PLACEMENT_3D ( 'NONE', #32, #31, #14 ) ;
#34 = CIRCLE ( 'NONE', #33, 0.1499999999999997400 ) ;
#35 = CARTESIAN_POINT ( 'NONE',  ( -2.771281292110204600, 0.7999999999999999300, -0.3999999999999936900 ) ) ;
#36 = CARTESIAN_POINT ( 'NONE',  ( 0.0000000000000000000, 0.7999999999999971600, 0.0000000000000000000 ) ) ;
#37 = AXIS2_PLACEMENT_3D ( 'NONE', #36, #18, #17 ) ;
#38 = CARTESIAN_POINT ( 'NONE',  ( 0.0000000000000000000, 0.0000000000000000000, -0.7999999999999999300 ) ) ;
#39 = FACE_OUTER_BOUND ( 'NONE', #1097, .T. ) ;
#40 = CIRCLE ( 'NONE', #29, 2.399999999999997700 ) ;
#41 = AXIS2_PLACEMENT_3D ( 'NONE', #47, #44, #43 ) ;
#42 = DIRECTION ( 'NONE',  ( 0.0000000000000000000, 0.0000000000000000000, -1.000000000000000000 ) ) ;
#43 = DIRECTION ( 'NONE',  ( 0.0000000000000000000, 0.0000000000000000000, -1.000000000000000000 ) ) ;
#44 = DIRECTION ( 'NONE',  ( -0.0000000000000000000, -1.000000000000000000, -0.0000000000000000000 ) ) ;
#45 = VECTOR ( 'NONE', #53, 1000.000000000000000 ) ;
#46 = FACE_OUTER_BOUND ( 'NONE', #1084, .T. ) ;
#47 = CARTESIAN_POINT ( 'NONE',  ( 0.0000000000000000000, 1.299999999999999800, 0.0000000000000000000 ) ) ;
#48 = AXIS2_PLACEMENT_3D ( 'NONE', #50, #54, #42 ) ;
#49 = CARTESIAN_POINT ( 'NONE',  ( 0.0000000000000000000, 0.0000000000000000000, -1.599999999999999900 ) ) ;
#50 = CARTESIAN_POINT ( 'NONE',  ( 0.0000000000000000000, 3.199999999999999300, 0.0000000000000000000 ) ) ;
#51 = LINE ( 'NONE', #49, #45 ) ;
#52 = TOROIDAL_SURFACE ( 'NONE', #48, 1.450000000000000200, 0.1499999999999998600 ) ;
#53 = DIRECTION ( 'NONE',  ( -0.0000000000000000000, -1.000000000000000000, -0.0000000000000000000 ) ) ;
#54 = DIRECTION ( 'NONE',  ( -0.0000000000000000000, -1.000000000000000000, -0.0000000000000000000 ) ) ;
#55 = AXIS2_PLACEMENT_3D ( 'NONE', #56, #58, #57 ) ;
#56 = CARTESIAN_POINT ( 'NONE',  ( 0.0000000000000000000, 1.199999999999999700, 0.0000000000000000000 ) ) ;
#57 = DIRECTION ( 'NONE',  ( 0.0000000000000000000, 0.0000000000000000000, 1.000000000000000000 ) ) ;
#58 = DIRECTION ( 'NONE',  ( -0.0000000000000000000, -1.000000000000000000, -0.0000000000000000000 ) ) ;
#59 = CARTESIAN_POINT ( 'NONE',  ( 0.0000000000000000000, 0.7999999999999971600, 0.0000000000000000000 ) ) ;
#60 = DIRECTION ( 'NONE',  ( 0.0000000000000000000, 0.0000000000000000000, -1.000000000000000000 ) ) ;
#61 = DIRECTION ( 'NONE',  ( -0.0000000000000000000, -1.000000000000000000, -0.0000000000000000000 ) ) ;
#62 = AXIS2_PLACEMENT_3D ( 'NONE', #59, #61, #60 ) ;
#63 = AXIS2_PLACEMENT_3D ( 'NONE', #65, #66, #67 ) ;
#64 = CYLINDRICAL_SURFACE ( 'NONE', #63, 2.799999999999999800 ) ;
#65 = CARTESIAN_POINT ( 'NONE',  ( 0.0000000000000000000, 0.0000000000000000000, 0.0000000000000000000 ) ) ;
#66 = DIRECTION ( 'NONE',  ( -0.0000000000000000000, -1.000000000000000000, -0.0000000000000000000 ) ) ;
#67 = DIRECTION ( 'NONE',  ( 0.0000000000000000000, 0.0000000000000000000, -1.000000000000000000 ) ) ;
#68 = AXIS2_PLACEMENT_3D ( 'NONE', #70, #69, #72 ) ;
#69 = DIRECTION ( 'NONE',  ( -0.0000000000000000000, -1.000000000000000000, -0.0000000000000000000 ) ) ;
#70 = CARTESIAN_POINT ( 'NONE',  ( 0.0000000000000000000, 3.349999999999998800, 0.0000000000000000000 ) ) ;
#71 = CIRCLE ( 'NONE', #68, 1.450000000000000000 ) ;
#72 = DIRECTION ( 'NONE',  ( 0.0000000000000000000, 0.0000000000000000000, -1.000000000000000000 ) ) ;
#73 = FACE_OUTER_BOUND ( 'NONE', #1123, .T. ) ;
#74 = AXIS2_PLACEMENT_3D ( 'NONE', #80, #85, #89 ) ;
#75 = CARTESIAN_POINT ( 'NONE',  ( 0.0000000000000000000, 0.0000000000000000000, 0.0000000000000000000 ) ) ;
#76 = DIRECTION ( 'NONE',  ( 0.0000000000000000000, 0.0000000000000000000, -1.000000000000000000 ) ) ;
#77 = CYLINDRICAL_SURFACE ( 'NONE', #79, 1.950000000000000200 ) ;
#78 = DIRECTION ( 'NONE',  ( -0.0000000000000000000, -1.000000000000000000, -0.0000000000000000000 ) ) ;
#79 = AXIS2_PLACEMENT_3D ( 'NONE', #81, #78, #84 ) ;
#80 = CARTESIAN_POINT ( 'NONE',  ( 2.200000000000000200, 1.299999999999999800, 0.0000000000000000000 ) ) ;
#81 = CARTESIAN_POINT ( 'NONE',  ( 0.0000000000000000000, 0.0000000000000000000, 0.0000000000000000000 ) ) ;
#82 = AXIS2_PLACEMENT_3D ( 'NONE', #5, #2, #8 ) ;
#83 = CYLINDRICAL_SURFACE ( 'NONE', #82, 2.799999999999999800 ) ;
#84 = DIRECTION ( 'NONE',  ( 0.0000000000000000000, 0.0000000000000000000, -1.000000000000000000 ) ) ;
#85 = DIRECTION ( 'NONE',  ( 0.0000000000000000000, 1.000000000000000000, 0.0000000000000000000 ) ) ;
#86 = PLANE ( 'NONE',  #74 ) ;
#87 = DIRECTION ( 'NONE',  ( -0.0000000000000000000, -1.000000000000000000, -0.0000000000000000000 ) ) ;
#88 = AXIS2_PLACEMENT_3D ( 'NONE', #75, #87, #76 ) ;
#89 = DIRECTION ( 'NONE',  ( 0.0000000000000000000, -0.0000000000000000000, 1.000000000000000000 ) ) ;
#90 = CYLINDRICAL_SURFACE ( 'NONE', #88, 0.7999999999999999300 ) ;
#91 = DIRECTION ( 'NONE',  ( 0.0000000000000000000, 0.0000000000000000000, -1.000000000000000000 ) ) ;
#92 = DIRECTION ( 'NONE',  ( 0.0000000000000000000, 0.0000000000000000000, -1.000000000000000000 ) ) ;
#93 = DIRECTION ( 'NONE',  ( -0.0000000000000000000, -1.000000000000000000, -0.0000000000000000000 ) ) ;
#94 = CARTESIAN_POINT ( 'NONE',  ( 0.0000000000000000000, 0.7999999999999999300, 0.0000000000000000000 ) ) ;
#95 = AXIS2_PLACEMENT_3D ( 'NONE', #94, #93, #92 ) ;
#96 = CARTESIAN_POINT ( 'NONE',  ( 0.0000000000000000000, 3.599999999999999600, 0.0000000000000000000 ) ) ;
#97 = TOROIDAL_SURFACE ( 'NONE', #95, 2.400000000000000400, 0.3999999999999998600 ) ;
#98 = FACE_OUTER_BOUND ( 'NONE', #1136, .T. ) ;
#99 = DIRECTION ( 'NONE',  ( 0.0000000000000000000, 0.0000000000000000000, 1.000000000000000000 ) ) ;
#100 = DIRECTION ( 'NONE',  ( -1.000000000000000000, 0.0000000000000000000, 0.0000000000000000000 ) ) ;
#101 = CARTESIAN_POINT ( 'NONE',  ( 0.0000000000000000000, 3.199999999999999300, -1.450000000000000200 ) ) ;
#102 = AXIS2_PLACEMENT_3D ( 'NONE', #101, #100, #99 ) ;
#103 = CIRCLE ( 'NONE', #102, 0.1499999999999997400 ) ;
#104 = DIRECTION ( 'NONE',  ( -0.0000000000000000000, -1.000000000000000000, -0.0000000000000000000 ) ) ;
#105 = CARTESIAN_POINT ( 'NONE',  ( 0.0000000000000000000, 3.349999999999998800, -1.450000000000000000 ) ) ;
#106 = AXIS2_PLACEMENT_3D ( 'NONE', #96, #104, #91 ) ;
#107 = CIRCLE ( 'NONE', #106, 0.8000000000000000400 ) ;
#108 = CIRCLE ( 'NONE', #41, 1.600000000000000100 ) ;
#109 = FACE_BOUND ( 'NONE', #1142, .T. ) ;
#110 = FACE_OUTER_BOUND ( 'NONE', #1145, .T. ) ;
#111 = CARTESIAN_POINT ( 'NONE',  ( 0.0000000000000000000, 1.299999999999999800, 0.0000000000000000000 ) ) ;
#112 = CIRCLE ( 'NONE', #114, 1.950000000000000200 ) ;
#113 = FACE_OUTER_BOUND ( 'NONE', #1150, .T. ) ;
#114 = AXIS2_PLACEMENT_3D ( 'NONE', #111, #116, #115 ) ;
#115 = DIRECTION ( 'NONE',  ( 0.0000000000000000000, 0.0000000000000000000, -1.000000000000000000 ) ) ;
#116 = DIRECTION ( 'NONE',  ( -0.0000000000000000000, -1.000000000000000000, -0.0000000000000000000 ) ) ;
#117 = DIRECTION ( 'NONE',  ( -0.0000000000000000000, -1.000000000000000000, -0.0000000000000000000 ) ) ;
#118 = CIRCLE ( 'NONE', #55, 1.950000000000000200 ) ;
#119 = AXIS2_PLACEMENT_3D ( 'NONE', #122, #117, #121 ) ;
#120 = CIRCLE ( 'NONE', #119, 1.450000000000000000 ) ;
#121 = DIRECTION ( 'NONE',  ( 0.0000000000000000000, 0.0000000000000000000, -1.000000000000000000 ) ) ;
#122 = CARTESIAN_POINT ( 'NONE',  ( 0.0000000000000000000, 3.349999999999998800, 0.0000000000000000000 ) ) ;
#123 = FACE_OUTER_BOUND ( 'NONE', #1162, .T. ) ;
#124 = VECTOR ( 'NONE', #127, 1000.000000000000000 ) ;
#125 = CIRCLE ( 'NONE', #62, 2.799999999999999800 ) ;
#126 = CARTESIAN_POINT ( 'NONE',  ( 2.771281292110204600, 0.7999999999999973800, 0.3999999999999919200 ) ) ;
#127 = DIRECTION ( 'NONE',  ( 0.0000000000000000000, -1.000000000000000000, 0.0000000000000000000 ) ) ;
#128 = CARTESIAN_POINT ( 'NONE',  ( 2.771281292110204600, 3.599999999999999600, 0.3999999999999919200 ) ) ;
#129 = LINE ( 'NONE', #128, #124 ) ;
#130 = CARTESIAN_POINT ( 'NONE',  ( -0.4999999999999995600, 0.7999999999999999300, 2.754995462791182300 ) ) ;
#131 = CARTESIAN_POINT ( 'NONE',  ( 0.4999999999999995600, 0.7999999999999994900, 2.754995462791182300 ) ) ;
#132 = FACE_OUTER_BOUND ( 'NONE', #1064, .T. ) ;
#133 = CARTESIAN_POINT ( 'NONE',  ( -1.000000000000000000, 0.01000000000000000000, 0.0000000000000000000 ) ) ;
#134 = AXIS2_PLACEMENT_3D ( 'NONE', #142, #141, #138 ) ;
#135 = CIRCLE ( 'NONE', #134, 2.399999999999997700 ) ;
#136 = CIRCLE ( 'NONE', #143, 0.2249999999999999800 ) ;
#137 = CARTESIAN_POINT ( 'NONE',  ( 6.123031769111902600E-019, 2.469999999999999800, 0.005000000000000013100 ) ) ;
#138 = DIRECTION ( 'NONE',  ( 0.0000000000000000000, 0.0000000000000000000, -1.000000000000000000 ) ) ;
#139 = DIRECTION ( 'NONE',  ( 0.0000000000000000000, 0.0000000000000000000, -1.000000000000000000 ) ) ;
#140 = DIRECTION ( 'NONE',  ( 0.0000000000000000000, -1.000000000000000000, 0.0000000000000000000 ) ) ;
#141 = DIRECTION ( 'NONE',  ( -0.0000000000000000000, -1.000000000000000000, -0.0000000000000000000 ) ) ;
#142 = CARTESIAN_POINT ( 'NONE',  ( 0.0000000000000000000, 1.199999999999999700, 0.0000000000000000000 ) ) ;
#143 = AXIS2_PLACEMENT_3D ( 'NONE', #133, #140, #139 ) ;
#144 = DIRECTION ( 'NONE',  ( -0.0000000000000000000, -1.000000000000000000, -0.0000000000000000000 ) ) ;
#145 = VECTOR ( 'NONE', #144, 1000.000000000000000 ) ;
#146 = CARTESIAN_POINT ( 'NONE',  ( 0.0000000000000000000, 0.0000000000000000000, -1.950000000000000200 ) ) ;
#147 = DIRECTION ( 'NONE',  ( -0.0000000000000000000, -1.000000000000000000, -0.0000000000000000000 ) ) ;
#148 = VECTOR ( 'NONE', #170, 1000.000000000000000 ) ;
#149 = AXIS2_PLACEMENT_3D ( 'NONE', #183, #172, #153 ) ;
#150 = AXIS2_PLACEMENT_3D ( 'NONE', #181, #180, #179 ) ;
#151 = CIRCLE ( 'NONE', #150, 1.600000000000000100 ) ;
#152 = CARTESIAN_POINT ( 'NONE',  ( 0.0000000000000000000, 3.199999999999999300, 0.0000000000000000000 ) ) ;
#153 = DIRECTION ( 'NONE',  ( 0.0000000000000000000, 0.0000000000000000000, -1.000000000000000000 ) ) ;
#154 = DIRECTION ( 'NONE',  ( 0.0000000000000000000, 0.0000000000000000000, -1.000000000000000000 ) ) ;
#155 = CARTESIAN_POINT ( 'NONE',  ( 1.959370166115803400E-016, 0.0000000000000000000, 1.599999999999999900 ) ) ;
#156 = CARTESIAN_POINT ( 'NONE',  ( 1.959370166115803400E-016, 3.199999999999999300, 1.599999999999999900 ) ) ;
#157 = FACE_OUTER_BOUND ( 'NONE', #1092, .T. ) ;
#158 = CARTESIAN_POINT ( 'NONE',  ( 0.0000000000000000000, 1.199999999999999700, -2.399999999999997700 ) ) ;
#159 = DIRECTION ( 'NONE',  ( 0.0000000000000000000, 0.0000000000000000000, -1.000000000000000000 ) ) ;
#160 = DIRECTION ( 'NONE',  ( -0.0000000000000000000, -1.000000000000000000, -0.0000000000000000000 ) ) ;
#161 = CARTESIAN_POINT ( 'NONE',  ( 0.0000000000000000000, 3.349999999999999200, 0.0000000000000000000 ) ) ;
#162 = AXIS2_PLACEMENT_3D ( 'NONE', #161, #160, #159 ) ;
#163 = CIRCLE ( 'NONE', #162, 0.7999999999999998200 ) ;
#164 = CARTESIAN_POINT ( 'NONE',  ( 0.0000000000000000000, 3.349999999999999200, -0.7999999999999998200 ) ) ;
#165 = DIRECTION ( 'NONE',  ( -0.0000000000000000000, -1.000000000000000000, -0.0000000000000000000 ) ) ;
#166 = VECTOR ( 'NONE', #165, 1000.000000000000000 ) ;
#167 = CARTESIAN_POINT ( 'NONE',  ( 9.796850830579017100E-017, 0.0000000000000000000, 0.7999999999999999300 ) ) ;
#168 = LINE ( 'NONE', #167, #166 ) ;
#169 = CYLINDRICAL_SURFACE ( 'NONE', #149, 1.599999999999999900 ) ;
#170 = DIRECTION ( 'NONE',  ( -0.0000000000000000000, -1.000000000000000000, -0.0000000000000000000 ) ) ;
#171 = CARTESIAN_POINT ( 'NONE',  ( 1.959370166115803900E-016, 1.299999999999999800, 1.600000000000000300 ) ) ;
#172 = DIRECTION ( 'NONE',  ( -0.0000000000000000000, -1.000000000000000000, -0.0000000000000000000 ) ) ;
#173 = AXIS2_PLACEMENT_3D ( 'NONE', #152, #147, #176 ) ;
#174 = LINE ( 'NONE', #155, #148 ) ;
#175 = CARTESIAN_POINT ( 'NONE',  ( 0.0000000000000000000, 3.199999999999999300, -1.599999999999999900 ) ) ;
#176 = DIRECTION ( 'NONE',  ( 0.0000000000000000000, 0.0000000000000000000, -1.000000000000000000 ) ) ;
#177 = DIRECTION ( 'NONE',  ( -0.0000000000000000000, -1.000000000000000000, -0.0000000000000000000 ) ) ;
#178 = LINE ( 'NONE', #146, #145 ) ;
#179 = DIRECTION ( 'NONE',  ( 0.0000000000000000000, 0.0000000000000000000, -1.000000000000000000 ) ) ;
#180 = DIRECTION ( 'NONE',  ( -0.0000000000000000000, -1.000000000000000000, -0.0000000000000000000 ) ) ;
#181 = CARTESIAN_POINT ( 'NONE',  ( 0.0000000000000000000, 1.299999999999999800, 0.0000000000000000000 ) ) ;
#182 = CIRCLE ( 'NONE', #173, 1.599999999999999900 ) ;
#183 = CARTESIAN_POINT ( 'NONE',  ( 0.0000000000000000000, 0.0000000000000000000, 0.0000000000000000000 ) ) ;
#184 = CARTESIAN_POINT ( 'NONE',  ( 2.387982389953635800E-016, 0.0000000000000000000, 1.950000000000000200 ) ) ;
#185 = CARTESIAN_POINT ( 'NONE',  ( -1.000000000000000000, 0.0000000000000000000, 0.4000000000000000200 ) ) ;
#186 = DIRECTION ( 'NONE',  ( 0.0000000000000000000, 0.0000000000000000000, 1.000000000000000000 ) ) ;
#187 = DIRECTION ( 'NONE',  ( -1.000000000000000000, 0.0000000000000000000, 0.0000000000000000000 ) ) ;
#188 = CARTESIAN_POINT ( 'NONE',  ( 0.0000000000000000000, 3.199999999999999300, -1.450000000000000200 ) ) ;
#189 = AXIS2_PLACEMENT_3D ( 'NONE', #188, #187, #186 ) ;
#190 = CIRCLE ( 'NONE', #189, 0.3999999999999999700 ) ;
#191 = CARTESIAN_POINT ( 'NONE',  ( 2.020600483806922700E-016, 3.599999999999999200, 1.450000000000000200 ) ) ;
#192 = DIRECTION ( 'NONE',  ( -0.0000000000000000000, -1.000000000000000000, -0.0000000000000000000 ) ) ;
#193 = CARTESIAN_POINT ( 'NONE',  ( -1.000000000000000000, 0.01000000000000000000, 0.4000000000000000200 ) ) ;
#194 = CARTESIAN_POINT ( 'NONE',  ( 2.387982389953635800E-016, 1.199999999999999700, 1.950000000000000200 ) ) ;
#195 = CARTESIAN_POINT ( 'NONE',  ( 0.0000000000000000000, 1.299999999999999800, -1.950000000000000200 ) ) ;
#196 = DIRECTION ( 'NONE',  ( 0.0000000000000000000, 0.0000000000000000000, 1.000000000000000000 ) ) ;
#197 = CARTESIAN_POINT ( 'NONE',  ( 0.0000000000000000000, 1.549999999999999800, -1.850000000000000100 ) ) ;
#198 = CARTESIAN_POINT ( 'NONE',  ( 0.0000000000000000000, 3.599999999999999200, -1.450000000000000200 ) ) ;
#199 = CARTESIAN_POINT ( 'NONE',  ( 2.265521754571397700E-016, 1.549999999999999800, 1.850000000000000100 ) ) ;
#200 = CARTESIAN_POINT ( 'NONE',  ( 2.265521754571397700E-016, 3.199999999999999300, 1.850000000000000100 ) ) ;
#201 = DIRECTION ( 'NONE',  ( -0.0000000000000000000, -1.000000000000000000, -0.0000000000000000000 ) ) ;
#202 = CARTESIAN_POINT ( 'NONE',  ( 0.0000000000000000000, 1.199999999999999700, 0.0000000000000000000 ) ) ;
#203 = AXIS2_PLACEMENT_3D ( 'NONE', #202, #201, #196 ) ;
#204 = CIRCLE ( 'NONE', #203, 1.950000000000000200 ) ;
#205 = DIRECTION ( 'NONE',  ( -0.0000000000000000000, -1.000000000000000000, -0.0000000000000000000 ) ) ;
#206 = VECTOR ( 'NONE', #205, 1000.000000000000000 ) ;
#207 = CARTESIAN_POINT ( 'NONE',  ( 0.0000000000000000000, 0.0000000000000000000, -0.05499999999999979900 ) ) ;
#208 = LINE ( 'NONE', #207, #206 ) ;
#209 = LINE ( 'NONE', #193, #211 ) ;
#210 = VECTOR ( 'NONE', #212, 1000.000000000000000 ) ;
#211 = VECTOR ( 'NONE', #192, 1000.000000000000000 ) ;
#212 = DIRECTION ( 'NONE',  ( -0.0000000000000000000, -1.000000000000000000, -0.0000000000000000000 ) ) ;
#213 = DIRECTION ( 'NONE',  ( 0.0000000000000000000, 0.0000000000000000000, -1.000000000000000000 ) ) ;
#214 = DIRECTION ( 'NONE',  ( -0.0000000000000000000, -1.000000000000000000, -0.0000000000000000000 ) ) ;
#215 = CARTESIAN_POINT ( 'NONE',  ( 0.0000000000000000000, 1.299999999999999800, 0.0000000000000000000 ) ) ;
#216 = AXIS2_PLACEMENT_3D ( 'NONE', #215, #214, #213 ) ;
#217 = CIRCLE ( 'NONE', #216, 1.950000000000000200 ) ;
#218 = CARTESIAN_POINT ( 'NONE',  ( 2.387982389953635800E-016, 1.299999999999999800, 1.950000000000000200 ) ) ;
#219 = LINE ( 'NONE', #184, #210 ) ;
#220 = DIRECTION ( 'NONE',  ( -0.0000000000000000000, -1.000000000000000000, -0.0000000000000000000 ) ) ;
#221 = DIRECTION ( 'NONE',  ( 0.0000000000000000000, -1.000000000000000000, 0.0000000000000000000 ) ) ;
#222 = VECTOR ( 'NONE', #221, 1000.000000000000000 ) ;
#223 = DIRECTION ( 'NONE',  ( 0.0000000000000000000, 0.0000000000000000000, -1.000000000000000000 ) ) ;
#224 = DIRECTION ( 'NONE',  ( -1.224606353822376800E-016, 0.0000000000000000000, -1.000000000000000000 ) ) ;
#225 = CARTESIAN_POINT ( 'NONE',  ( 1.775679213042447100E-016, 3.199999999999999300, 1.450000000000000200 ) ) ;
#226 = CARTESIAN_POINT ( 'NONE',  ( -1.511617540234047500, 0.0000000000000000000, 3.882898832344203300 ) ) ;
#227 = CARTESIAN_POINT ( 'NONE',  ( 6.123031769111769700E-019, 1.199999999999999700, 0.004999999999999904700 ) ) ;
#228 = DIRECTION ( 'NONE',  ( 1.000000000000000000, 0.0000000000000000000, -1.224606353822377300E-016 ) ) ;
#229 = CARTESIAN_POINT ( 'NONE',  ( 0.0000000000000000000, 0.7999999999999971600, 0.0000000000000000000 ) ) ;
#230 = AXIS2_PLACEMENT_3D ( 'NONE', #241, #242, #240 ) ;
#231 = CIRCLE ( 'NONE', #230, 1.850000000000000100 ) ;
#232 = DIRECTION ( 'NONE',  ( -0.7071067811865520100, 0.0000000000000000000, 0.7071067811865431300 ) ) ;
#233 = VECTOR ( 'NONE', #232, 1000.000000000000000 ) ;
#234 = CARTESIAN_POINT ( 'NONE',  ( -2.771281292110204600, 0.0000000000000000000, 0.3999999999999943000 ) ) ;
#235 = CARTESIAN_POINT ( 'NONE',  ( -0.4999999999999995600, 0.0000000000000000000, 2.354995462791182000 ) ) ;
#236 = LINE ( 'NONE', #226, #233 ) ;
#237 = CARTESIAN_POINT ( 'NONE',  ( 2.771281292110203700, 0.7999999999999973800, -0.3999999999999941400 ) ) ;
#238 = AXIS2_PLACEMENT_3D ( 'NONE', #225, #228, #224 ) ;
#239 = CIRCLE ( 'NONE', #238, 0.3999999999999999700 ) ;
#240 = DIRECTION ( 'NONE',  ( 0.0000000000000000000, 0.0000000000000000000, -1.000000000000000000 ) ) ;
#241 = CARTESIAN_POINT ( 'NONE',  ( 0.0000000000000000000, 3.199999999999999300, 0.0000000000000000000 ) ) ;
#242 = DIRECTION ( 'NONE',  ( -0.0000000000000000000, -1.000000000000000000, -0.0000000000000000000 ) ) ;
#243 = DIRECTION ( 'NONE',  ( 0.0000000000000000000, 0.0000000000000000000, -1.000000000000000000 ) ) ;
#244 = DIRECTION ( 'NONE',  ( -0.0000000000000000000, -1.000000000000000000, -0.0000000000000000000 ) ) ;
#245 = AXIS2_PLACEMENT_3D ( 'NONE', #229, #244, #243 ) ;
#246 = CIRCLE ( 'NONE', #245, 2.799999999999999800 ) ;
#247 = CARTESIAN_POINT ( 'NONE',  ( 0.0000000000000000000, 0.0000000000000000000, 0.0000000000000000000 ) ) ;
#248 = AXIS2_PLACEMENT_3D ( 'NONE', #247, #250, #253 ) ;
#249 = CYLINDRICAL_SURFACE ( 'NONE', #248, 2.200000000000000200 ) ;
#250 = DIRECTION ( 'NONE',  ( -0.0000000000000000000, -1.000000000000000000, -0.0000000000000000000 ) ) ;
#251 = B_SPLINE_CURVE_WITH_KNOTS ( 'NONE', 3,
 ( #261, #266, #263, #268, #271 ),
 .UNSPECIFIED., .F., .F.,
 ( 4, 1, 4 ),
 ( 0.0004625568797089400600, 0.0004812577501812673800, 0.0004999586206535947100 ),
 .UNSPECIFIED. ) ;
#252 = DIRECTION ( 'NONE',  ( 0.0000000000000000000, -0.0000000000000000000, 1.000000000000000000 ) ) ;
#253 = DIRECTION ( 'NONE',  ( 0.0000000000000000000, 0.0000000000000000000, -1.000000000000000000 ) ) ;
#254 = DIRECTION ( 'NONE',  ( 0.0000000000000000000, 1.000000000000000000, 0.0000000000000000000 ) ) ;
#255 = PLANE ( 'NONE',  #257 ) ;
#256 = CARTESIAN_POINT ( 'NONE',  ( 1.450000000000000000, 3.349999999999998800, 0.0000000000000000000 ) ) ;
#257 = AXIS2_PLACEMENT_3D ( 'NONE', #256, #254, #252 ) ;
#258 = CARTESIAN_POINT ( 'NONE',  ( -2.771281292110204600, 3.599999999999999600, 0.3999999999999943000 ) ) ;
#259 = LINE ( 'NONE', #258, #222 ) ;
#260 = B_SPLINE_CURVE_WITH_KNOTS ( 'NONE', 3,
 ( #285, #281, #286, #284, #279, #287, #278, #277 ),
 .UNSPECIFIED., .F., .F.,
 ( 4, 2, 2, 4 ),
 ( 4.043452877437742600E-005, 0.0004054086008030581300, 0.0005878956368173984600, 0.0007703826728317390100 ),
 .UNSPECIFIED. ) ;
#261 = CARTESIAN_POINT ( 'NONE',  ( -0.4625974170193074600, 1.199999999999999700, 2.354995462791182000 ) ) ;
#262 = DIRECTION ( 'NONE',  ( 0.0000000000000000000, 0.0000000000000000000, -1.000000000000000000 ) ) ;
#263 = CARTESIAN_POINT ( 'NONE',  ( -0.4812989227679883600, 1.199989175368521700, 2.354995462791182000 ) ) ;
#264 = DIRECTION ( 'NONE',  ( -0.0000000000000000000, -1.000000000000000000, -0.0000000000000000000 ) ) ;
#265 = CARTESIAN_POINT ( 'NONE',  ( 0.0000000000000000000, 0.0000000000000000000, 0.0000000000000000000 ) ) ;
#266 = CARTESIAN_POINT ( 'NONE',  ( -0.4688312841721042300, 1.199999999999999700, 2.354995462791182000 ) ) ;
#267 = FACE_OUTER_BOUND ( 'NONE', #1014, .T. ) ;
#268 = CARTESIAN_POINT ( 'NONE',  ( -0.4937663472030279200, 1.199954129451382900, 2.354995462791182900 ) ) ;
#269 = AXIS2_PLACEMENT_3D ( 'NONE', #265, #264, #262 ) ;
#270 = CYLINDRICAL_SURFACE ( 'NONE', #269, 2.200000000000000200 ) ;
#271 = CARTESIAN_POINT ( 'NONE',  ( -0.4999999999999995600, 1.199929886113680000, 2.354995462791182000 ) ) ;
#272 = CARTESIAN_POINT ( 'NONE',  ( 2.200000000000000200, 1.549999999999999800, 0.0000000000000000000 ) ) ;
#273 = DIRECTION ( 'NONE',  ( 0.0000000000000000000, 1.000000000000000000, 0.0000000000000000000 ) ) ;
#274 = PLANE ( 'NONE',  #275 ) ;
#275 = AXIS2_PLACEMENT_3D ( 'NONE', #272, #273, #276 ) ;
#276 = DIRECTION ( 'NONE',  ( 0.0000000000000000000, -0.0000000000000000000, 1.000000000000000000 ) ) ;
#277 = CARTESIAN_POINT ( 'NONE',  ( -2.771281292110204600, 0.7999999999999973800, 0.3999999999999943000 ) ) ;
#278 = CARTESIAN_POINT ( 'NONE',  ( -2.771281292110204600, 0.8618524745253004500, 0.3999999999999949200 ) ) ;
#279 = CARTESIAN_POINT ( 'NONE',  ( -2.713513665482673300, 1.026174146691362300, 0.3422323733724639300 ) ) ;
#280 = FACE_OUTER_BOUND ( 'NONE', #1153, .T. ) ;
#281 = CARTESIAN_POINT ( 'NONE',  ( -2.486145777218284000, 1.200000000000000600, 0.1148644851080763800 ) ) ;
#282 = FACE_BOUND ( 'NONE', #1213, .T. ) ;
#283 = CARTESIAN_POINT ( 'NONE',  ( -2.771281292110204600, 0.7999999999999973800, 0.3999999999999943000 ) ) ;
#284 = CARTESIAN_POINT ( 'NONE',  ( -2.681913723820699100, 1.070047583247642400, 0.3106324317104907600 ) ) ;
#285 = CARTESIAN_POINT ( 'NONE',  ( -2.399830194034343800, 1.199999999999999700, 0.02854890192413844100 ) ) ;
#286 = CARTESIAN_POINT ( 'NONE',  ( -2.573690100782163100, 1.171706721062465700, 0.2024088086719551000 ) ) ;
#287 = CARTESIAN_POINT ( 'NONE',  ( -2.758314935082524200, 0.9221003348932277400, 0.3870336429723143000 ) ) ;
#288 = DIRECTION ( 'NONE',  ( -0.0000000000000000000, -1.000000000000000000, -0.0000000000000000000 ) ) ;
#289 = LINE ( 'NONE', #299, #295 ) ;
#290 = CARTESIAN_POINT ( 'NONE',  ( 2.399830194034343800, 1.199999999999999700, 0.02854890192413605400 ) ) ;
#291 = CARTESIAN_POINT ( 'NONE',  ( 2.371281292110206900, 1.199999999999999700, 1.694065894508600700E-018 ) ) ;
#292 = DIRECTION ( 'NONE',  ( 0.7071067811865531200, -0.0000000000000000000, 0.7071067811865419100 ) ) ;
#293 = VECTOR ( 'NONE', #292, 1000.000000000000000 ) ;
#294 = CARTESIAN_POINT ( 'NONE',  ( 2.385640646055102300, 1.199999999999999700, 0.01435935394489511500 ) ) ;
#295 = VECTOR ( 'NONE', #296, 1000.000000000000000 ) ;
#296 = DIRECTION ( 'NONE',  ( 0.0000000000000000000, 0.0000000000000000000, -1.000000000000000000 ) ) ;
#297 = LINE ( 'NONE', #294, #293 ) ;
#298 = CARTESIAN_POINT ( 'NONE',  ( -0.4999999999999995600, 0.0000000000000000000, 2.754995462791182300 ) ) ;
#299 = CARTESIAN_POINT ( 'NONE',  ( -0.4999999999999995600, 0.0000000000000000000, 0.1453712559782021100 ) ) ;
#300 = CARTESIAN_POINT ( 'NONE',  ( 0.0000000000000000000, 3.599999999999999600, 0.0000000000000000000 ) ) ;
#301 = CARTESIAN_POINT ( 'NONE',  ( 2.771281292110204600, 0.0000000000000000000, 0.3999999999999919200 ) ) ;
#302 = AXIS2_PLACEMENT_3D ( 'NONE', #300, #306, #309 ) ;
#303 = CIRCLE ( 'NONE', #302, 0.8000000000000000400 ) ;
#304 = AXIS2_PLACEMENT_3D ( 'NONE', #305, #288, #307 ) ;
#305 = CARTESIAN_POINT ( 'NONE',  ( 0.0000000000000000000, 3.349999999999999200, 0.0000000000000000000 ) ) ;
#306 = DIRECTION ( 'NONE',  ( -0.0000000000000000000, -1.000000000000000000, -0.0000000000000000000 ) ) ;
#307 = DIRECTION ( 'NONE',  ( 0.0000000000000000000, 0.0000000000000000000, -1.000000000000000000 ) ) ;
#308 = CIRCLE ( 'NONE', #304, 0.7999999999999998200 ) ;
#309 = DIRECTION ( 'NONE',  ( 0.0000000000000000000, 0.0000000000000000000, -1.000000000000000000 ) ) ;
#310 = DIRECTION ( 'NONE',  ( 0.0000000000000000000, 0.0000000000000000000, -1.000000000000000000 ) ) ;
#311 = CARTESIAN_POINT ( 'NONE',  ( 0.0000000000000000000, 0.7999999999999999300, 0.0000000000000000000 ) ) ;
#312 = PRODUCT ( 'L785P090', 'L785P090', '', ( #313 ) ) ;
#313 = MECHANICAL_CONTEXT ( 'NONE', #319, 'mechanical' ) ;
#314 = AXIS2_PLACEMENT_3D ( 'NONE', #311, #317, #310 ) ;
#315 = TOROIDAL_SURFACE ( 'NONE', #314, 2.400000000000000400, 0.3999999999999998600 ) ;
#316 = APPLICATION_PROTOCOL_DEFINITION ( 'international standard', 'config_control_design', 1994, #319 ) ;
#317 = DIRECTION ( 'NONE',  ( -0.0000000000000000000, -1.000000000000000000, -0.0000000000000000000 ) ) ;
#318 = FACE_OUTER_BOUND ( 'NONE', #1211, .T. ) ;
#319 = APPLICATION_CONTEXT ( 'configuration controlled 3d designs of mechanical parts and assemblies' ) ;
#320 = CARTESIAN_POINT ( 'NONE',  ( 1.450000000000000200, 3.599999999999999200, 0.0000000000000000000 ) ) ;
#321 = FACE_BOUND ( 'NONE', #1240, .T. ) ;
#322 = PERSON ( 'UNSPECIFIED', 'UNSPECIFIED', 'UNSPECIFIED', ('UNSPECIFIED'), ('UNSPECIFIED'), ('UNSPECIFIED') ) ;
#323 = LOCAL_TIME ( 11, 52, 11.00000000000000000, #510 ) ;
#324 = FACE_OUTER_BOUND ( 'NONE', #1204, .T. ) ;
#325 = AXIS2_PLACEMENT_3D ( 'NONE', #320, #327, #329 ) ;
#326 = FACE_OUTER_BOUND ( 'NONE', #1230, .T. ) ;
#327 = DIRECTION ( 'NONE',  ( 0.0000000000000000000, 1.000000000000000000, 0.0000000000000000000 ) ) ;
#328 = CARTESIAN_POINT ( 'NONE',  ( 0.5000000000000004400, 1.199929886113750200, 2.354995462791182000 ) ) ;
#329 = DIRECTION ( 'NONE',  ( 0.0000000000000000000, -0.0000000000000000000, 1.000000000000000000 ) ) ;
#330 = PLANE ( 'NONE',  #325 ) ;
#331 = DIRECTION ( 'NONE',  ( 0.0000000000000000000, 0.0000000000000000000, -1.000000000000000000 ) ) ;
#332 = DIRECTION ( 'NONE',  ( -0.0000000000000000000, -1.000000000000000000, -0.0000000000000000000 ) ) ;
#333 = DIRECTION ( 'NONE',  ( 0.0000000000000000000, 0.0000000000000000000, -1.000000000000000000 ) ) ;
#334 = DIRECTION ( 'NONE',  ( -0.0000000000000000000, -1.000000000000000000, -0.0000000000000000000 ) ) ;
#335 = AXIS2_PLACEMENT_3D ( 'NONE', #336, #334, #333 ) ;
#336 = CARTESIAN_POINT ( 'NONE',  ( 0.0000000000000000000, 0.7999999999999971600, 0.0000000000000000000 ) ) ;
#337 = CARTESIAN_POINT ( 'NONE',  ( 2.399999999999997200, 1.199999999999999700, 2.354995462791182000 ) ) ;
#338 = DIRECTION ( 'NONE',  ( -1.000000000000000000, 0.0000000000000000000, 0.0000000000000000000 ) ) ;
#339 = LINE ( 'NONE', #337, #355 ) ;
#340 = DIRECTION ( 'NONE',  ( 0.0000000000000000000, -1.000000000000000000, 0.0000000000000000000 ) ) ;
#341 = CARTESIAN_POINT ( 'NONE',  ( 0.4625974170193074600, 1.199999999999999700, 2.354995462791182000 ) ) ;
#342 = DIRECTION ( 'NONE',  ( 0.0000000000000000000, 0.0000000000000000000, -1.000000000000000000 ) ) ;
#343 = AXIS2_PLACEMENT_3D ( 'NONE', #377, #332, #331 ) ;
#344 = CYLINDRICAL_SURFACE ( 'NONE', #343, 2.799999999999999800 ) ;
#345 = FACE_OUTER_BOUND ( 'NONE', #921, .T. ) ;
#346 = DIRECTION ( 'NONE',  ( 0.0000000000000000000, -1.000000000000000000, 0.0000000000000000000 ) ) ;
#347 = VECTOR ( 'NONE', #346, 1000.000000000000000 ) ;
#348 = CIRCLE ( 'NONE', #335, 2.799999999999999800 ) ;
#349 = AXIS2_PLACEMENT_3D ( 'NONE', #371, #340, #342 ) ;
#350 = CARTESIAN_POINT ( 'NONE',  ( 0.0000000000000000000, 0.0000000000000000000, 1.000000000000000000 ) ) ;
#351 = FACE_OUTER_BOUND ( 'NONE', #1047, .T. ) ;
#352 = CIRCLE ( 'NONE', #349, 0.4000000000000000200 ) ;
#353 = CARTESIAN_POINT ( 'NONE',  ( 2.771281292110203700, 3.599999999999999600, -0.3999999999999941400 ) ) ;
#354 = LINE ( 'NONE', #353, #347 ) ;
#355 = VECTOR ( 'NONE', #338, 1000.000000000000000 ) ;
#356 = AXIS2_PLACEMENT_3D ( 'NONE', #350, #379, #378 ) ;
#357 = CIRCLE ( 'NONE', #356, 0.2249999999999999500 ) ;
#358 = DIRECTION ( 'NONE',  ( 0.0000000000000000000, 0.0000000000000000000, -1.000000000000000000 ) ) ;
#359 = DIRECTION ( 'NONE',  ( -0.0000000000000000000, -1.000000000000000000, -0.0000000000000000000 ) ) ;
#360 = AXIS2_PLACEMENT_3D ( 'NONE', #375, #359, #358 ) ;
#361 = CARTESIAN_POINT ( 'NONE',  ( 0.0000000000000000000, 2.469999999999999800, 0.0000000000000000000 ) ) ;
#362 = CC_DESIGN_APPROVAL ( #514, ( #511 ) ) ;
#363 = VECTOR ( 'NONE', #374, 1000.000000000000000 ) ;
#364 = CALENDAR_DATE ( 2010, 20, 12 ) ;
#365 = VECTOR ( 'NONE', #369, 1000.000000000000000 ) ;
#366 = LINE ( 'NONE', #370, #365 ) ;
#367 = DATE_AND_TIME ( #364, #323 ) ;
#368 = CARTESIAN_POINT ( 'NONE',  ( -0.4999999999999995600, 3.599999999999999600, 2.754995462791182300 ) ) ;
#369 = DIRECTION ( 'NONE',  ( 0.0000000000000000000, -1.000000000000000000, 0.0000000000000000000 ) ) ;
#370 = CARTESIAN_POINT ( 'NONE',  ( 0.4999999999999995600, 3.599999999999999600, 2.754995462791182300 ) ) ;
#371 = CARTESIAN_POINT ( 'NONE',  ( -1.000000000000000000, 0.0000000000000000000, 0.0000000000000000000 ) ) ;
#372 = LINE ( 'NONE', #368, #363 ) ;
#373 = APPROVAL_DATE_TIME ( #367, #514 ) ;
#374 = DIRECTION ( 'NONE',  ( 0.0000000000000000000, -1.000000000000000000, 0.0000000000000000000 ) ) ;
#375 = CARTESIAN_POINT ( 'NONE',  ( 0.0000000000000000000, 0.7999999999999999300, 0.0000000000000000000 ) ) ;
#376 = TOROIDAL_SURFACE ( 'NONE', #360, 2.400000000000000400, 0.3999999999999998600 ) ;
#377 = CARTESIAN_POINT ( 'NONE',  ( 0.0000000000000000000, 0.0000000000000000000, 0.0000000000000000000 ) ) ;
#378 = DIRECTION ( 'NONE',  ( 0.0000000000000000000, 0.0000000000000000000, -1.000000000000000000 ) ) ;
#379 = DIRECTION ( 'NONE',  ( 0.0000000000000000000, -1.000000000000000000, 0.0000000000000000000 ) ) ;
#380 = CARTESIAN_POINT ( 'NONE',  ( -0.4625974170193074600, 1.199999999999999700, 2.354995462791182000 ) ) ;
#381 = CARTESIAN_POINT ( 'NONE',  ( 0.0000000000000000000, 2.469999999999999800, -0.005000000000000013100 ) ) ;
#382 = CARTESIAN_POINT ( 'NONE',  ( -1.000000000000000000, 0.01000000000000000000, -0.4000000000000000200 ) ) ;
#383 = DIRECTION ( 'NONE',  ( 0.0000000000000000000, 0.0000000000000000000, -1.000000000000000000 ) ) ;
#384 = SECURITY_CLASSIFICATION ( '', '', #385 ) ;
#385 = SECURITY_CLASSIFICATION_LEVEL ( 'unclassified' ) ;
#386 = CC_DESIGN_PERSON_AND_ORGANIZATION_ASSIGNMENT ( #390, #387, ( #384 ) ) ;
#387 = PERSON_AND_ORGANIZATION_ROLE ( 'classification_officer' ) ;
#388 = CIRCLE ( 'NONE', #389, 0.2249999999999999500 ) ;
#389 = AXIS2_PLACEMENT_3D ( 'NONE', #391, #392, #383 ) ;
#390 = PERSON_AND_ORGANIZATION ( #322, #463 ) ;
#391 = CARTESIAN_POINT ( 'NONE',  ( 0.0000000000000000000, 0.0000000000000000000, 1.000000000000000000 ) ) ;
#392 = DIRECTION ( 'NONE',  ( 0.0000000000000000000, -1.000000000000000000, 0.0000000000000000000 ) ) ;
#393 = CC_DESIGN_APPROVAL ( #529, ( #384 ) ) ;
#394 = B_SPLINE_CURVE_WITH_KNOTS ( 'NONE', 3,
 ( #399, #398, #397, #396, #395 ),
 .UNSPECIFIED., .F., .F.,
 ( 4, 1, 4 ),
 ( 0.006247638875240513500, 0.006266620031477329900, 0.006285601187714145500 ),
 .UNSPECIFIED. ) ;
#395 = CARTESIAN_POINT ( 'NONE',  ( 0.4625974170193074600, 1.199999999999999700, 2.354995462791182000 ) ) ;
#396 = CARTESIAN_POINT ( 'NONE',  ( 0.4688317290381571700, 1.200000000000000200, 2.354995462791182900 ) ) ;
#397 = CARTESIAN_POINT ( 'NONE',  ( 0.4812998452027088000, 1.199989173752928700, 2.354995462791182000 ) ) ;
#398 = CARTESIAN_POINT ( 'NONE',  ( 0.4937668251800351700, 1.199954127592479400, 2.354995462791182000 ) ) ;
#399 = CARTESIAN_POINT ( 'NONE',  ( 0.5000000000000004400, 1.199929886113750200, 2.354995462791182000 ) ) ;
#400 = FACE_OUTER_BOUND ( 'NONE', #1247, .T. ) ;
#401 = CARTESIAN_POINT ( 'NONE',  ( 0.0000000000000000000, 3.199999999999999300, 0.0000000000000000000 ) ) ;
#402 = AXIS2_PLACEMENT_3D ( 'NONE', #401, #220, #223 ) ;
#403 = CIRCLE ( 'NONE', #402, 1.599999999999999900 ) ;
#404 = DIRECTION ( 'NONE',  ( 0.0000000000000000000, 0.0000000000000000000, -1.000000000000000000 ) ) ;
#405 = AXIS2_PLACEMENT_3D ( 'NONE', #409, #410, #404 ) ;
#406 = CARTESIAN_POINT ( 'NONE',  ( 0.4999999999999995600, 1.008676348404550000, 2.710849586923224300 ) ) ;
#407 = CARTESIAN_POINT ( 'NONE',  ( 0.4999999999999995600, 1.155202145041632500, 2.562660859999655600 ) ) ;
#408 = CARTESIAN_POINT ( 'NONE',  ( 0.4999999999999994400, 1.198027413921076500, 2.458855493178128300 ) ) ;
#409 = CARTESIAN_POINT ( 'NONE',  ( 0.0000000000000000000, 0.0000000000000000000, 0.0000000000000000000 ) ) ;
#410 = DIRECTION ( 'NONE',  ( -0.0000000000000000000, -1.000000000000000000, -0.0000000000000000000 ) ) ;
#411 = CYLINDRICAL_SURFACE ( 'NONE', #405, 1.599999999999999900 ) ;
#412 = CARTESIAN_POINT ( 'NONE',  ( 0.4999999999999995600, 0.7999999999999994900, 2.754995462791182300 ) ) ;
#413 = CARTESIAN_POINT ( 'NONE',  ( 0.4999999999999995600, 0.9039553042567534100, 2.754995462791238300 ) ) ;
#414 = CARTESIAN_POINT ( 'NONE',  ( 0.5000000000000004400, 1.199929886113750200, 2.354995462791182000 ) ) ;
#415 = B_SPLINE_CURVE_WITH_KNOTS ( 'NONE', 3,
 ( #414, #408, #407, #406, #413, #412 ),
 .UNSPECIFIED., .F., .F.,
 ( 4, 2, 4 ),
 ( 0.001963132383556059100, 0.002274904791984549900, 0.002586677200413040700 ),
 .UNSPECIFIED. ) ;
#416 = B_SPLINE_CURVE_WITH_KNOTS ( 'NONE', 3,
 ( #421, #420, #419, #418, #417, #429 ),
 .UNSPECIFIED., .F., .F.,
 ( 4, 2, 4 ),
 ( 0.001963132383556060900, 0.002274904791984550800, 0.002586677200413040700 ),
 .UNSPECIFIED. ) ;
#417 = CARTESIAN_POINT ( 'NONE',  ( -0.4999999999999995600, 0.9039553042567538600, 2.754995462791237400 ) ) ;
#418 = CARTESIAN_POINT ( 'NONE',  ( -0.4999999999999995600, 1.008676348404550200, 2.710849586923224300 ) ) ;
#419 = CARTESIAN_POINT ( 'NONE',  ( -0.4999999999999995600, 1.155202145041632300, 2.562660859999655600 ) ) ;
#420 = CARTESIAN_POINT ( 'NONE',  ( -0.4999999999999994400, 1.198027413921076300, 2.458855493178129200 ) ) ;
#421 = CARTESIAN_POINT ( 'NONE',  ( -0.4999999999999995600, 1.199929886113680000, 2.354995462791182000 ) ) ;
#422 = CARTESIAN_POINT ( 'NONE',  ( 0.0000000000000000000, 0.0000000000000000000, 0.0000000000000000000 ) ) ;
#423 = FACE_OUTER_BOUND ( 'NONE', #853, .T. ) ;
#424 = FACE_BOUND ( 'NONE', #1255, .T. ) ;
#425 = DIRECTION ( 'NONE',  ( 0.0000000000000000000, 0.0000000000000000000, -1.000000000000000000 ) ) ;
#426 = DIRECTION ( 'NONE',  ( -0.0000000000000000000, -1.000000000000000000, -0.0000000000000000000 ) ) ;
#427 = AXIS2_PLACEMENT_3D ( 'NONE', #422, #426, #425 ) ;
#428 = CYLINDRICAL_SURFACE ( 'NONE', #427, 0.7999999999999999300 ) ;
#429 = CARTESIAN_POINT ( 'NONE',  ( -0.4999999999999995600, 0.7999999999999999300, 2.754995462791182300 ) ) ;
#430 = FACE_OUTER_BOUND ( 'NONE', #1252, .T. ) ;
#431 = CARTESIAN_POINT ( 'NONE',  ( 2.771281292110204600, 0.7999999999999973800, 0.3999999999999919200 ) ) ;
#432 = CARTESIAN_POINT ( 'NONE',  ( 2.771281292110205500, 0.8618524745253006700, 0.3999999999999920300 ) ) ;
#433 = CARTESIAN_POINT ( 'NONE',  ( 2.758314935082524700, 0.9221003348932284000, 0.3870336429723126900 ) ) ;
#434 = CARTESIAN_POINT ( 'NONE',  ( 2.713513665482673700, 1.026174146691362500, 0.3422323733724622600 ) ) ;
#435 = CARTESIAN_POINT ( 'NONE',  ( 2.681913723820699100, 1.070047583247642400, 0.3106324317104884900 ) ) ;
#436 = CARTESIAN_POINT ( 'NONE',  ( 2.573690100782162600, 1.171706721062465900, 0.2024088086719528800 ) ) ;
#437 = AXIS2_PLACEMENT_3D ( 'NONE', #459, #442, #455 ) ;
#438 = TOROIDAL_SURFACE ( 'NONE', #469, 1.450000000000000200, 0.1499999999999998600 ) ;
#439 = PERSON_AND_ORGANIZATION ( #322, #463 ) ;
#440 = ADVANCED_BREP_SHAPE_REPRESENTATION ( 'L785P090', ( #882, #841, #449 ), #441 ) ;
#441 =( GEOMETRIC_REPRESENTATION_CONTEXT ( 3 ) GLOBAL_UNCERTAINTY_ASSIGNED_CONTEXT ( ( #443 ) ) GLOBAL_UNIT_ASSIGNED_CONTEXT ( ( #453, #445, #444 ) ) REPRESENTATION_CONTEXT ( 'NONE', 'WORKASPACE' ) );
#442 = DIRECTION ( 'NONE',  ( -0.0000000000000000000, -1.000000000000000000, -0.0000000000000000000 ) ) ;
#443 = UNCERTAINTY_MEASURE_WITH_UNIT (LENGTH_MEASURE( 1.000000000000000100E-005 ), #453, 'distance_accuracy_value', 'NONE');
#444 =( NAMED_UNIT ( * ) SI_UNIT ( $, .STERADIAN. ) SOLID_ANGLE_UNIT ( ) );
#445 =( NAMED_UNIT ( * ) PLANE_ANGLE_UNIT ( ) SI_UNIT ( $, .RADIAN. ) );
#446 = DIRECTION ( 'NONE',  ( 0.0000000000000000000, 0.0000000000000000000, -1.000000000000000000 ) ) ;
#447 = DIRECTION ( 'NONE',  ( -0.0000000000000000000, -1.000000000000000000, -0.0000000000000000000 ) ) ;
#448 = AXIS2_PLACEMENT_3D ( 'NONE', #468, #447, #446 ) ;
#449 = AXIS2_PLACEMENT_3D ( 'NONE', #451, #461, #462 ) ;
#450 = CARTESIAN_POINT ( 'NONE',  ( 0.0000000000000000000, 3.199999999999999300, 0.0000000000000000000 ) ) ;
#451 = CARTESIAN_POINT ( 'NONE',  ( 0.0000000000000000000, 0.0000000000000000000, 0.0000000000000000000 ) ) ;
#452 = CIRCLE ( 'NONE', #437, 2.200000000000000200 ) ;
#453 =( LENGTH_UNIT ( ) NAMED_UNIT ( * ) SI_UNIT ( .MILLI., .METRE. ) );
#454 = CIRCLE ( 'NONE', #448, 1.450000000000000200 ) ;
#455 = DIRECTION ( 'NONE',  ( 0.0000000000000000000, 0.0000000000000000000, -1.000000000000000000 ) ) ;
#456 = CC_DESIGN_PERSON_AND_ORGANIZATION_ASSIGNMENT ( #439, #457, ( #312 ) ) ;
#457 = PERSON_AND_ORGANIZATION_ROLE ( 'design_owner' ) ;
#458 = DIRECTION ( 'NONE',  ( -0.0000000000000000000, -1.000000000000000000, -0.0000000000000000000 ) ) ;
#459 = CARTESIAN_POINT ( 'NONE',  ( 0.0000000000000000000, 1.549999999999999800, 0.0000000000000000000 ) ) ;
#460 = FACE_OUTER_BOUND ( 'NONE', #1256, .T. ) ;
#461 = DIRECTION ( 'NONE',  ( 0.0000000000000000000, 0.0000000000000000000, 1.000000000000000000 ) ) ;
#462 = DIRECTION ( 'NONE',  ( 1.000000000000000000, 0.0000000000000000000, 0.0000000000000000000 ) ) ;
#463 = ORGANIZATION ( 'UNSPECIFIED', 'UNSPECIFIED', '' ) ;
#464 = CARTESIAN_POINT ( 'NONE',  ( 2.486145777218281800, 1.200000000000000800, 0.1148644851080744500 ) ) ;
#465 = CARTESIAN_POINT ( 'NONE',  ( 2.399830194034343800, 1.199999999999999700, 0.02854890192413605400 ) ) ;
#466 = CARTESIAN_POINT ( 'NONE',  ( -0.4999999999999995600, 1.199929886113680000, 2.354995462791182000 ) ) ;
#467 = B_SPLINE_CURVE_WITH_KNOTS ( 'NONE', 3,
 ( #465, #464, #436, #435, #434, #433, #432, #431 ),
 .UNSPECIFIED., .F., .F.,
 ( 4, 2, 2, 4 ),
 ( 4.043452877437534600E-005, 0.0004054086008030560200, 0.0005878956368173963000, 0.0007703826728317369500 ),
 .UNSPECIFIED. ) ;
#468 = CARTESIAN_POINT ( 'NONE',  ( 0.0000000000000000000, 3.599999999999999200, 0.0000000000000000000 ) ) ;
#469 = AXIS2_PLACEMENT_3D ( 'NONE', #450, #458, #470 ) ;
#470 = DIRECTION ( 'NONE',  ( 0.0000000000000000000, 0.0000000000000000000, -1.000000000000000000 ) ) ;
#471 = CARTESIAN_POINT ( 'NONE',  ( 2.681913723820699600, 1.070047583247642600, -0.3106324317104914900 ) ) ;
#472 = CARTESIAN_POINT ( 'NONE',  ( 2.573690100782162200, 1.171706721062465700, -0.2024088086719555100 ) ) ;
#473 = AXIS2_PLACEMENT_3D ( 'NONE', #361, #177, #154 ) ;
#474 = DIRECTION ( 'NONE',  ( 0.7071067811865517900, 0.0000000000000000000, -0.7071067811865432400 ) ) ;
#475 = VECTOR ( 'NONE', #474, 1000.000000000000000 ) ;
#476 = CIRCLE ( 'NONE', #473, 0.005000000000000013100 ) ;
#477 = CARTESIAN_POINT ( 'NONE',  ( -3.882898832344222000, 0.0000000000000000000, 1.511617540233998400 ) ) ;
#478 = B_SPLINE_CURVE_WITH_KNOTS ( 'NONE', 3,
 ( #485, #484, #472, #471, #482, #481, #480, #479 ),
 .UNSPECIFIED., .F., .F.,
 ( 4, 2, 2, 4 ),
 ( 4.043452877437512900E-005, 0.0004054086008030563400, 0.0005878956368173968400, 0.0007703826728317374900 ),
 .UNSPECIFIED. ) ;
#479 = CARTESIAN_POINT ( 'NONE',  ( 2.771281292110203700, 0.7999999999999973800, -0.3999999999999941400 ) ) ;
#480 = CARTESIAN_POINT ( 'NONE',  ( 2.771281292110205500, 0.8618524745253008900, -0.3999999999999965300 ) ) ;
#481 = CARTESIAN_POINT ( 'NONE',  ( 2.758314935082524200, 0.9221003348932280700, -0.3870336429723157400 ) ) ;
#482 = CARTESIAN_POINT ( 'NONE',  ( 2.713513665482673300, 1.026174146691362500, -0.3422323733724654300 ) ) ;
#483 = LINE ( 'NONE', #477, #475 ) ;
#484 = CARTESIAN_POINT ( 'NONE',  ( 2.486145777218282700, 1.200000000000000200, -0.1148644851080767400 ) ) ;
#485 = CARTESIAN_POINT ( 'NONE',  ( 2.399830194034343800, 1.199999999999999700, -0.02854890192413865600 ) ) ;
#486 = APPLICATION_CONTEXT ( 'configuration controlled 3d designs of mechanical parts and assemblies' ) ;
#487 = DESIGN_CONTEXT ( 'detailed design', #486, 'design' ) ;
#488 = COORDINATED_UNIVERSAL_TIME_OFFSET ( 5, 0, .BEHIND. ) ;
#489 = APPROVAL_PERSON_ORGANIZATION ( #496, #498, #493 ) ;
#490 = CC_DESIGN_APPROVAL ( #498, ( #499 ) ) ;
#491 = CALENDAR_DATE ( 2010, 20, 12 ) ;
#492 = LOCAL_TIME ( 11, 52, 11.00000000000000000, #488 ) ;
#493 = APPROVAL_ROLE ( '' ) ;
#494 = DATE_AND_TIME ( #491, #492 ) ;
#495 = APPROVAL_DATE_TIME ( #494, #498 ) ;
#496 = PERSON_AND_ORGANIZATION ( #322, #463 ) ;
#497 = APPLICATION_PROTOCOL_DEFINITION ( 'international standard', 'config_control_design', 1994, #486 ) ;
#498 = APPROVAL ( #500, 'UNSPECIFIED' ) ;
#499 = PRODUCT_DEFINITION ( 'UNKNOWN', '', #511, #487 ) ;
#500 = APPROVAL_STATUS ( 'not_yet_approved' ) ;
#501 = CC_DESIGN_PERSON_AND_ORGANIZATION_ASSIGNMENT ( #507, #505, ( #499 ) ) ;
#502 = COORDINATED_UNIVERSAL_TIME_OFFSET ( 5, 0, .BEHIND. ) ;
#503 = CC_DESIGN_DATE_AND_TIME_ASSIGNMENT ( #508, #506, ( #499 ) ) ;
#504 = LOCAL_TIME ( 11, 52, 11.00000000000000000, #502 ) ;
#505 = PERSON_AND_ORGANIZATION_ROLE ( 'creator' ) ;
#506 = DATE_TIME_ROLE ( 'creation_date' ) ;
#507 = PERSON_AND_ORGANIZATION ( #322, #463 ) ;
#508 = DATE_AND_TIME ( #509, #504 ) ;
#509 = CALENDAR_DATE ( 2010, 20, 12 ) ;
#510 = COORDINATED_UNIVERSAL_TIME_OFFSET ( 5, 0, .BEHIND. ) ;
#511 = PRODUCT_DEFINITION_FORMATION_WITH_SPECIFIED_SOURCE ( 'ANY', '', #312, .NOT_KNOWN. ) ;
#512 = APPROVAL_ROLE ( '' ) ;
#513 = PERSON_AND_ORGANIZATION ( #322, #463 ) ;
#514 = APPROVAL ( #515, 'UNSPECIFIED' ) ;
#515 = APPROVAL_STATUS ( 'not_yet_approved' ) ;
#516 = APPROVAL_PERSON_ORGANIZATION ( #513, #514, #512 ) ;
#517 = CC_DESIGN_PERSON_AND_ORGANIZATION_ASSIGNMENT ( #519, #521, ( #511 ) ) ;
#518 = PERSON_AND_ORGANIZATION_ROLE ( 'creator' ) ;
#519 = PERSON_AND_ORGANIZATION ( #322, #463 ) ;
#520 = CC_DESIGN_PERSON_AND_ORGANIZATION_ASSIGNMENT ( #522, #518, ( #511 ) ) ;
#521 = PERSON_AND_ORGANIZATION_ROLE ( 'design_supplier' ) ;
#522 = PERSON_AND_ORGANIZATION ( #322, #463 ) ;
#523 = COORDINATED_UNIVERSAL_TIME_OFFSET ( 5, 0, .BEHIND. ) ;
#524 = APPROVAL_DATE_TIME ( #530, #529 ) ;
#525 = CALENDAR_DATE ( 2010, 20, 12 ) ;
#526 = LOCAL_TIME ( 11, 52, 11.00000000000000000, #527 ) ;
#527 = COORDINATED_UNIVERSAL_TIME_OFFSET ( 5, 0, .BEHIND. ) ;
#528 = APPROVAL_PERSON_ORGANIZATION ( #534, #529, #536 ) ;
#529 = APPROVAL ( #531, 'UNSPECIFIED' ) ;
#530 = DATE_AND_TIME ( #525, #526 ) ;
#531 = APPROVAL_STATUS ( 'not_yet_approved' ) ;
#532 = LOCAL_TIME ( 11, 52, 11.00000000000000000, #523 ) ;
#533 = CC_DESIGN_DATE_AND_TIME_ASSIGNMENT ( #538, #537, ( #384 ) ) ;
#534 = PERSON_AND_ORGANIZATION ( #322, #463 ) ;
#535 = CALENDAR_DATE ( 2010, 20, 12 ) ;
#536 = APPROVAL_ROLE ( '' ) ;
#537 = DATE_TIME_ROLE ( 'classification_date' ) ;
#538 = DATE_AND_TIME ( #535, #532 ) ;
#539 = CC_DESIGN_SECURITY_CLASSIFICATION ( #384, ( #511 ) ) ;
#540 = SHAPE_DEFINITION_REPRESENTATION ( #541, #440 ) ;
#541 = PRODUCT_DEFINITION_SHAPE ( 'NONE', 'NONE',  #499 ) ;
#542 = PRODUCT_RELATED_PRODUCT_CATEGORY ( 'detail', '', ( #312 ) ) ;
#543 = DIRECTION ( 'NONE',  ( 0.0000000000000000000, 0.0000000000000000000, -1.000000000000000000 ) ) ;
#544 = DIRECTION ( 'NONE',  ( -0.0000000000000000000, -1.000000000000000000, -0.0000000000000000000 ) ) ;
#545 = AXIS2_PLACEMENT_3D ( 'NONE', #576, #544, #543 ) ;
#546 = LINE ( 'NONE', #566, #565 ) ;
#547 = CARTESIAN_POINT ( 'NONE',  ( -2.713513665482671900, 1.026174146691363600, -0.3422323733724620400 ) ) ;
#548 = CARTESIAN_POINT ( 'NONE',  ( -2.681913723820697400, 1.070047583247643500, -0.3106324317104889300 ) ) ;
#549 = DIRECTION ( 'NONE',  ( -0.0000000000000000000, -1.000000000000000000, -0.0000000000000000000 ) ) ;
#550 = CARTESIAN_POINT ( 'NONE',  ( 6.735334946023050500E-018, 2.469999999999999800, 0.05499999999999979900 ) ) ;
#551 = DIRECTION ( 'NONE',  ( -0.7071067811865531200, 0.0000000000000000000, -0.7071067811865420200 ) ) ;
#552 = FACE_OUTER_BOUND ( 'NONE', #998, .T. ) ;
#553 = DIRECTION ( 'NONE',  ( -0.0000000000000000000, -1.000000000000000000, -0.0000000000000000000 ) ) ;
#554 = VECTOR ( 'NONE', #553, 1000.000000000000000 ) ;
#555 = CARTESIAN_POINT ( 'NONE',  ( 0.0000000000000000000, 0.0000000000000000000, -2.200000000000000200 ) ) ;
#556 = LINE ( 'NONE', #555, #554 ) ;
#557 = AXIS2_PLACEMENT_3D ( 'NONE', #577, #549, #582 ) ;
#558 = CIRCLE ( 'NONE', #557, 2.200000000000000200 ) ;
#559 = CARTESIAN_POINT ( 'NONE',  ( 0.4999999999999995600, 0.0000000000000000000, 2.754995462791182300 ) ) ;
#560 = CARTESIAN_POINT ( 'NONE',  ( 0.5000000000000004400, 0.0000000000000000000, 2.354995462791182000 ) ) ;
#561 = B_SPLINE_CURVE_WITH_KNOTS ( 'NONE', 3,
 ( #567, #562, #586, #548, #547, #585, #584, #583 ),
 .UNSPECIFIED., .F., .F.,
 ( 4, 2, 2, 4 ),
 ( 4.043452877437670800E-005, 0.0004054086008030565600, 0.0005878956368173965100, 0.0007703826728317367300 ),
 .UNSPECIFIED. ) ;
#562 = CARTESIAN_POINT ( 'NONE',  ( -2.486145777218282700, 1.200000000000000600, -0.1148644851080748300 ) ) ;
#563 = CARTESIAN_POINT ( 'NONE',  ( 2.771281292110203700, 0.0000000000000000000, -0.3999999999999941400 ) ) ;
#564 = CIRCLE ( 'NONE', #545, 2.799999999999999800 ) ;
#565 = VECTOR ( 'NONE', #551, 1000.000000000000000 ) ;
#566 = CARTESIAN_POINT ( 'NONE',  ( -1.366246284255856500, 0.0000000000000000000, -3.737527576366003900 ) ) ;
#567 = CARTESIAN_POINT ( 'NONE',  ( -2.399830194034343800, 1.199999999999999700, -0.02854890192413649100 ) ) ;
#568 = CARTESIAN_POINT ( 'NONE',  ( 0.0000000000000000000, 0.0000000000000000000, 0.0000000000000000000 ) ) ;
#569 = CYLINDRICAL_SURFACE ( 'NONE', #589, 0.004999999999999904700 ) ;
#570 = FACE_OUTER_BOUND ( 'NONE', #1190, .T. ) ;
#571 = DIRECTION ( 'NONE',  ( -0.0000000000000000000, -1.000000000000000000, -0.0000000000000000000 ) ) ;
#572 = VECTOR ( 'NONE', #571, 1000.000000000000000 ) ;
#573 = CARTESIAN_POINT ( 'NONE',  ( 6.735334946023050500E-018, 0.0000000000000000000, 0.05499999999999979900 ) ) ;
#574 = LINE ( 'NONE', #573, #572 ) ;
#575 = CIRCLE ( 'NONE', #581, 2.799999999999999800 ) ;
#576 = CARTESIAN_POINT ( 'NONE',  ( 0.0000000000000000000, 0.0000000000000000000, 0.0000000000000000000 ) ) ;
#577 = CARTESIAN_POINT ( 'NONE',  ( 0.0000000000000000000, 1.199999999999999700, 0.0000000000000000000 ) ) ;
#578 = DIRECTION ( 'NONE',  ( 0.0000000000000000000, 0.0000000000000000000, -1.000000000000000000 ) ) ;
#579 = DIRECTION ( 'NONE',  ( -0.0000000000000000000, -1.000000000000000000, -0.0000000000000000000 ) ) ;
#580 = CARTESIAN_POINT ( 'NONE',  ( 0.0000000000000000000, 0.0000000000000000000, 0.0000000000000000000 ) ) ;
#581 = AXIS2_PLACEMENT_3D ( 'NONE', #580, #579, #578 ) ;
#582 = DIRECTION ( 'NONE',  ( 0.0000000000000000000, 0.0000000000000000000, -1.000000000000000000 ) ) ;
#583 = CARTESIAN_POINT ( 'NONE',  ( -2.771281292110204600, 0.7999999999999999300, -0.3999999999999936900 ) ) ;
#584 = CARTESIAN_POINT ( 'NONE',  ( -2.771281292110205500, 0.8618524745253032200, -0.3999999999999939700 ) ) ;
#585 = CARTESIAN_POINT ( 'NONE',  ( -2.758314935082525100, 0.9221003348932301800, -0.3870336429723128500 ) ) ;
#586 = CARTESIAN_POINT ( 'NONE',  ( -2.573690100782161800, 1.171706721062466100, -0.2024088086719532400 ) ) ;
#587 = DIRECTION ( 'NONE',  ( 0.0000000000000000000, 0.0000000000000000000, -1.000000000000000000 ) ) ;
#588 = DIRECTION ( 'NONE',  ( -0.0000000000000000000, -1.000000000000000000, -0.0000000000000000000 ) ) ;
#589 = AXIS2_PLACEMENT_3D ( 'NONE', #568, #588, #587 ) ;
#590 = DIRECTION ( 'NONE',  ( 0.0000000000000000000, 0.0000000000000000000, 1.000000000000000000 ) ) ;
#591 = DIRECTION ( 'NONE',  ( -0.0000000000000000000, -1.000000000000000000, -0.0000000000000000000 ) ) ;
#592 = AXIS2_PLACEMENT_3D ( 'NONE', #596, #591, #590 ) ;
#593 = DIRECTION ( 'NONE',  ( -0.0000000000000000000, -1.000000000000000000, -0.0000000000000000000 ) ) ;
#594 = CYLINDRICAL_SURFACE ( 'NONE', #601, 1.950000000000000200 ) ;
#595 = CARTESIAN_POINT ( 'NONE',  ( 0.0000000000000000000, 0.0000000000000000000, 0.0000000000000000000 ) ) ;
#596 = CARTESIAN_POINT ( 'NONE',  ( 0.0000000000000000000, 1.199999999999999700, 0.0000000000000000000 ) ) ;
#597 = VECTOR ( 'NONE', #593, 1000.000000000000000 ) ;
#598 = CIRCLE ( 'NONE', #592, 0.004999999999999904700 ) ;
#599 = CARTESIAN_POINT ( 'NONE',  ( 2.694133978409230100E-016, 0.0000000000000000000, 2.200000000000000200 ) ) ;
#600 = LINE ( 'NONE', #599, #597 ) ;
#601 = AXIS2_PLACEMENT_3D ( 'NONE', #595, #602, #603 ) ;
#602 = DIRECTION ( 'NONE',  ( -0.0000000000000000000, -1.000000000000000000, -0.0000000000000000000 ) ) ;
#603 = DIRECTION ( 'NONE',  ( 0.0000000000000000000, 0.0000000000000000000, -1.000000000000000000 ) ) ;
#604 = CARTESIAN_POINT ( 'NONE',  ( 0.0000000000000000000, 1.199999999999999700, -2.200000000000000200 ) ) ;
#605 = CARTESIAN_POINT ( 'NONE',  ( -2.771281292110204600, 0.0000000000000000000, -0.3999999999999936900 ) ) ;
#606 = CARTESIAN_POINT ( 'NONE',  ( 2.694133978409230100E-016, 1.199999999999999700, 2.200000000000000200 ) ) ;
#607 = AXIS2_PLACEMENT_3D ( 'NONE', #611, #609, #608 ) ;
#608 = DIRECTION ( 'NONE',  ( 0.0000000000000000000, 0.0000000000000000000, -1.000000000000000000 ) ) ;
#609 = DIRECTION ( 'NONE',  ( -0.0000000000000000000, -1.000000000000000000, -0.0000000000000000000 ) ) ;
#610 = CIRCLE ( 'NONE', #607, 2.200000000000000200 ) ;
#611 = CARTESIAN_POINT ( 'NONE',  ( 0.0000000000000000000, 1.199999999999999700, 0.0000000000000000000 ) ) ;
#612 = CARTESIAN_POINT ( 'NONE',  ( 0.0000000000000000000, 1.299999999999999800, -1.600000000000000100 ) ) ;
#613 = CARTESIAN_POINT ( 'NONE',  ( 0.0000000000000000000, 1.199999999999999700, -1.950000000000000200 ) ) ;
#614 = CARTESIAN_POINT ( 'NONE',  ( 0.0000000000000000000, 1.199999999999999700, -0.004999999999999904700 ) ) ;
#615 = DIRECTION ( 'NONE',  ( 0.0000000000000000000, 0.0000000000000000000, -1.000000000000000000 ) ) ;
#616 = DIRECTION ( 'NONE',  ( -0.0000000000000000000, -1.000000000000000000, -0.0000000000000000000 ) ) ;
#617 = CARTESIAN_POINT ( 'NONE',  ( 0.0000000000000000000, 1.549999999999999800, -2.200000000000000200 ) ) ;
#618 = CARTESIAN_POINT ( 'NONE',  ( 6.123031769111769700E-019, 0.0000000000000000000, 0.004999999999999904700 ) ) ;
#619 = VECTOR ( 'NONE', #620, 1000.000000000000000 ) ;
#620 = DIRECTION ( 'NONE',  ( -0.0000000000000000000, -1.000000000000000000, -0.0000000000000000000 ) ) ;
#621 = LINE ( 'NONE', #618, #619 ) ;
#622 = DIRECTION ( 'NONE',  ( 0.0000000000000000000, 0.0000000000000000000, -1.000000000000000000 ) ) ;
#623 = VECTOR ( 'NONE', #622, 1000.000000000000000 ) ;
#624 = CARTESIAN_POINT ( 'NONE',  ( 0.4999999999999995600, 0.0000000000000000000, 0.1453712559782021100 ) ) ;
#625 = DIRECTION ( 'NONE',  ( 0.0000000000000000000, 0.0000000000000000000, -1.000000000000000000 ) ) ;
#626 = DIRECTION ( 'NONE',  ( -0.0000000000000000000, -1.000000000000000000, -0.0000000000000000000 ) ) ;
#627 = CARTESIAN_POINT ( 'NONE',  ( 0.0000000000000000000, 0.0000000000000000000, 0.0000000000000000000 ) ) ;
#628 = AXIS2_PLACEMENT_3D ( 'NONE', #627, #626, #625 ) ;
#629 = CIRCLE ( 'NONE', #628, 2.799999999999999800 ) ;
#630 = VECTOR ( 'NONE', #637, 1000.000000000000000 ) ;
#631 = AXIS2_PLACEMENT_3D ( 'NONE', #646, #638, #648 ) ;
#632 = LINE ( 'NONE', #624, #623 ) ;
#633 = CARTESIAN_POINT ( 'NONE',  ( 2.265521754571397700E-016, 0.0000000000000000000, 1.850000000000000100 ) ) ;
#634 = CIRCLE ( 'NONE', #631, 1.850000000000000100 ) ;
#635 = CARTESIAN_POINT ( 'NONE',  ( 0.0000000000000000000, -6.500000000000000000, 1.224999999999999900 ) ) ;
#636 = LINE ( 'NONE', #635, #630 ) ;
#637 = DIRECTION ( 'NONE',  ( -0.0000000000000000000, 1.000000000000000000, -0.0000000000000000000 ) ) ;
#638 = DIRECTION ( 'NONE',  ( -0.0000000000000000000, -1.000000000000000000, -0.0000000000000000000 ) ) ;
#639 = DIRECTION ( 'NONE',  ( 1.000000000000000000, -0.0000000000000000000, 0.0000000000000000000 ) ) ;
#640 = VECTOR ( 'NONE', #639, 1000.000000000000000 ) ;
#641 = CARTESIAN_POINT ( 'NONE',  ( -5.249145116600001200, 0.0000000000000000000, 2.354995462791182000 ) ) ;
#642 = LINE ( 'NONE', #641, #640 ) ;
#643 = VECTOR ( 'NONE', #644, 1000.000000000000000 ) ;
#644 = DIRECTION ( 'NONE',  ( -0.0000000000000000000, -1.000000000000000000, -0.0000000000000000000 ) ) ;
#645 = LINE ( 'NONE', #633, #643 ) ;
#646 = CARTESIAN_POINT ( 'NONE',  ( 0.0000000000000000000, 1.549999999999999800, 0.0000000000000000000 ) ) ;
#647 = CARTESIAN_POINT ( 'NONE',  ( 0.0000000000000000000, 3.199999999999999300, -1.850000000000000100 ) ) ;
#648 = DIRECTION ( 'NONE',  ( 0.0000000000000000000, 0.0000000000000000000, -1.000000000000000000 ) ) ;
#649 = CARTESIAN_POINT ( 'NONE',  ( 0.0000000000000000000, 1.199999999999999700, 0.0000000000000000000 ) ) ;
#650 = AXIS2_PLACEMENT_3D ( 'NONE', #649, #616, #615 ) ;
#651 = CIRCLE ( 'NONE', #650, 2.399999999999997700 ) ;
#652 = VECTOR ( 'NONE', #654, 1000.000000000000000 ) ;
#653 = LINE ( 'NONE', #655, #652 ) ;
#654 = DIRECTION ( 'NONE',  ( 0.7071067811865520100, 0.0000000000000000000, 0.7071067811865431300 ) ) ;
#655 = CARTESIAN_POINT ( 'NONE',  ( -3.737527576366020700, 0.0000000000000000000, -1.366246284255797900 ) ) ;
#656 = CARTESIAN_POINT ( 'NONE',  ( 2.399830194034343800, 1.199999999999999700, -0.02854890192413865600 ) ) ;
#657 = ORIENTED_EDGE ( 'NONE', *, *, #660, .F. ) ;
#658 = EDGE_LOOP ( 'NONE', ( #707, #708, #709, #745, #746, #747 ) ) ;
#659 = ORIENTED_EDGE ( 'NONE', *, *, #1242, .F. ) ;
#660 = EDGE_CURVE ( 'NONE', #1265, #1042, #1274, .T. ) ;
#661 = ORIENTED_EDGE ( 'NONE', *, *, #1028, .F. ) ;
#662 = ORIENTED_EDGE ( 'NONE', *, *, #1237, .F. ) ;
#663 = ORIENTED_EDGE ( 'NONE', *, *, #847, .T. ) ;
#664 = ORIENTED_EDGE ( 'NONE', *, *, #861, .F. ) ;
#665 = EDGE_LOOP ( 'NONE', ( #666, #676 ) ) ;
#666 = ORIENTED_EDGE ( 'NONE', *, *, #806, .T. ) ;
#667 = ADVANCED_FACE ( 'NONE', ( #1271 ), #1285, .F. ) ;
#668 = ADVANCED_FACE ( 'NONE', ( #1284 ), #1294, .T. ) ;
#669 = EDGE_CURVE ( 'NONE', #1231, #983, #1295, .T. ) ;
#670 = EDGE_LOOP ( 'NONE', ( #776, #777, #778, #782 ) ) ;
#671 = ORIENTED_EDGE ( 'NONE', *, *, #669, .T. ) ;
#672 = ORIENTED_EDGE ( 'NONE', *, *, #752, .F. ) ;
#673 = EDGE_LOOP ( 'NONE', ( #675, #663 ) ) ;
#674 = EDGE_CURVE ( 'NONE', #844, #846, #1277, .T. ) ;
#675 = ORIENTED_EDGE ( 'NONE', *, *, #674, .T. ) ;
#676 = ORIENTED_EDGE ( 'NONE', *, *, #879, .T. ) ;
#677 = ADVANCED_FACE ( 'NONE', ( #1278 ), #1306, .T. ) ;
#678 = ORIENTED_EDGE ( 'NONE', *, *, #1083, .T. ) ;
#679 = ORIENTED_EDGE ( 'NONE', *, *, #939, .F. ) ;
#680 = ADVANCED_FACE ( 'NONE', ( #1303 ), #1297, .F. ) ;
#681 = EDGE_LOOP ( 'NONE', ( #682, #683, #684, #685, #687 ) ) ;
#682 = ORIENTED_EDGE ( 'NONE', *, *, #976, .T. ) ;
#683 = ORIENTED_EDGE ( 'NONE', *, *, #964, .T. ) ;
#684 = ORIENTED_EDGE ( 'NONE', *, *, #1033, .T. ) ;
#685 = ORIENTED_EDGE ( 'NONE', *, *, #686, .F. ) ;
#686 = EDGE_CURVE ( 'NONE', #929, #923, #1779, .T. ) ;
#687 = ORIENTED_EDGE ( 'NONE', *, *, #928, .T. ) ;
#688 = ADVANCED_FACE ( 'NONE', ( #1786 ), #1783, .T. ) ;
#689 = EDGE_LOOP ( 'NONE', ( #690, #691, #702, #703, #704 ) ) ;
#690 = ORIENTED_EDGE ( 'NONE', *, *, #931, .F. ) ;
#691 = ORIENTED_EDGE ( 'NONE', *, *, #686, .T. ) ;
#692 = ORIENTED_EDGE ( 'NONE', *, *, #695, .T. ) ;
#693 = EDGE_LOOP ( 'NONE', ( #744, #678 ) ) ;
#694 = EDGE_LOOP ( 'NONE', ( #679, #714 ) ) ;
#695 = EDGE_CURVE ( 'NONE', #1016, #1203, #1308, .T. ) ;
#696 = ADVANCED_FACE ( 'NONE', ( #1313, #1314 ), #1322, .T. ) ;
#697 = ORIENTED_EDGE ( 'NONE', *, *, #1039, .F. ) ;
#698 = ADVANCED_FACE ( 'NONE', ( #1334 ), #1331, .F. ) ;
#699 = ORIENTED_EDGE ( 'NONE', *, *, #1264, .T. ) ;
#700 = ORIENTED_EDGE ( 'NONE', *, *, #1166, .T. ) ;
#701 = ORIENTED_EDGE ( 'NONE', *, *, #990, .T. ) ;
#702 = ORIENTED_EDGE ( 'NONE', *, *, #1041, .F. ) ;
#703 = ORIENTED_EDGE ( 'NONE', *, *, #1214, .F. ) ;
#704 = ORIENTED_EDGE ( 'NONE', *, *, #1206, .F. ) ;
#705 = EDGE_LOOP ( 'NONE', ( #711, #712, #713, #657 ) ) ;
#706 = ORIENTED_EDGE ( 'NONE', *, *, #756, .F. ) ;
#707 = ORIENTED_EDGE ( 'NONE', *, *, #1257, .T. ) ;
#708 = ORIENTED_EDGE ( 'NONE', *, *, #660, .T. ) ;
#709 = ORIENTED_EDGE ( 'NONE', *, *, #1030, .T. ) ;
#710 = ADVANCED_FACE ( 'NONE', ( #1341 ), #1419, .F. ) ;
#711 = ORIENTED_EDGE ( 'NONE', *, *, #1251, .T. ) ;
#712 = ORIENTED_EDGE ( 'NONE', *, *, #1238, .T. ) ;
#713 = ORIENTED_EDGE ( 'NONE', *, *, #1048, .T. ) ;
#714 = ORIENTED_EDGE ( 'NONE', *, *, #715, .F. ) ;
#715 = EDGE_CURVE ( 'NONE', #992, #940, #1417, .T. ) ;
#716 = ADVANCED_FACE ( 'NONE', ( #1418 ), #1408, .T. ) ;
#717 = EDGE_LOOP ( 'NONE', ( #718, #758, #759, #760 ) ) ;
#718 = ORIENTED_EDGE ( 'NONE', *, *, #993, .F. ) ;
#719 = ORIENTED_EDGE ( 'NONE', *, *, #884, .F. ) ;
#720 = EDGE_LOOP ( 'NONE', ( #726, #719 ) ) ;
#721 = ORIENTED_EDGE ( 'NONE', *, *, #1160, .F. ) ;
#722 = ADVANCED_FACE ( 'NONE', ( #1416, #1422 ), #1421, .T. ) ;
#723 = ORIENTED_EDGE ( 'NONE', *, *, #1185, .F. ) ;
#724 = ADVANCED_FACE ( 'NONE', ( #1369 ), #1365, .F. ) ;
#725 = ORIENTED_EDGE ( 'NONE', *, *, #1018, .F. ) ;
#726 = ORIENTED_EDGE ( 'NONE', *, *, #728, .F. ) ;
#727 = EDGE_LOOP ( 'NONE', ( #725, #706, #757, #692 ) ) ;
#728 = EDGE_CURVE ( 'NONE', #885, #920, #1434, .T. ) ;
#729 = EDGE_LOOP ( 'NONE', ( #721, #723 ) ) ;
#730 = ORIENTED_EDGE ( 'NONE', *, *, #1198, .T. ) ;
#731 = ORIENTED_EDGE ( 'NONE', *, *, #1200, .F. ) ;
#732 = ADVANCED_FACE ( 'NONE', ( #1429 ), #1428, .T. ) ;
#733 = EDGE_LOOP ( 'NONE', ( #731, #741, #730, #740 ) ) ;
#734 = ORIENTED_EDGE ( 'NONE', *, *, #1022, .F. ) ;
#735 = ORIENTED_EDGE ( 'NONE', *, *, #737, .T. ) ;
#736 = ORIENTED_EDGE ( 'NONE', *, *, #859, .F. ) ;
#737 = EDGE_CURVE ( 'NONE', #1191, #1025, #1363, .T. ) ;
#738 = ORIENTED_EDGE ( 'NONE', *, *, #918, .T. ) ;
#739 = EDGE_LOOP ( 'NONE', ( #734, #735, #738, #736 ) ) ;
#740 = ORIENTED_EDGE ( 'NONE', *, *, #737, .F. ) ;
#741 = ORIENTED_EDGE ( 'NONE', *, *, #1268, .T. ) ;
#742 = ADVANCED_FACE ( 'NONE', ( #1357 ), #1356, .T. ) ;
#743 = EDGE_LOOP ( 'NONE', ( #671, #661, #662, #659 ) ) ;
#744 = ORIENTED_EDGE ( 'NONE', *, *, #756, .T. ) ;
#745 = ORIENTED_EDGE ( 'NONE', *, *, #669, .F. ) ;
#746 = ORIENTED_EDGE ( 'NONE', *, *, #1241, .T. ) ;
#747 = ORIENTED_EDGE ( 'NONE', *, *, #1062, .T. ) ;
#748 = ADVANCED_FACE ( 'NONE', ( #1350 ), #1354, .T. ) ;
#749 = EDGE_LOOP ( 'NONE', ( #750, #751, #753, #754, #697 ) ) ;
#750 = ORIENTED_EDGE ( 'NONE', *, *, #924, .F. ) ;
#751 = ORIENTED_EDGE ( 'NONE', *, *, #752, .T. ) ;
#752 = EDGE_CURVE ( 'NONE', #1052, #922, #1347, .T. ) ;
#753 = ORIENTED_EDGE ( 'NONE', *, *, #1044, .F. ) ;
#754 = ORIENTED_EDGE ( 'NONE', *, *, #1073, .F. ) ;
#755 = EDGE_LOOP ( 'NONE', ( #699, #700, #701, #672, #832 ) ) ;
#756 = EDGE_CURVE ( 'NONE', #1081, #1174, #1407, .T. ) ;
#757 = ORIENTED_EDGE ( 'NONE', *, *, #950, .T. ) ;
#758 = ORIENTED_EDGE ( 'NONE', *, *, #715, .T. ) ;
#759 = ORIENTED_EDGE ( 'NONE', *, *, #1189, .T. ) ;
#760 = ORIENTED_EDGE ( 'NONE', *, *, #728, .T. ) ;
#761 = ADVANCED_FACE ( 'NONE', ( #1402 ), #1401, .T. ) ;
#762 = EDGE_LOOP ( 'NONE', ( #763, #764 ) ) ;
#763 = ORIENTED_EDGE ( 'NONE', *, *, #695, .F. ) ;
#764 = ORIENTED_EDGE ( 'NONE', *, *, #1017, .F. ) ;
#765 = EDGE_CURVE ( 'NONE', #864, #850, #1395, .T. ) ;
#766 = ORIENTED_EDGE ( 'NONE', *, *, #881, .F. ) ;
#767 = ADVANCED_FACE ( 'NONE', ( #1390 ), #1389, .F. ) ;
#768 = ORIENTED_EDGE ( 'NONE', *, *, #946, .T. ) ;
#769 = EDGE_LOOP ( 'NONE', ( #766, #800, #808, #797 ) ) ;
#770 = ADVANCED_FACE ( 'NONE', ( #1387 ), #1383, .T. ) ;
#771 = EDGE_LOOP ( 'NONE', ( #772, #773, #768, #774 ) ) ;
#772 = ORIENTED_EDGE ( 'NONE', *, *, #897, .F. ) ;
#773 = ORIENTED_EDGE ( 'NONE', *, *, #775, .F. ) ;
#774 = ORIENTED_EDGE ( 'NONE', *, *, #811, .T. ) ;
#775 = EDGE_CURVE ( 'NONE', #902, #866, #1378, .T. ) ;
#776 = ORIENTED_EDGE ( 'NONE', *, *, #857, .F. ) ;
#777 = ORIENTED_EDGE ( 'NONE', *, *, #674, .F. ) ;
#778 = ORIENTED_EDGE ( 'NONE', *, *, #894, .T. ) ;
#779 = ORIENTED_EDGE ( 'NONE', *, *, #1058, .T. ) ;
#780 = EDGE_LOOP ( 'NONE', ( #816, #813 ) ) ;
#781 = ORIENTED_EDGE ( 'NONE', *, *, #867, .T. ) ;
#782 = ORIENTED_EDGE ( 'NONE', *, *, #765, .T. ) ;
#783 = CLOSED_SHELL ( 'NONE', ( #845, #865, #876, #941, #900, #908, #994, #951, #915, #1199, #997, #1088, #1127, #1130, #1105, #973, #966, #1068, #1075, #938, #1171, #1222, #1227, #1254, #1212, #1262, #1243, #1141, #1149, #1161, #1135, #1233, #1258, #856, #732, #722, #724, #696, #716, #761, #680, #688, #710, #742, #667, #748, #698, #809, #791, #784, #812, #804, #770, #767, #796, #677, #668 ) ) ;
#784 = ADVANCED_FACE ( 'NONE', ( #1373 ), #1320, .F. ) ;
#785 = EDGE_CURVE ( 'NONE', #1077, #957, #1470, .T. ) ;
#786 = ORIENTED_EDGE ( 'NONE', *, *, #1026, .T. ) ;
#787 = ORIENTED_EDGE ( 'NONE', *, *, #1066, .T. ) ;
#788 = ORIENTED_EDGE ( 'NONE', *, *, #899, .T. ) ;
#789 = ORIENTED_EDGE ( 'NONE', *, *, #1177, .F. ) ;
#790 = ORIENTED_EDGE ( 'NONE', *, *, #785, .F. ) ;
#791 = ADVANCED_FACE ( 'NONE', ( #1530 ), #1468, .T. ) ;
#792 = ORIENTED_EDGE ( 'NONE', *, *, #803, .T. ) ;
#793 = ORIENTED_EDGE ( 'NONE', *, *, #905, .T. ) ;
#794 = ORIENTED_EDGE ( 'NONE', *, *, #765, .F. ) ;
#795 = EDGE_LOOP ( 'NONE', ( #810, #801, #786, #787 ) ) ;
#796 = ADVANCED_FACE ( 'NONE', ( #1529, #1531 ), #1467, .T. ) ;
#797 = ORIENTED_EDGE ( 'NONE', *, *, #963, .T. ) ;
#798 = EDGE_LOOP ( 'NONE', ( #792, #793 ) ) ;
#799 = EDGE_LOOP ( 'NONE', ( #794, #664 ) ) ;
#800 = ORIENTED_EDGE ( 'NONE', *, *, #806, .F. ) ;
#801 = ORIENTED_EDGE ( 'NONE', *, *, #803, .F. ) ;
#802 = ORIENTED_EDGE ( 'NONE', *, *, #775, .T. ) ;
#803 = EDGE_CURVE ( 'NONE', #913, #912, #1574, .T. ) ;
#804 = ADVANCED_FACE ( 'NONE', ( #1572 ), #1567, .T. ) ;
#805 = EDGE_LOOP ( 'NONE', ( #802, #781 ) ) ;
#806 = EDGE_CURVE ( 'NONE', #890, #863, #1464, .T. ) ;
#807 = EDGE_LOOP ( 'NONE', ( #789, #790, #788, #779 ) ) ;
#808 = ORIENTED_EDGE ( 'NONE', *, *, #870, .T. ) ;
#809 = ADVANCED_FACE ( 'NONE', ( #1465 ), #1459, .T. ) ;
#810 = ORIENTED_EDGE ( 'NONE', *, *, #911, .F. ) ;
#811 = EDGE_CURVE ( 'NONE', #944, #898, #1453, .T. ) ;
#812 = ADVANCED_FACE ( 'NONE', ( #1454, #1448 ), #1447, .T. ) ;
#813 = ORIENTED_EDGE ( 'NONE', *, *, #1176, .F. ) ;
#814 = ORIENTED_EDGE ( 'NONE', *, *, #956, .T. ) ;
#815 = ORIENTED_EDGE ( 'NONE', *, *, #785, .T. ) ;
#816 = ORIENTED_EDGE ( 'NONE', *, *, #811, .F. ) ;
#817 = EDGE_LOOP ( 'NONE', ( #815, #814 ) ) ;
#818 = ORIENTED_EDGE ( 'NONE', *, *, #869, .F. ) ;
#819 = ORIENTED_EDGE ( 'NONE', *, *, #823, .F. ) ;
#820 = ORIENTED_EDGE ( 'NONE', *, *, #870, .F. ) ;
#821 = ORIENTED_EDGE ( 'NONE', *, *, #875, .F. ) ;
#822 = EDGE_LOOP ( 'NONE', ( #821, #840, #836, #839 ) ) ;
#823 = EDGE_CURVE ( 'NONE', #877, #892, #1441, .T. ) ;
#824 = ADVANCED_FACE ( 'NONE', ( #1442 ), #1525, .T. ) ;
#825 = VERTEX_POINT ( 'NONE', #1524 ) ;
#826 = ORIENTED_EDGE ( 'NONE', *, *, #829, .F. ) ;
#827 = EDGE_LOOP ( 'NONE', ( #818, #819 ) ) ;
#828 = ORIENTED_EDGE ( 'NONE', *, *, #830, .F. ) ;
#829 = EDGE_CURVE ( 'NONE', #825, #872, #1560, .T. ) ;
#830 = EDGE_CURVE ( 'NONE', #892, #825, #1519, .T. ) ;
#831 = ORIENTED_EDGE ( 'NONE', *, *, #1189, .F. ) ;
#832 = ORIENTED_EDGE ( 'NONE', *, *, #1051, .T. ) ;
#833 = ADVANCED_FACE ( 'NONE', ( #1552 ), #1551, .F. ) ;
#834 = EDGE_LOOP ( 'NONE', ( #838, #842 ) ) ;
#835 = ADVANCED_FACE ( 'NONE', ( #1549 ), #1545, .F. ) ;
#836 = ORIENTED_EDGE ( 'NONE', *, *, #830, .T. ) ;
#837 = EDGE_CURVE ( 'NONE', #872, #825, #1540, .T. ) ;
#838 = ORIENTED_EDGE ( 'NONE', *, *, #829, .T. ) ;
#839 = ORIENTED_EDGE ( 'NONE', *, *, #837, .F. ) ;
#840 = ORIENTED_EDGE ( 'NONE', *, *, #823, .T. ) ;
#841 = MANIFOLD_SOLID_BREP ( 'NONE', #783 ) ;
#842 = ORIENTED_EDGE ( 'NONE', *, *, #837, .T. ) ;
#843 = ORIENTED_EDGE ( 'NONE', *, *, #847, .F. ) ;
#844 = VERTEX_POINT ( 'NONE', #1535 ) ;
#845 = ADVANCED_FACE ( 'NONE', ( #1534 ), #1533, .T. ) ;
#846 = VERTEX_POINT ( 'NONE', #1518 ) ;
#847 = EDGE_CURVE ( 'NONE', #846, #844, #1513, .T. ) ;
#848 = CLOSED_SHELL ( 'NONE', ( #873, #833, #824, #835 ) ) ;
#849 = EDGE_LOOP ( 'NONE', ( #843, #858, #862, #895 ) ) ;
#850 = VERTEX_POINT ( 'NONE', #1508 ) ;
#851 = ORIENTED_EDGE ( 'NONE', *, *, #1260, .F. ) ;
#852 = ORIENTED_EDGE ( 'NONE', *, *, #948, .F. ) ;
#853 = EDGE_LOOP ( 'NONE', ( #852, #851 ) ) ;
#854 = VERTEX_POINT ( 'NONE', #1507 ) ;
#855 = ORIENTED_EDGE ( 'NONE', *, *, #859, .T. ) ;
#856 = ADVANCED_FACE ( 'NONE', ( #1506 ), #1505, .T. ) ;
#857 = EDGE_CURVE ( 'NONE', #846, #850, #1499, .T. ) ;
#858 = ORIENTED_EDGE ( 'NONE', *, *, #857, .T. ) ;
#859 = EDGE_CURVE ( 'NONE', #1192, #1194, #1495, .T. ) ;
#860 = EDGE_LOOP ( 'NONE', ( #886, #893, #889, #820 ) ) ;
#861 = EDGE_CURVE ( 'NONE', #850, #864, #1490, .T. ) ;
#862 = ORIENTED_EDGE ( 'NONE', *, *, #861, .T. ) ;
#863 = VERTEX_POINT ( 'NONE', #1485 ) ;
#864 = VERTEX_POINT ( 'NONE', #1484 ) ;
#865 = ADVANCED_FACE ( 'NONE', ( #1483 ), #1482, .F. ) ;
#866 = VERTEX_POINT ( 'NONE', #1481 ) ;
#867 = EDGE_CURVE ( 'NONE', #866, #902, #1474, .T. ) ;
#868 = EDGE_LOOP ( 'NONE', ( #891, #874, #826, #828 ) ) ;
#869 = EDGE_CURVE ( 'NONE', #892, #877, #1611, .T. ) ;
#870 = EDGE_CURVE ( 'NONE', #890, #888, #1599, .T. ) ;
#871 = EDGE_LOOP ( 'NONE', ( #887, #896, #1175, #945 ) ) ;
#872 = VERTEX_POINT ( 'NONE', #1618 ) ;
#873 = ADVANCED_FACE ( 'NONE', ( #1590 ), #1580, .T. ) ;
#874 = ORIENTED_EDGE ( 'NONE', *, *, #875, .T. ) ;
#875 = EDGE_CURVE ( 'NONE', #877, #872, #1619, .T. ) ;
#876 = ADVANCED_FACE ( 'NONE', ( #1622 ), #1621, .T. ) ;
#877 = VERTEX_POINT ( 'NONE', #1582 ) ;
#878 = VERTEX_POINT ( 'NONE', #1581 ) ;
#879 = EDGE_CURVE ( 'NONE', #863, #890, #1594, .T. ) ;
#880 = EDGE_CURVE ( 'NONE', #878, #888, #1615, .T. ) ;
#881 = EDGE_CURVE ( 'NONE', #863, #878, #1628, .T. ) ;
#882 = MANIFOLD_SOLID_BREP ( 'NONE', #848 ) ;
#883 = ORIENTED_EDGE ( 'NONE', *, *, #884, .T. ) ;
#884 = EDGE_CURVE ( 'NONE', #920, #885, #1624, .T. ) ;
#885 = VERTEX_POINT ( 'NONE', #1641 ) ;
#886 = ORIENTED_EDGE ( 'NONE', *, *, #879, .F. ) ;
#887 = ORIENTED_EDGE ( 'NONE', *, *, #867, .F. ) ;
#888 = VERTEX_POINT ( 'NONE', #1633 ) ;
#889 = ORIENTED_EDGE ( 'NONE', *, *, #880, .T. ) ;
#890 = VERTEX_POINT ( 'NONE', #1640 ) ;
#891 = ORIENTED_EDGE ( 'NONE', *, *, #869, .T. ) ;
#892 = VERTEX_POINT ( 'NONE', #1634 ) ;
#893 = ORIENTED_EDGE ( 'NONE', *, *, #881, .T. ) ;
#894 = EDGE_CURVE ( 'NONE', #844, #864, #1635, .T. ) ;
#895 = ORIENTED_EDGE ( 'NONE', *, *, #894, .F. ) ;
#896 = ORIENTED_EDGE ( 'NONE', *, *, #897, .T. ) ;
#897 = EDGE_CURVE ( 'NONE', #866, #898, #1631, .T. ) ;
#898 = VERTEX_POINT ( 'NONE', #1636 ) ;
#899 = EDGE_CURVE ( 'NONE', #1077, #906, #1647, .T. ) ;
#900 = ADVANCED_FACE ( 'NONE', ( #1659 ), #1655, .T. ) ;
#901 = EDGE_LOOP ( 'NONE', ( #904, #914, #959, #958 ) ) ;
#902 = VERTEX_POINT ( 'NONE', #1656 ) ;
#903 = EDGE_CURVE ( 'NONE', #1178, #906, #1653, .T. ) ;
#904 = ORIENTED_EDGE ( 'NONE', *, *, #905, .F. ) ;
#905 = EDGE_CURVE ( 'NONE', #912, #913, #1671, .T. ) ;
#906 = VERTEX_POINT ( 'NONE', #1668 ) ;
#907 = ORIENTED_EDGE ( 'NONE', *, *, #899, .F. ) ;
#908 = ADVANCED_FACE ( 'NONE', ( #1667 ), #1339, .T. ) ;
#909 = EDGE_LOOP ( 'NONE', ( #910, #919, #883, #831 ) ) ;
#910 = ORIENTED_EDGE ( 'NONE', *, *, #939, .T. ) ;
#911 = EDGE_CURVE ( 'NONE', #912, #854, #1688, .T. ) ;
#912 = VERTEX_POINT ( 'NONE', #1685 ) ;
#913 = VERTEX_POINT ( 'NONE', #1695 ) ;
#914 = ORIENTED_EDGE ( 'NONE', *, *, #911, .T. ) ;
#915 = ADVANCED_FACE ( 'NONE', ( #1696 ), #1678, .T. ) ;
#916 = EDGE_LOOP ( 'NONE', ( #954, #955, #1023, #917 ) ) ;
#917 = ORIENTED_EDGE ( 'NONE', *, *, #918, .F. ) ;
#918 = EDGE_CURVE ( 'NONE', #1025, #1194, #1675, .T. ) ;
#919 = ORIENTED_EDGE ( 'NONE', *, *, #993, .T. ) ;
#920 = VERTEX_POINT ( 'NONE', #1684 ) ;
#921 = EDGE_LOOP ( 'NONE', ( #1034, #1035, #1038, #937 ) ) ;
#922 = VERTEX_POINT ( 'NONE', #1680 ) ;
#923 = VERTEX_POINT ( 'NONE', #1679 ) ;
#924 = EDGE_CURVE ( 'NONE', #1052, #1037, #1692, .T. ) ;
#925 = ORIENTED_EDGE ( 'NONE', *, *, #1036, .F. ) ;
#926 = ORIENTED_EDGE ( 'NONE', *, *, #1115, .F. ) ;
#927 = ORIENTED_EDGE ( 'NONE', *, *, #928, .F. ) ;
#928 = EDGE_CURVE ( 'NONE', #929, #1116, #1333, .T. ) ;
#929 = VERTEX_POINT ( 'NONE', #1718 ) ;
#930 = ORIENTED_EDGE ( 'NONE', *, *, #931, .T. ) ;
#931 = EDGE_CURVE ( 'NONE', #929, #932, #1704, .T. ) ;
#932 = VERTEX_POINT ( 'NONE', #1720 ) ;
#933 = ORIENTED_EDGE ( 'NONE', *, *, #934, .F. ) ;
#934 = EDGE_CURVE ( 'NONE', #1080, #932, #1705, .T. ) ;
#935 = EDGE_LOOP ( 'NONE', ( #1065, #1067 ) ) ;
#936 = ORIENTED_EDGE ( 'NONE', *, *, #1041, .T. ) ;
#937 = ORIENTED_EDGE ( 'NONE', *, *, #1071, .F. ) ;
#938 = ADVANCED_FACE ( 'NONE', ( #1703, #1699 ), #1698, .T. ) ;
#939 = EDGE_CURVE ( 'NONE', #940, #992, #1721, .T. ) ;
#940 = VERTEX_POINT ( 'NONE', #1711 ) ;
#941 = ADVANCED_FACE ( 'NONE', ( #1710 ), #1709, .F. ) ;
#942 = EDGE_LOOP ( 'NONE', ( #943, #1078, #1179, #907 ) ) ;
#943 = ORIENTED_EDGE ( 'NONE', *, *, #956, .F. ) ;
#944 = VERTEX_POINT ( 'NONE', #1724 ) ;
#945 = ORIENTED_EDGE ( 'NONE', *, *, #946, .F. ) ;
#946 = EDGE_CURVE ( 'NONE', #902, #944, #1728, .T. ) ;
#947 = ORIENTED_EDGE ( 'NONE', *, *, #989, .T. ) ;
#948 = EDGE_CURVE ( 'NONE', #1010, #949, #1587, .T. ) ;
#949 = VERTEX_POINT ( 'NONE', #1744 ) ;
#950 = EDGE_CURVE ( 'NONE', #1081, #1016, #1733, .T. ) ;
#951 = ADVANCED_FACE ( 'NONE', ( #1732 ), #1730, .T. ) ;
#952 = EDGE_CURVE ( 'NONE', #1193, #1196, #1741, .T. ) ;
#953 = ORIENTED_EDGE ( 'NONE', *, *, #1201, .F. ) ;
#954 = ORIENTED_EDGE ( 'NONE', *, *, #1201, .T. ) ;
#955 = ORIENTED_EDGE ( 'NONE', *, *, #1022, .T. ) ;
#956 = EDGE_CURVE ( 'NONE', #957, #1077, #1756, .T. ) ;
#957 = VERTEX_POINT ( 'NONE', #1745 ) ;
#958 = ORIENTED_EDGE ( 'NONE', *, *, #1026, .F. ) ;
#959 = ORIENTED_EDGE ( 'NONE', *, *, #1076, .T. ) ;
#960 = VERTEX_POINT ( 'NONE', #1748 ) ;
#961 = EDGE_LOOP ( 'NONE', ( #1057, #947, #1046, #1029, #984, #987, #991, #1040, #1027, #936, #1032 ) ) ;
#962 = ORIENTED_EDGE ( 'NONE', *, *, #880, .F. ) ;
#963 = EDGE_CURVE ( 'NONE', #888, #878, #1755, .T. ) ;
#964 = EDGE_CURVE ( 'NONE', #1110, #1003, #1758, .T. ) ;
#965 = EDGE_LOOP ( 'NONE', ( #971, #962 ) ) ;
#966 = ADVANCED_FACE ( 'NONE', ( #1770, #1763, #1762, #1761 ), #1765, .T. ) ;
#967 = VERTEX_POINT ( 'NONE', #1767 ) ;
#968 = EDGE_CURVE ( 'NONE', #1104, #967, #1617, .T. ) ;
#969 = ORIENTED_EDGE ( 'NONE', *, *, #970, .F. ) ;
#970 = EDGE_CURVE ( 'NONE', #1003, #967, #1775, .T. ) ;
#971 = ORIENTED_EDGE ( 'NONE', *, *, #963, .F. ) ;
#972 = ORIENTED_EDGE ( 'NONE', *, *, #964, .F. ) ;
#973 = ADVANCED_FACE ( 'NONE', ( #1773 ), #1654, .T. ) ;
#974 = ORIENTED_EDGE ( 'NONE', *, *, #1109, .T. ) ;
#975 = ORIENTED_EDGE ( 'NONE', *, *, #976, .F. ) ;
#976 = EDGE_CURVE ( 'NONE', #1116, #1110, #561, .T. ) ;
#977 = EDGE_LOOP ( 'NONE', ( #974, #1013, #969, #972 ) ) ;
#978 = EDGE_LOOP ( 'NONE', ( #979, #980 ) ) ;
#979 = ORIENTED_EDGE ( 'NONE', *, *, #999, .T. ) ;
#980 = ORIENTED_EDGE ( 'NONE', *, *, #981, .T. ) ;
#981 = EDGE_CURVE ( 'NONE', #1002, #1001, #558, .T. ) ;
#982 = EDGE_LOOP ( 'NONE', ( #1050, #1054, #925, #926, #927, #930, #933, #1063, #1060 ) ) ;
#983 = VERTEX_POINT ( 'NONE', #560 ) ;
#984 = ORIENTED_EDGE ( 'NONE', *, *, #988, .T. ) ;
#985 = VERTEX_POINT ( 'NONE', #559 ) ;
#986 = VERTEX_POINT ( 'NONE', #563 ) ;
#987 = ORIENTED_EDGE ( 'NONE', *, *, #1028, .T. ) ;
#988 = EDGE_CURVE ( 'NONE', #1045, #985, #575, .T. ) ;
#989 = EDGE_CURVE ( 'NONE', #967, #986, #564, .T. ) ;
#990 = EDGE_CURVE ( 'NONE', #1045, #922, #546, .T. ) ;
#991 = ORIENTED_EDGE ( 'NONE', *, *, #1030, .F. ) ;
#992 = VERTEX_POINT ( 'NONE', #550 ) ;
#993 = EDGE_CURVE ( 'NONE', #992, #920, #574, .T. ) ;
#994 = ADVANCED_FACE ( 'NONE', ( #570 ), #569, .F. ) ;
#995 = ORIENTED_EDGE ( 'NONE', *, *, #996, .F. ) ;
#996 = EDGE_CURVE ( 'NONE', #1010, #1001, #556, .T. ) ;
#997 = ADVANCED_FACE ( 'NONE', ( #552 ), #594, .F. ) ;
#998 = EDGE_LOOP ( 'NONE', ( #1015, #1182, #1186, #1180 ) ) ;
#999 = EDGE_CURVE ( 'NONE', #1001, #1002, #610, .T. ) ;
#1000 = ORIENTED_EDGE ( 'NONE', *, *, #999, .F. ) ;
#1001 = VERTEX_POINT ( 'NONE', #604 ) ;
#1002 = VERTEX_POINT ( 'NONE', #606 ) ;
#1003 = VERTEX_POINT ( 'NONE', #605 ) ;
#1004 = EDGE_CURVE ( 'NONE', #949, #1002, #600, .T. ) ;
#1005 = ORIENTED_EDGE ( 'NONE', *, *, #1260, .T. ) ;
#1006 = VERTEX_POINT ( 'NONE', #612 ) ;
#1007 = ORIENTED_EDGE ( 'NONE', *, *, #996, .T. ) ;
#1008 = ORIENTED_EDGE ( 'NONE', *, *, #1004, .T. ) ;
#1009 = ORIENTED_EDGE ( 'NONE', *, *, #948, .T. ) ;
#1010 = VERTEX_POINT ( 'NONE', #617 ) ;
#1011 = VERTEX_POINT ( 'NONE', #613 ) ;
#1012 = ORIENTED_EDGE ( 'NONE', *, *, #1126, .F. ) ;
#1013 = ORIENTED_EDGE ( 'NONE', *, *, #968, .T. ) ;
#1014 = EDGE_LOOP ( 'NONE', ( #1009, #1008, #1000, #995 ) ) ;
#1015 = ORIENTED_EDGE ( 'NONE', *, *, #1183, .F. ) ;
#1016 = VERTEX_POINT ( 'NONE', #614 ) ;
#1017 = EDGE_CURVE ( 'NONE', #1203, #1016, #598, .T. ) ;
#1018 = EDGE_CURVE ( 'NONE', #1174, #1203, #621, .T. ) ;
#1019 = ORIENTED_EDGE ( 'NONE', *, *, #1200, .T. ) ;
#1020 = EDGE_LOOP ( 'NONE', ( #1021, #1019, #953, #1197 ) ) ;
#1021 = ORIENTED_EDGE ( 'NONE', *, *, #952, .T. ) ;
#1022 = EDGE_CURVE ( 'NONE', #1191, #1192, #645, .T. ) ;
#1023 = ORIENTED_EDGE ( 'NONE', *, *, #1024, .F. ) ;
#1024 = EDGE_CURVE ( 'NONE', #1194, #1192, #634, .T. ) ;
#1025 = VERTEX_POINT ( 'NONE', #647 ) ;
#1026 = EDGE_CURVE ( 'NONE', #913, #960, #636, .T. ) ;
#1027 = ORIENTED_EDGE ( 'NONE', *, *, #1031, .T. ) ;
#1028 = EDGE_CURVE ( 'NONE', #985, #983, #632, .T. ) ;
#1029 = ORIENTED_EDGE ( 'NONE', *, *, #990, .F. ) ;
#1030 = EDGE_CURVE ( 'NONE', #1042, #983, #642, .T. ) ;
#1031 = EDGE_CURVE ( 'NONE', #1049, #1055, #629, .T. ) ;
#1032 = ORIENTED_EDGE ( 'NONE', *, *, #1033, .F. ) ;
#1033 = EDGE_CURVE ( 'NONE', #1003, #923, #653, .T. ) ;
#1034 = ORIENTED_EDGE ( 'NONE', *, *, #1103, .F. ) ;
#1035 = ORIENTED_EDGE ( 'NONE', *, *, #1036, .T. ) ;
#1036 = EDGE_CURVE ( 'NONE', #1101, #1037, #651, .T. ) ;
#1037 = VERTEX_POINT ( 'NONE', #656 ) ;
#1038 = ORIENTED_EDGE ( 'NONE', *, *, #1039, .T. ) ;
#1039 = EDGE_CURVE ( 'NONE', #1037, #1043, #478, .T. ) ;
#1040 = ORIENTED_EDGE ( 'NONE', *, *, #1048, .F. ) ;
#1041 = EDGE_CURVE ( 'NONE', #1055, #923, #483, .T. ) ;
#1042 = VERTEX_POINT ( 'NONE', #235 ) ;
#1043 = VERTEX_POINT ( 'NONE', #237 ) ;
#1044 = EDGE_CURVE ( 'NONE', #986, #922, #236, .T. ) ;
#1045 = VERTEX_POINT ( 'NONE', #301 ) ;
#1046 = ORIENTED_EDGE ( 'NONE', *, *, #1044, .T. ) ;
#1047 = EDGE_LOOP ( 'NONE', ( #1069, #1070, #1072, #1074 ) ) ;
#1048 = EDGE_CURVE ( 'NONE', #1049, #1042, #289, .T. ) ;
#1049 = VERTEX_POINT ( 'NONE', #298 ) ;
#1050 = ORIENTED_EDGE ( 'NONE', *, *, #1051, .F. ) ;
#1051 = EDGE_CURVE ( 'NONE', #1052, #1053, #297, .T. ) ;
#1052 = VERTEX_POINT ( 'NONE', #291 ) ;
#1053 = VERTEX_POINT ( 'NONE', #290 ) ;
#1054 = ORIENTED_EDGE ( 'NONE', *, *, #924, .T. ) ;
#1055 = VERTEX_POINT ( 'NONE', #234 ) ;
#1056 = ORIENTED_EDGE ( 'NONE', *, *, #903, .F. ) ;
#1057 = ORIENTED_EDGE ( 'NONE', *, *, #970, .T. ) ;
#1058 = EDGE_CURVE ( 'NONE', #906, #1178, #352, .T. ) ;
#1059 = ORIENTED_EDGE ( 'NONE', *, *, #1058, .F. ) ;
#1060 = ORIENTED_EDGE ( 'NONE', *, *, #1172, .F. ) ;
#1061 = VERTEX_POINT ( 'NONE', #341 ) ;
#1062 = EDGE_CURVE ( 'NONE', #1061, #1080, #339, .T. ) ;
#1063 = ORIENTED_EDGE ( 'NONE', *, *, #1062, .F. ) ;
#1064 = EDGE_LOOP ( 'NONE', ( #1167, #1168, #1225, #1234 ) ) ;
#1065 = ORIENTED_EDGE ( 'NONE', *, *, #1066, .F. ) ;
#1066 = EDGE_CURVE ( 'NONE', #960, #854, #357, .T. ) ;
#1067 = ORIENTED_EDGE ( 'NONE', *, *, #1076, .F. ) ;
#1068 = ADVANCED_FACE ( 'NONE', ( #351 ), #344, .T. ) ;
#1069 = ORIENTED_EDGE ( 'NONE', *, *, #968, .F. ) ;
#1070 = ORIENTED_EDGE ( 'NONE', *, *, #1071, .T. ) ;
#1071 = EDGE_CURVE ( 'NONE', #1104, #1043, #348, .T. ) ;
#1072 = ORIENTED_EDGE ( 'NONE', *, *, #1073, .T. ) ;
#1073 = EDGE_CURVE ( 'NONE', #1043, #986, #354, .T. ) ;
#1074 = ORIENTED_EDGE ( 'NONE', *, *, #989, .F. ) ;
#1075 = ADVANCED_FACE ( 'NONE', ( #345 ), #376, .T. ) ;
#1076 = EDGE_CURVE ( 'NONE', #854, #960, #388, .T. ) ;
#1077 = VERTEX_POINT ( 'NONE', #382 ) ;
#1078 = ORIENTED_EDGE ( 'NONE', *, *, #1177, .T. ) ;
#1079 = ORIENTED_EDGE ( 'NONE', *, *, #1018, .T. ) ;
#1080 = VERTEX_POINT ( 'NONE', #380 ) ;
#1081 = VERTEX_POINT ( 'NONE', #381 ) ;
#1082 = ORIENTED_EDGE ( 'NONE', *, *, #1083, .F. ) ;
#1083 = EDGE_CURVE ( 'NONE', #1174, #1081, #476, .T. ) ;
#1084 = EDGE_LOOP ( 'NONE', ( #1128, #1121, #1119, #1132 ) ) ;
#1085 = EDGE_CURVE ( 'NONE', #1095, #1087, #174, .T. ) ;
#1086 = ORIENTED_EDGE ( 'NONE', *, *, #1085, .T. ) ;
#1087 = VERTEX_POINT ( 'NONE', #171 ) ;
#1088 = ADVANCED_FACE ( 'NONE', ( #157 ), #169, .F. ) ;
#1089 = EDGE_CURVE ( 'NONE', #1095, #1090, #182, .T. ) ;
#1090 = VERTEX_POINT ( 'NONE', #175 ) ;
#1091 = ORIENTED_EDGE ( 'NONE', *, *, #1096, .T. ) ;
#1092 = EDGE_LOOP ( 'NONE', ( #1093, #1086, #1091, #1012 ) ) ;
#1093 = ORIENTED_EDGE ( 'NONE', *, *, #1089, .F. ) ;
#1094 = EDGE_CURVE ( 'NONE', #1187, #1011, #178, .T. ) ;
#1095 = VERTEX_POINT ( 'NONE', #156 ) ;
#1096 = EDGE_CURVE ( 'NONE', #1087, #1006, #151, .T. ) ;
#1097 = EDGE_LOOP ( 'NONE', ( #1114, #1102, #1108, #975 ) ) ;
#1098 = EDGE_CURVE ( 'NONE', #1125, #1113, #168, .T. ) ;
#1099 = VERTEX_POINT ( 'NONE', #164 ) ;
#1100 = EDGE_CURVE ( 'NONE', #1113, #1099, #163, .T. ) ;
#1101 = VERTEX_POINT ( 'NONE', #158 ) ;
#1102 = ORIENTED_EDGE ( 'NONE', *, *, #1103, .T. ) ;
#1103 = EDGE_CURVE ( 'NONE', #1101, #1104, #6, .T. ) ;
#1104 = VERTEX_POINT ( 'NONE', #21 ) ;
#1105 = ADVANCED_FACE ( 'NONE', ( #39 ), #26, .T. ) ;
#1106 = ORIENTED_EDGE ( 'NONE', *, *, #1107, .F. ) ;
#1107 = EDGE_CURVE ( 'NONE', #1122, #1099, #15, .T. ) ;
#1108 = ORIENTED_EDGE ( 'NONE', *, *, #1109, .F. ) ;
#1109 = EDGE_CURVE ( 'NONE', #1110, #1104, #10, .T. ) ;
#1110 = VERTEX_POINT ( 'NONE', #35 ) ;
#1111 = ORIENTED_EDGE ( 'NONE', *, *, #1024, .T. ) ;
#1112 = ORIENTED_EDGE ( 'NONE', *, *, #1100, .T. ) ;
#1113 = VERTEX_POINT ( 'NONE', #16 ) ;
#1114 = ORIENTED_EDGE ( 'NONE', *, *, #1115, .T. ) ;
#1115 = EDGE_CURVE ( 'NONE', #1116, #1101, #40, .T. ) ;
#1116 = VERTEX_POINT ( 'NONE', #30 ) ;
#1117 = ORIENTED_EDGE ( 'NONE', *, *, #1098, .T. ) ;
#1118 = EDGE_CURVE ( 'NONE', #1120, #1095, #34, .T. ) ;
#1119 = ORIENTED_EDGE ( 'NONE', *, *, #1089, .T. ) ;
#1120 = VERTEX_POINT ( 'NONE', #13 ) ;
#1121 = ORIENTED_EDGE ( 'NONE', *, *, #1118, .T. ) ;
#1122 = VERTEX_POINT ( 'NONE', #12 ) ;
#1123 = EDGE_LOOP ( 'NONE', ( #1124, #1117, #1112, #1106 ) ) ;
#1124 = ORIENTED_EDGE ( 'NONE', *, *, #1131, .F. ) ;
#1125 = VERTEX_POINT ( 'NONE', #11 ) ;
#1126 = EDGE_CURVE ( 'NONE', #1090, #1006, #51, .T. ) ;
#1127 = ADVANCED_FACE ( 'NONE', ( #46 ), #52, .F. ) ;
#1128 = ORIENTED_EDGE ( 'NONE', *, *, #1129, .F. ) ;
#1129 = EDGE_CURVE ( 'NONE', #1120, #1134, #71, .T. ) ;
#1130 = ADVANCED_FACE ( 'NONE', ( #73 ), #90, .F. ) ;
#1131 = EDGE_CURVE ( 'NONE', #1125, #1122, #107, .T. ) ;
#1132 = ORIENTED_EDGE ( 'NONE', *, *, #1133, .F. ) ;
#1133 = EDGE_CURVE ( 'NONE', #1134, #1090, #103, .T. ) ;
#1134 = VERTEX_POINT ( 'NONE', #105 ) ;
#1135 = ADVANCED_FACE ( 'NONE', ( #98 ), #97, .T. ) ;
#1136 = EDGE_LOOP ( 'NONE', ( #1137, #1263, #1228, #1229, #1207 ) ) ;
#1137 = ORIENTED_EDGE ( 'NONE', *, *, #1251, .F. ) ;
#1138 = ORIENTED_EDGE ( 'NONE', *, *, #1126, .T. ) ;
#1139 = ORIENTED_EDGE ( 'NONE', *, *, #1140, .T. ) ;
#1140 = EDGE_CURVE ( 'NONE', #1006, #1087, #108, .T. ) ;
#1141 = ADVANCED_FACE ( 'NONE', ( #109, #110 ), #86, .F. ) ;
#1142 = EDGE_LOOP ( 'NONE', ( #1143, #1144 ) ) ;
#1143 = ORIENTED_EDGE ( 'NONE', *, *, #1140, .F. ) ;
#1144 = ORIENTED_EDGE ( 'NONE', *, *, #1096, .F. ) ;
#1145 = EDGE_LOOP ( 'NONE', ( #1146, #1148 ) ) ;
#1146 = ORIENTED_EDGE ( 'NONE', *, *, #1147, .T. ) ;
#1147 = EDGE_CURVE ( 'NONE', #1187, #1184, #112, .T. ) ;
#1148 = ORIENTED_EDGE ( 'NONE', *, *, #1183, .T. ) ;
#1149 = ADVANCED_FACE ( 'NONE', ( #113 ), #77, .F. ) ;
#1150 = EDGE_LOOP ( 'NONE', ( #1151, #1157, #1158, #1159 ) ) ;
#1151 = ORIENTED_EDGE ( 'NONE', *, *, #1181, .F. ) ;
#1152 = ORIENTED_EDGE ( 'NONE', *, *, #1100, .F. ) ;
#1153 = EDGE_LOOP ( 'NONE', ( #1154, #1156 ) ) ;
#1154 = ORIENTED_EDGE ( 'NONE', *, *, #1155, .T. ) ;
#1155 = EDGE_CURVE ( 'NONE', #1134, #1120, #120, .T. ) ;
#1156 = ORIENTED_EDGE ( 'NONE', *, *, #1129, .T. ) ;
#1157 = ORIENTED_EDGE ( 'NONE', *, *, #1147, .F. ) ;
#1158 = ORIENTED_EDGE ( 'NONE', *, *, #1094, .T. ) ;
#1159 = ORIENTED_EDGE ( 'NONE', *, *, #1160, .T. ) ;
#1160 = EDGE_CURVE ( 'NONE', #1011, #1188, #118, .T. ) ;
#1161 = ADVANCED_FACE ( 'NONE', ( #123 ), #83, .T. ) ;
#1162 = EDGE_LOOP ( 'NONE', ( #1163, #1223, #1239, #1209 ) ) ;
#1163 = ORIENTED_EDGE ( 'NONE', *, *, #1238, .F. ) ;
#1164 = VERTEX_POINT ( 'NONE', #130 ) ;
#1165 = VERTEX_POINT ( 'NONE', #126 ) ;
#1166 = EDGE_CURVE ( 'NONE', #1165, #1045, #129, .T. ) ;
#1167 = ORIENTED_EDGE ( 'NONE', *, *, #1166, .F. ) ;
#1168 = ORIENTED_EDGE ( 'NONE', *, *, #1169, .T. ) ;
#1169 = EDGE_CURVE ( 'NONE', #1165, #1170, #125, .T. ) ;
#1170 = VERTEX_POINT ( 'NONE', #131 ) ;
#1171 = ADVANCED_FACE ( 'NONE', ( #132 ), #64, .T. ) ;
#1172 = EDGE_CURVE ( 'NONE', #1053, #1061, #135, .T. ) ;
#1173 = EDGE_LOOP ( 'NONE', ( #1059, #1056 ) ) ;
#1174 = VERTEX_POINT ( 'NONE', #137 ) ;
#1175 = ORIENTED_EDGE ( 'NONE', *, *, #1176, .T. ) ;
#1176 = EDGE_CURVE ( 'NONE', #898, #944, #136, .T. ) ;
#1177 = EDGE_CURVE ( 'NONE', #957, #1178, #209, .T. ) ;
#1178 = VERTEX_POINT ( 'NONE', #185 ) ;
#1179 = ORIENTED_EDGE ( 'NONE', *, *, #903, .T. ) ;
#1180 = ORIENTED_EDGE ( 'NONE', *, *, #1094, .F. ) ;
#1181 = EDGE_CURVE ( 'NONE', #1184, #1188, #219, .T. ) ;
#1182 = ORIENTED_EDGE ( 'NONE', *, *, #1181, .T. ) ;
#1183 = EDGE_CURVE ( 'NONE', #1184, #1187, #217, .T. ) ;
#1184 = VERTEX_POINT ( 'NONE', #218 ) ;
#1185 = EDGE_CURVE ( 'NONE', #1188, #1011, #204, .T. ) ;
#1186 = ORIENTED_EDGE ( 'NONE', *, *, #1185, .T. ) ;
#1187 = VERTEX_POINT ( 'NONE', #195 ) ;
#1188 = VERTEX_POINT ( 'NONE', #194 ) ;
#1189 = EDGE_CURVE ( 'NONE', #940, #885, #208, .T. ) ;
#1190 = EDGE_LOOP ( 'NONE', ( #1082, #1079, #1202, #1195 ) ) ;
#1191 = VERTEX_POINT ( 'NONE', #200 ) ;
#1192 = VERTEX_POINT ( 'NONE', #199 ) ;
#1193 = VERTEX_POINT ( 'NONE', #198 ) ;
#1194 = VERTEX_POINT ( 'NONE', #197 ) ;
#1195 = ORIENTED_EDGE ( 'NONE', *, *, #950, .F. ) ;
#1196 = VERTEX_POINT ( 'NONE', #191 ) ;
#1197 = ORIENTED_EDGE ( 'NONE', *, *, #1198, .F. ) ;
#1198 = EDGE_CURVE ( 'NONE', #1193, #1025, #190, .T. ) ;
#1199 = ADVANCED_FACE ( 'NONE', ( #267 ), #270, .T. ) ;
#1200 = EDGE_CURVE ( 'NONE', #1196, #1191, #239, .T. ) ;
#1201 = EDGE_CURVE ( 'NONE', #1025, #1191, #231, .T. ) ;
#1202 = ORIENTED_EDGE ( 'NONE', *, *, #1017, .T. ) ;
#1203 = VERTEX_POINT ( 'NONE', #227 ) ;
#1204 = EDGE_LOOP ( 'NONE', ( #1236, #1005, #1007, #1259 ) ) ;
#1205 = EDGE_CURVE ( 'NONE', #1164, #1208, #246, .T. ) ;
#1206 = EDGE_CURVE ( 'NONE', #932, #1208, #260, .T. ) ;
#1207 = ORIENTED_EDGE ( 'NONE', *, *, #1205, .F. ) ;
#1208 = VERTEX_POINT ( 'NONE', #283 ) ;
#1209 = ORIENTED_EDGE ( 'NONE', *, *, #1031, .F. ) ;
#1210 = ORIENTED_EDGE ( 'NONE', *, *, #1242, .T. ) ;
#1211 = EDGE_LOOP ( 'NONE', ( #1266, #1253, #1250, #1210, #1226 ) ) ;
#1212 = ADVANCED_FACE ( 'NONE', ( #282, #280 ), #255, .F. ) ;
#1213 = EDGE_LOOP ( 'NONE', ( #1224, #1152 ) ) ;
#1214 = EDGE_CURVE ( 'NONE', #1208, #1055, #259, .T. ) ;
#1215 = ORIENTED_EDGE ( 'NONE', *, *, #1098, .F. ) ;
#1216 = ORIENTED_EDGE ( 'NONE', *, *, #1221, .F. ) ;
#1217 = ORIENTED_EDGE ( 'NONE', *, *, #1107, .T. ) ;
#1218 = ORIENTED_EDGE ( 'NONE', *, *, #1219, .T. ) ;
#1219 = EDGE_CURVE ( 'NONE', #1099, #1113, #308, .T. ) ;
#1220 = ORIENTED_EDGE ( 'NONE', *, *, #952, .F. ) ;
#1221 = EDGE_CURVE ( 'NONE', #1122, #1125, #303, .T. ) ;
#1222 = ADVANCED_FACE ( 'NONE', ( #318 ), #315, .T. ) ;
#1223 = ORIENTED_EDGE ( 'NONE', *, *, #1205, .T. ) ;
#1224 = ORIENTED_EDGE ( 'NONE', *, *, #1219, .F. ) ;
#1225 = ORIENTED_EDGE ( 'NONE', *, *, #1237, .T. ) ;
#1226 = ORIENTED_EDGE ( 'NONE', *, *, #1169, .F. ) ;
#1227 = ADVANCED_FACE ( 'NONE', ( #321, #326 ), #330, .T. ) ;
#1228 = ORIENTED_EDGE ( 'NONE', *, *, #934, .T. ) ;
#1229 = ORIENTED_EDGE ( 'NONE', *, *, #1206, .T. ) ;
#1230 = EDGE_LOOP ( 'NONE', ( #1220, #1267 ) ) ;
#1231 = VERTEX_POINT ( 'NONE', #328 ) ;
#1232 = ORIENTED_EDGE ( 'NONE', *, *, #1131, .T. ) ;
#1233 = ADVANCED_FACE ( 'NONE', ( #324 ), #249, .T. ) ;
#1234 = ORIENTED_EDGE ( 'NONE', *, *, #988, .F. ) ;
#1235 = ORIENTED_EDGE ( 'NONE', *, *, #1221, .T. ) ;
#1236 = ORIENTED_EDGE ( 'NONE', *, *, #1004, .F. ) ;
#1237 = EDGE_CURVE ( 'NONE', #1170, #985, #366, .T. ) ;
#1238 = EDGE_CURVE ( 'NONE', #1164, #1049, #372, .T. ) ;
#1239 = ORIENTED_EDGE ( 'NONE', *, *, #1214, .T. ) ;
#1240 = EDGE_LOOP ( 'NONE', ( #1235, #1232 ) ) ;
#1241 = EDGE_CURVE ( 'NONE', #1231, #1061, #394, .T. ) ;
#1242 = EDGE_CURVE ( 'NONE', #1231, #1170, #415, .T. ) ;
#1243 = ADVANCED_FACE ( 'NONE', ( #400 ), #411, .F. ) ;
#1244 = ORIENTED_EDGE ( 'NONE', *, *, #1085, .F. ) ;
#1245 = EDGE_CURVE ( 'NONE', #1090, #1095, #403, .T. ) ;
#1246 = ORIENTED_EDGE ( 'NONE', *, *, #1245, .F. ) ;
#1247 = EDGE_LOOP ( 'NONE', ( #1244, #1246, #1138, #1139 ) ) ;
#1248 = ORIENTED_EDGE ( 'NONE', *, *, #1133, .T. ) ;
#1249 = ORIENTED_EDGE ( 'NONE', *, *, #1245, .T. ) ;
#1250 = ORIENTED_EDGE ( 'NONE', *, *, #1241, .F. ) ;
#1251 = EDGE_CURVE ( 'NONE', #1265, #1164, #416, .T. ) ;
#1252 = EDGE_LOOP ( 'NONE', ( #1215, #1216, #1217, #1218 ) ) ;
#1253 = ORIENTED_EDGE ( 'NONE', *, *, #1172, .T. ) ;
#1254 = ADVANCED_FACE ( 'NONE', ( #430 ), #428, .F. ) ;
#1255 = EDGE_LOOP ( 'NONE', ( #1111, #855 ) ) ;
#1256 = EDGE_LOOP ( 'NONE', ( #1261, #1269, #1248, #1249 ) ) ;
#1257 = EDGE_CURVE ( 'NONE', #1080, #1265, #251, .T. ) ;
#1258 = ADVANCED_FACE ( 'NONE', ( #424, #423 ), #274, .T. ) ;
#1259 = ORIENTED_EDGE ( 'NONE', *, *, #981, .F. ) ;
#1260 = EDGE_CURVE ( 'NONE', #949, #1010, #452, .T. ) ;
#1261 = ORIENTED_EDGE ( 'NONE', *, *, #1118, .F. ) ;
#1262 = ADVANCED_FACE ( 'NONE', ( #460 ), #438, .F. ) ;
#1263 = ORIENTED_EDGE ( 'NONE', *, *, #1257, .F. ) ;
#1264 = EDGE_CURVE ( 'NONE', #1053, #1165, #467, .T. ) ;
#1265 = VERTEX_POINT ( 'NONE', #466 ) ;
#1266 = ORIENTED_EDGE ( 'NONE', *, *, #1264, .F. ) ;
#1267 = ORIENTED_EDGE ( 'NONE', *, *, #1268, .F. ) ;
#1268 = EDGE_CURVE ( 'NONE', #1196, #1193, #454, .T. ) ;
#1269 = ORIENTED_EDGE ( 'NONE', *, *, #1155, .F. ) ;
#1270 = VECTOR ( 'NONE', #1273, 1000.000000000000000 ) ;
#1271 = FACE_OUTER_BOUND ( 'NONE', #658, .T. ) ;
#1272 = CARTESIAN_POINT ( 'NONE',  ( -0.4999999999999995600, 3.599999999999999600, 2.354995462791182000 ) ) ;
#1273 = DIRECTION ( 'NONE',  ( 0.0000000000000000000, -1.000000000000000000, 0.0000000000000000000 ) ) ;
#1274 = LINE ( 'NONE', #1272, #1270 ) ;
#1275 = CARTESIAN_POINT ( 'NONE',  ( -5.249145116600001200, 3.599999999999999600, 2.354995462791182000 ) ) ;
#1276 = AXIS2_PLACEMENT_3D ( 'NONE', #1288, #1287, #1286 ) ;
#1277 = CIRCLE ( 'NONE', #1276, 0.2249999999999998700 ) ;
#1278 = FACE_OUTER_BOUND ( 'NONE', #673, .T. ) ;
#1279 = DIRECTION ( 'NONE',  ( 0.0000000000000000000, -1.000000000000000000, 0.0000000000000000000 ) ) ;
#1280 = VECTOR ( 'NONE', #1279, 1000.000000000000000 ) ;
#1281 = DIRECTION ( 'NONE',  ( 0.0000000000000000000, 0.0000000000000000000, -1.000000000000000000 ) ) ;
#1282 = AXIS2_PLACEMENT_3D ( 'NONE', #1290, #1289, #1293 ) ;
#1283 = AXIS2_PLACEMENT_3D ( 'NONE', #1275, #1281, #1292 ) ;
#1284 = FACE_OUTER_BOUND ( 'NONE', #670, .T. ) ;
#1285 = PLANE ( 'NONE',  #1283 ) ;
#1286 = DIRECTION ( 'NONE',  ( 0.0000000000000000000, 0.0000000000000000000, -1.000000000000000000 ) ) ;
#1287 = DIRECTION ( 'NONE',  ( 0.0000000000000000000, -1.000000000000000000, 0.0000000000000000000 ) ) ;
#1288 = CARTESIAN_POINT ( 'NONE',  ( 1.000000000000000000, -6.500000000000000000, 0.0000000000000000000 ) ) ;
#1289 = DIRECTION ( 'NONE',  ( -0.0000000000000000000, 1.000000000000000000, -0.0000000000000000000 ) ) ;
#1290 = CARTESIAN_POINT ( 'NONE',  ( 1.000000000000000000, -6.500000000000000000, 0.0000000000000000000 ) ) ;
#1291 = CARTESIAN_POINT ( 'NONE',  ( 0.5000000000000004400, 3.599999999999999600, 2.354995462791182000 ) ) ;
#1292 = DIRECTION ( 'NONE',  ( -1.000000000000000000, 0.0000000000000000000, -0.0000000000000000000 ) ) ;
#1293 = DIRECTION ( 'NONE',  ( 0.0000000000000000000, 0.0000000000000000000, 1.000000000000000000 ) ) ;
#1294 = CYLINDRICAL_SURFACE ( 'NONE', #1282, 0.2249999999999998700 ) ;
#1295 = LINE ( 'NONE', #1291, #1280 ) ;
#1296 = AXIS2_PLACEMENT_3D ( 'NONE', #1304, #1302, #1305 ) ;
#1297 = PLANE ( 'NONE',  #1301 ) ;
#1298 = CARTESIAN_POINT ( 'NONE',  ( -3.737527576366020700, 3.599999999999999600, -1.366246284255797900 ) ) ;
#1299 = DIRECTION ( 'NONE',  ( -0.7071067811865519000, 0.0000000000000000000, -0.7071067811865431300 ) ) ;
#1300 = DIRECTION ( 'NONE',  ( 0.7071067811865431300, 0.0000000000000000000, -0.7071067811865519000 ) ) ;
#1301 = AXIS2_PLACEMENT_3D ( 'NONE', #1298, #1300, #1299 ) ;
#1302 = DIRECTION ( 'NONE',  ( 0.0000000000000000000, -1.000000000000000000, 0.0000000000000000000 ) ) ;
#1303 = FACE_OUTER_BOUND ( 'NONE', #681, .T. ) ;
#1304 = CARTESIAN_POINT ( 'NONE',  ( 1.000000000000000000, -6.500000000000000000, 0.0000000000000000000 ) ) ;
#1305 = DIRECTION ( 'NONE',  ( 0.0000000000000000000, -0.0000000000000000000, -1.000000000000000000 ) ) ;
#1306 = PLANE ( 'NONE',  #1296 ) ;
#1307 = AXIS2_PLACEMENT_3D ( 'NONE', #1309, #1312, #1311 ) ;
#1308 = CIRCLE ( 'NONE', #1307, 0.004999999999999904700 ) ;
#1309 = CARTESIAN_POINT ( 'NONE',  ( 0.0000000000000000000, 1.199999999999999700, 0.0000000000000000000 ) ) ;
#1310 = DIRECTION ( 'NONE',  ( 0.0000000000000000000, -0.0000000000000000000, 1.000000000000000000 ) ) ;
#1311 = DIRECTION ( 'NONE',  ( 0.0000000000000000000, 0.0000000000000000000, 1.000000000000000000 ) ) ;
#1312 = DIRECTION ( 'NONE',  ( -0.0000000000000000000, -1.000000000000000000, -0.0000000000000000000 ) ) ;
#1313 = FACE_BOUND ( 'NONE', #693, .T. ) ;
#1314 = FACE_OUTER_BOUND ( 'NONE', #694, .T. ) ;
#1315 = DIRECTION ( 'NONE',  ( 0.0000000000000000000, 0.0000000000000000000, -1.000000000000000000 ) ) ;
#1316 = DIRECTION ( 'NONE',  ( 0.0000000000000000000, 0.0000000000000000000, -1.000000000000000000 ) ) ;
#1317 = CARTESIAN_POINT ( 'NONE',  ( -1.000000000000000000, 0.01000000000000000000, 0.0000000000000000000 ) ) ;
#1318 = DIRECTION ( 'NONE',  ( -0.0000000000000000000, -1.000000000000000000, -0.0000000000000000000 ) ) ;
#1319 = AXIS2_PLACEMENT_3D ( 'NONE', #1317, #1318, #1315 ) ;
#1320 = CYLINDRICAL_SURFACE ( 'NONE', #1319, 0.4000000000000000200 ) ;
#1321 = AXIS2_PLACEMENT_3D ( 'NONE', #1324, #1323, #1310 ) ;
#1322 = PLANE ( 'NONE',  #1321 ) ;
#1323 = DIRECTION ( 'NONE',  ( 0.0000000000000000000, 1.000000000000000000, 0.0000000000000000000 ) ) ;
#1324 = CARTESIAN_POINT ( 'NONE',  ( 0.005000000000000013100, 2.469999999999999800, 0.0000000000000000000 ) ) ;
#1325 = DIRECTION ( 'NONE',  ( 0.0000000000000000000, 0.0000000000000000000, 1.000000000000000000 ) ) ;
#1326 = AXIS2_PLACEMENT_3D ( 'NONE', #1329, #1330, #1328 ) ;
#1327 = CARTESIAN_POINT ( 'NONE',  ( 0.0000000000000000000, 1.199999999999999700, 0.0000000000000000000 ) ) ;
#1328 = DIRECTION ( 'NONE',  ( 0.7071067811865531200, 0.0000000000000000000, 0.7071067811865419100 ) ) ;
#1329 = CARTESIAN_POINT ( 'NONE',  ( -1.366246284255856500, 3.599999999999999600, -3.737527576366003900 ) ) ;
#1330 = DIRECTION ( 'NONE',  ( -0.7071067811865419100, 0.0000000000000000000, 0.7071067811865531200 ) ) ;
#1331 = PLANE ( 'NONE',  #1326 ) ;
#1332 = DIRECTION ( 'NONE',  ( 0.0000000000000000000, 1.000000000000000000, 0.0000000000000000000 ) ) ;
#1333 = LINE ( 'NONE', #1335, #1439 ) ;
#1334 = FACE_OUTER_BOUND ( 'NONE', #755, .T. ) ;
#1335 = CARTESIAN_POINT ( 'NONE',  ( 0.01435935394492483100, 1.199999999999999700, 2.385640646055101800 ) ) ;
#1336 = DIRECTION ( 'NONE',  ( 0.0000000000000000000, 0.0000000000000000000, -1.000000000000000000 ) ) ;
#1337 = DIRECTION ( 'NONE',  ( -0.0000000000000000000, -1.000000000000000000, -0.0000000000000000000 ) ) ;
#1338 = AXIS2_PLACEMENT_3D ( 'NONE', #1340, #1337, #1336 ) ;
#1339 = CYLINDRICAL_SURFACE ( 'NONE', #1338, 0.05499999999999979900 ) ;
#1340 = CARTESIAN_POINT ( 'NONE',  ( 0.0000000000000000000, 0.0000000000000000000, 0.0000000000000000000 ) ) ;
#1341 = FACE_OUTER_BOUND ( 'NONE', #705, .T. ) ;
#1342 = DIRECTION ( 'NONE',  ( 0.0000000000000000000, -1.000000000000000000, 0.0000000000000000000 ) ) ;
#1343 = VECTOR ( 'NONE', #1342, 1000.000000000000000 ) ;
#1344 = CARTESIAN_POINT ( 'NONE',  ( 2.371281292110206400, 3.599999999999999600, 0.0000000000000000000 ) ) ;
#1345 = DIRECTION ( 'NONE',  ( 0.7071067811865519000, 0.0000000000000000000, -0.7071067811865431300 ) ) ;
#1346 = DIRECTION ( 'NONE',  ( 0.7071067811865431300, 0.0000000000000000000, 0.7071067811865519000 ) ) ;
#1347 = LINE ( 'NONE', #1344, #1343 ) ;
#1348 = CARTESIAN_POINT ( 'NONE',  ( -1.511617540234047500, 3.599999999999999600, 3.882898832344203300 ) ) ;
#1349 = AXIS2_PLACEMENT_3D ( 'NONE', #1348, #1346, #1345 ) ;
#1350 = FACE_OUTER_BOUND ( 'NONE', #749, .T. ) ;
#1351 = DIRECTION ( 'NONE',  ( -0.0000000000000000000, 0.0000000000000000000, 1.000000000000000000 ) ) ;
#1352 = DIRECTION ( 'NONE',  ( -1.000000000000000000, 0.0000000000000000000, -0.0000000000000000000 ) ) ;
#1353 = CARTESIAN_POINT ( 'NONE',  ( 0.4999999999999995600, 3.599999999999999600, 0.1453712559782021100 ) ) ;
#1354 = PLANE ( 'NONE',  #1349 ) ;
#1355 = AXIS2_PLACEMENT_3D ( 'NONE', #1353, #1352, #1351 ) ;
#1356 = PLANE ( 'NONE',  #1355 ) ;
#1357 = FACE_OUTER_BOUND ( 'NONE', #743, .T. ) ;
#1358 = DIRECTION ( 'NONE',  ( 0.0000000000000000000, 0.0000000000000000000, -1.000000000000000000 ) ) ;
#1359 = DIRECTION ( 'NONE',  ( -0.0000000000000000000, -1.000000000000000000, -0.0000000000000000000 ) ) ;
#1360 = CARTESIAN_POINT ( 'NONE',  ( 0.0000000000000000000, 3.199999999999999300, 0.0000000000000000000 ) ) ;
#1361 = AXIS2_PLACEMENT_3D ( 'NONE', #1360, #1359, #1358 ) ;
#1362 = DIRECTION ( 'NONE',  ( 0.0000000000000000000, 0.0000000000000000000, -1.000000000000000000 ) ) ;
#1363 = CIRCLE ( 'NONE', #1361, 1.850000000000000100 ) ;
#1364 = CARTESIAN_POINT ( 'NONE',  ( 0.0000000000000000000, 0.0000000000000000000, 0.0000000000000000000 ) ) ;
#1365 = CYLINDRICAL_SURFACE ( 'NONE', #1437, 0.004999999999999904700 ) ;
#1366 = DIRECTION ( 'NONE',  ( 0.0000000000000000000, -0.0000000000000000000, 1.000000000000000000 ) ) ;
#1367 = DIRECTION ( 'NONE',  ( 0.0000000000000000000, 1.000000000000000000, 0.0000000000000000000 ) ) ;
#1368 = CARTESIAN_POINT ( 'NONE',  ( 0.0000000000000000000, 1.199999999999999700, 0.0000000000000000000 ) ) ;
#1369 = FACE_OUTER_BOUND ( 'NONE', #727, .T. ) ;
#1370 = DIRECTION ( 'NONE',  ( -0.0000000000000000000, 0.0000000000000000000, 1.000000000000000000 ) ) ;
#1371 = DIRECTION ( 'NONE',  ( -1.000000000000000000, 0.0000000000000000000, -0.0000000000000000000 ) ) ;
#1372 = CARTESIAN_POINT ( 'NONE',  ( -1.000000000000000000, 0.01000000000000000000, 0.0000000000000000000 ) ) ;
#1373 = FACE_OUTER_BOUND ( 'NONE', #807, .T. ) ;
#1374 = DIRECTION ( 'NONE',  ( 0.0000000000000000000, 0.0000000000000000000, -1.000000000000000000 ) ) ;
#1375 = DIRECTION ( 'NONE',  ( 0.0000000000000000000, -1.000000000000000000, 0.0000000000000000000 ) ) ;
#1376 = CARTESIAN_POINT ( 'NONE',  ( -1.000000000000000000, -6.500000000000000000, 0.0000000000000000000 ) ) ;
#1377 = AXIS2_PLACEMENT_3D ( 'NONE', #1376, #1375, #1374 ) ;
#1378 = CIRCLE ( 'NONE', #1377, 0.2249999999999999800 ) ;
#1379 = DIRECTION ( 'NONE',  ( 0.0000000000000000000, 0.0000000000000000000, 1.000000000000000000 ) ) ;
#1380 = DIRECTION ( 'NONE',  ( -0.0000000000000000000, 1.000000000000000000, -0.0000000000000000000 ) ) ;
#1381 = AXIS2_PLACEMENT_3D ( 'NONE', #1382, #1380, #1379 ) ;
#1382 = CARTESIAN_POINT ( 'NONE',  ( -1.000000000000000000, -6.500000000000000000, 0.0000000000000000000 ) ) ;
#1383 = CYLINDRICAL_SURFACE ( 'NONE', #1381, 0.2249999999999999800 ) ;
#1384 = DIRECTION ( 'NONE',  ( 0.0000000000000000000, 0.0000000000000000000, -1.000000000000000000 ) ) ;
#1385 = DIRECTION ( 'NONE',  ( -0.0000000000000000000, -1.000000000000000000, -0.0000000000000000000 ) ) ;
#1386 = AXIS2_PLACEMENT_3D ( 'NONE', #1388, #1385, #1384 ) ;
#1387 = FACE_OUTER_BOUND ( 'NONE', #771, .T. ) ;
#1388 = CARTESIAN_POINT ( 'NONE',  ( 1.000000000000000000, 0.01000000000000000000, 0.0000000000000000000 ) ) ;
#1389 = CYLINDRICAL_SURFACE ( 'NONE', #1386, 0.4000000000000000200 ) ;
#1390 = FACE_OUTER_BOUND ( 'NONE', #769, .T. ) ;
#1391 = DIRECTION ( 'NONE',  ( 0.0000000000000000000, 0.0000000000000000000, -1.000000000000000000 ) ) ;
#1392 = AXIS2_PLACEMENT_3D ( 'NONE', #1413, #1371, #1370 ) ;
#1393 = DIRECTION ( 'NONE',  ( 0.0000000000000000000, -1.000000000000000000, 0.0000000000000000000 ) ) ;
#1394 = AXIS2_PLACEMENT_3D ( 'NONE', #1399, #1393, #1391 ) ;
#1395 = CIRCLE ( 'NONE', #1394, 0.2249999999999998700 ) ;
#1396 = DIRECTION ( 'NONE',  ( 0.0000000000000000000, -0.0000000000000000000, 1.000000000000000000 ) ) ;
#1397 = DIRECTION ( 'NONE',  ( 0.0000000000000000000, 1.000000000000000000, 0.0000000000000000000 ) ) ;
#1398 = CARTESIAN_POINT ( 'NONE',  ( 0.0000000000000000000, 1.199999999999999700, 0.0000000000000000000 ) ) ;
#1399 = CARTESIAN_POINT ( 'NONE',  ( 1.000000000000000000, 0.01000000000000000000, 0.0000000000000000000 ) ) ;
#1400 = AXIS2_PLACEMENT_3D ( 'NONE', #1398, #1397, #1396 ) ;
#1401 = PLANE ( 'NONE',  #1400 ) ;
#1402 = FACE_OUTER_BOUND ( 'NONE', #762, .T. ) ;
#1403 = DIRECTION ( 'NONE',  ( 0.0000000000000000000, 0.0000000000000000000, -1.000000000000000000 ) ) ;
#1404 = DIRECTION ( 'NONE',  ( -0.0000000000000000000, -1.000000000000000000, -0.0000000000000000000 ) ) ;
#1405 = CARTESIAN_POINT ( 'NONE',  ( 0.0000000000000000000, 2.469999999999999800, 0.0000000000000000000 ) ) ;
#1406 = AXIS2_PLACEMENT_3D ( 'NONE', #1405, #1404, #1403 ) ;
#1407 = CIRCLE ( 'NONE', #1406, 0.005000000000000013100 ) ;
#1408 = CYLINDRICAL_SURFACE ( 'NONE', #1415, 0.05499999999999979900 ) ;
#1409 = DIRECTION ( 'NONE',  ( 0.0000000000000000000, 0.0000000000000000000, -1.000000000000000000 ) ) ;
#1410 = DIRECTION ( 'NONE',  ( -0.0000000000000000000, -1.000000000000000000, -0.0000000000000000000 ) ) ;
#1411 = CARTESIAN_POINT ( 'NONE',  ( 0.0000000000000000000, 2.469999999999999800, 0.0000000000000000000 ) ) ;
#1412 = AXIS2_PLACEMENT_3D ( 'NONE', #1411, #1410, #1409 ) ;
#1413 = CARTESIAN_POINT ( 'NONE',  ( -0.4999999999999995600, 3.599999999999999600, 0.1453712559782021100 ) ) ;
#1414 = CARTESIAN_POINT ( 'NONE',  ( 0.0000000000000000000, 0.0000000000000000000, 0.0000000000000000000 ) ) ;
#1415 = AXIS2_PLACEMENT_3D ( 'NONE', #1414, #1424, #1423 ) ;
#1416 = FACE_BOUND ( 'NONE', #720, .T. ) ;
#1417 = CIRCLE ( 'NONE', #1412, 0.05499999999999979900 ) ;
#1418 = FACE_OUTER_BOUND ( 'NONE', #717, .T. ) ;
#1419 = PLANE ( 'NONE',  #1392 ) ;
#1420 = AXIS2_PLACEMENT_3D ( 'NONE', #1368, #1367, #1366 ) ;
#1421 = PLANE ( 'NONE',  #1420 ) ;
#1422 = FACE_OUTER_BOUND ( 'NONE', #729, .T. ) ;
#1423 = DIRECTION ( 'NONE',  ( 0.0000000000000000000, 0.0000000000000000000, -1.000000000000000000 ) ) ;
#1424 = DIRECTION ( 'NONE',  ( -0.0000000000000000000, -1.000000000000000000, -0.0000000000000000000 ) ) ;
#1425 = DIRECTION ( 'NONE',  ( -0.0000000000000000000, -1.000000000000000000, -0.0000000000000000000 ) ) ;
#1426 = AXIS2_PLACEMENT_3D ( 'NONE', #1427, #1425, #1362 ) ;
#1427 = CARTESIAN_POINT ( 'NONE',  ( 0.0000000000000000000, 3.199999999999999300, 0.0000000000000000000 ) ) ;
#1428 = TOROIDAL_SURFACE ( 'NONE', #1426, 1.450000000000000200, 0.3999999999999998600 ) ;
#1429 = FACE_OUTER_BOUND ( 'NONE', #733, .T. ) ;
#1430 = DIRECTION ( 'NONE',  ( 0.0000000000000000000, 0.0000000000000000000, 1.000000000000000000 ) ) ;
#1431 = DIRECTION ( 'NONE',  ( 0.0000000000000000000, 1.000000000000000000, 0.0000000000000000000 ) ) ;
#1432 = CARTESIAN_POINT ( 'NONE',  ( 0.0000000000000000000, 1.199999999999999700, 0.0000000000000000000 ) ) ;
#1433 = AXIS2_PLACEMENT_3D ( 'NONE', #1432, #1431, #1430 ) ;
#1434 = CIRCLE ( 'NONE', #1433, 0.05499999999999979900 ) ;
#1435 = DIRECTION ( 'NONE',  ( 0.0000000000000000000, 0.0000000000000000000, -1.000000000000000000 ) ) ;
#1436 = DIRECTION ( 'NONE',  ( -0.0000000000000000000, -1.000000000000000000, -0.0000000000000000000 ) ) ;
#1437 = AXIS2_PLACEMENT_3D ( 'NONE', #1364, #1436, #1435 ) ;
#1438 = DIRECTION ( 'NONE',  ( -0.7071067811865519000, 0.0000000000000000000, -0.7071067811865431300 ) ) ;
#1439 = VECTOR ( 'NONE', #1438, 1000.000000000000000 ) ;
#1440 = CARTESIAN_POINT ( 'NONE',  ( -1.224646799147354500E-017, 3.099999999999999600, 0.0000000000000000000 ) ) ;
#1441 = CIRCLE ( 'NONE', #1528, 1.250000000000000000 ) ;
#1442 = FACE_OUTER_BOUND ( 'NONE', #822, .T. ) ;
#1443 = DIRECTION ( 'NONE',  ( 0.0000000000000000000, -0.0000000000000000000, -1.000000000000000000 ) ) ;
#1444 = DIRECTION ( 'NONE',  ( 0.0000000000000000000, -1.000000000000000000, 0.0000000000000000000 ) ) ;
#1445 = CARTESIAN_POINT ( 'NONE',  ( -1.000000000000000000, 0.01000000000000000000, 0.0000000000000000000 ) ) ;
#1446 = AXIS2_PLACEMENT_3D ( 'NONE', #1445, #1444, #1443 ) ;
#1447 = PLANE ( 'NONE',  #1446 ) ;
#1448 = FACE_OUTER_BOUND ( 'NONE', #817, .T. ) ;
#1449 = DIRECTION ( 'NONE',  ( 0.0000000000000000000, 0.0000000000000000000, -1.000000000000000000 ) ) ;
#1450 = DIRECTION ( 'NONE',  ( 0.0000000000000000000, -1.000000000000000000, 0.0000000000000000000 ) ) ;
#1451 = CARTESIAN_POINT ( 'NONE',  ( -1.000000000000000000, 0.01000000000000000000, 0.0000000000000000000 ) ) ;
#1452 = AXIS2_PLACEMENT_3D ( 'NONE', #1451, #1450, #1449 ) ;
#1453 = CIRCLE ( 'NONE', #1452, 0.2249999999999999800 ) ;
#1454 = FACE_BOUND ( 'NONE', #780, .T. ) ;
#1455 = DIRECTION ( 'NONE',  ( 0.0000000000000000000, 0.0000000000000000000, 1.000000000000000000 ) ) ;
#1456 = DIRECTION ( 'NONE',  ( -0.0000000000000000000, 1.000000000000000000, -0.0000000000000000000 ) ) ;
#1457 = CARTESIAN_POINT ( 'NONE',  ( 0.0000000000000000000, -6.500000000000000000, 1.000000000000000000 ) ) ;
#1458 = AXIS2_PLACEMENT_3D ( 'NONE', #1457, #1456, #1455 ) ;
#1459 = CYLINDRICAL_SURFACE ( 'NONE', #1458, 0.2249999999999999500 ) ;
#1460 = DIRECTION ( 'NONE',  ( 0.0000000000000000000, 0.0000000000000000000, -1.000000000000000000 ) ) ;
#1461 = DIRECTION ( 'NONE',  ( 0.0000000000000000000, -1.000000000000000000, 0.0000000000000000000 ) ) ;
#1462 = CARTESIAN_POINT ( 'NONE',  ( 1.000000000000000000, 0.01000000000000000000, 0.0000000000000000000 ) ) ;
#1463 = AXIS2_PLACEMENT_3D ( 'NONE', #1462, #1461, #1460 ) ;
#1464 = CIRCLE ( 'NONE', #1463, 0.4000000000000000200 ) ;
#1465 = FACE_OUTER_BOUND ( 'NONE', #795, .T. ) ;
#1466 = AXIS2_PLACEMENT_3D ( 'NONE', #1577, #1576, #1575 ) ;
#1467 = PLANE ( 'NONE',  #1466 ) ;
#1468 = PLANE ( 'NONE',  #1500 ) ;
#1469 = DIRECTION ( 'NONE',  ( 0.0000000000000000000, -0.0000000000000000000, -1.000000000000000000 ) ) ;
#1470 = CIRCLE ( 'NONE', #1579, 0.4000000000000000200 ) ;
#1471 = DIRECTION ( 'NONE',  ( 0.0000000000000000000, -1.000000000000000000, 0.0000000000000000000 ) ) ;
#1472 = CARTESIAN_POINT ( 'NONE',  ( -1.000000000000000000, -6.500000000000000000, 0.0000000000000000000 ) ) ;
#1473 = AXIS2_PLACEMENT_3D ( 'NONE', #1472, #1471, #1316 ) ;
#1474 = CIRCLE ( 'NONE', #1473, 0.2249999999999999800 ) ;
#1475 = DIRECTION ( 'NONE',  ( 0.0000000000000000000, 0.0000000000000000000, -1.000000000000000000 ) ) ;
#1476 = DIRECTION ( 'NONE',  ( -0.0000000000000000000, -1.000000000000000000, -0.0000000000000000000 ) ) ;
#1477 = DIRECTION ( 'NONE',  ( 0.0000000000000000000, 0.0000000000000000000, -1.000000000000000000 ) ) ;
#1478 = DIRECTION ( 'NONE',  ( -0.0000000000000000000, -1.000000000000000000, -0.0000000000000000000 ) ) ;
#1479 = CARTESIAN_POINT ( 'NONE',  ( 1.000000000000000000, 0.01000000000000000000, 0.0000000000000000000 ) ) ;
#1480 = AXIS2_PLACEMENT_3D ( 'NONE', #1479, #1478, #1477 ) ;
#1481 = CARTESIAN_POINT ( 'NONE',  ( -1.000000000000000000, -6.500000000000000000, -0.2249999999999999800 ) ) ;
#1482 = CYLINDRICAL_SURFACE ( 'NONE', #1480, 0.4000000000000000200 ) ;
#1483 = FACE_OUTER_BOUND ( 'NONE', #860, .T. ) ;
#1484 = CARTESIAN_POINT ( 'NONE',  ( 1.000000000000000000, 0.01000000000000000000, 0.2249999999999998700 ) ) ;
#1485 = CARTESIAN_POINT ( 'NONE',  ( 1.000000000000000000, 0.01000000000000000000, 0.4000000000000000200 ) ) ;
#1486 = DIRECTION ( 'NONE',  ( 0.0000000000000000000, 0.0000000000000000000, -1.000000000000000000 ) ) ;
#1487 = DIRECTION ( 'NONE',  ( 0.0000000000000000000, -1.000000000000000000, 0.0000000000000000000 ) ) ;
#1488 = CARTESIAN_POINT ( 'NONE',  ( 1.000000000000000000, 0.01000000000000000000, 0.0000000000000000000 ) ) ;
#1489 = AXIS2_PLACEMENT_3D ( 'NONE', #1488, #1487, #1486 ) ;
#1490 = CIRCLE ( 'NONE', #1489, 0.2249999999999998700 ) ;
#1491 = DIRECTION ( 'NONE',  ( 0.0000000000000000000, 0.0000000000000000000, -1.000000000000000000 ) ) ;
#1492 = DIRECTION ( 'NONE',  ( -0.0000000000000000000, -1.000000000000000000, -0.0000000000000000000 ) ) ;
#1493 = CARTESIAN_POINT ( 'NONE',  ( 0.0000000000000000000, 1.549999999999999800, 0.0000000000000000000 ) ) ;
#1494 = AXIS2_PLACEMENT_3D ( 'NONE', #1493, #1492, #1491 ) ;
#1495 = CIRCLE ( 'NONE', #1494, 1.850000000000000100 ) ;
#1496 = DIRECTION ( 'NONE',  ( -0.0000000000000000000, 1.000000000000000000, -0.0000000000000000000 ) ) ;
#1497 = VECTOR ( 'NONE', #1496, 1000.000000000000000 ) ;
#1498 = CARTESIAN_POINT ( 'NONE',  ( 1.000000000000000000, -6.500000000000000000, -0.2249999999999998700 ) ) ;
#1499 = LINE ( 'NONE', #1498, #1497 ) ;
#1500 = AXIS2_PLACEMENT_3D ( 'NONE', #1561, #1573, #1469 ) ;
#1501 = DIRECTION ( 'NONE',  ( 0.0000000000000000000, 0.0000000000000000000, -1.000000000000000000 ) ) ;
#1502 = DIRECTION ( 'NONE',  ( -0.0000000000000000000, -1.000000000000000000, -0.0000000000000000000 ) ) ;
#1503 = CARTESIAN_POINT ( 'NONE',  ( 0.0000000000000000000, 0.0000000000000000000, 0.0000000000000000000 ) ) ;
#1504 = AXIS2_PLACEMENT_3D ( 'NONE', #1503, #1502, #1501 ) ;
#1505 = CYLINDRICAL_SURFACE ( 'NONE', #1504, 1.850000000000000100 ) ;
#1506 = FACE_OUTER_BOUND ( 'NONE', #739, .T. ) ;
#1507 = CARTESIAN_POINT ( 'NONE',  ( 2.755364296100347800E-017, 0.0000000000000000000, 0.7750000000000001300 ) ) ;
#1508 = CARTESIAN_POINT ( 'NONE',  ( 1.000000000000000000, 0.01000000000000000000, -0.2249999999999998700 ) ) ;
#1509 = DIRECTION ( 'NONE',  ( 0.0000000000000000000, 0.0000000000000000000, -1.000000000000000000 ) ) ;
#1510 = DIRECTION ( 'NONE',  ( 0.0000000000000000000, -1.000000000000000000, 0.0000000000000000000 ) ) ;
#1511 = CARTESIAN_POINT ( 'NONE',  ( 1.000000000000000000, -6.500000000000000000, 0.0000000000000000000 ) ) ;
#1512 = AXIS2_PLACEMENT_3D ( 'NONE', #1511, #1510, #1509 ) ;
#1513 = CIRCLE ( 'NONE', #1512, 0.2249999999999998700 ) ;
#1514 = DIRECTION ( 'NONE',  ( 0.0000000000000000000, 0.0000000000000000000, 1.000000000000000000 ) ) ;
#1515 = DIRECTION ( 'NONE',  ( -0.0000000000000000000, 1.000000000000000000, -0.0000000000000000000 ) ) ;
#1516 = CARTESIAN_POINT ( 'NONE',  ( 1.000000000000000000, -6.500000000000000000, 0.0000000000000000000 ) ) ;
#1517 = AXIS2_PLACEMENT_3D ( 'NONE', #1516, #1515, #1514 ) ;
#1518 = CARTESIAN_POINT ( 'NONE',  ( 1.000000000000000000, -6.500000000000000000, -0.2249999999999998700 ) ) ;
#1519 = LINE ( 'NONE', #1555, #1554 ) ;
#1520 = DIRECTION ( 'NONE',  ( -1.000000000000000000, 0.0000000000000000000, 0.0000000000000000000 ) ) ;
#1521 = DIRECTION ( 'NONE',  ( -1.224646799147353200E-016, 1.000000000000000000, -0.0000000000000000000 ) ) ;
#1522 = CARTESIAN_POINT ( 'NONE',  ( -4.286263797015742100E-017, 3.349999999999999600, 0.0000000000000000000 ) ) ;
#1523 = AXIS2_PLACEMENT_3D ( 'NONE', #1522, #1521, #1520 ) ;
#1524 = CARTESIAN_POINT ( 'NONE',  ( -1.250000000000000000, 3.349999999999999600, 0.0000000000000000000 ) ) ;
#1525 = CYLINDRICAL_SURFACE ( 'NONE', #1523, 1.250000000000000000 ) ;
#1526 = DIRECTION ( 'NONE',  ( -1.000000000000000000, 0.0000000000000000000, 0.0000000000000000000 ) ) ;
#1527 = DIRECTION ( 'NONE',  ( -1.224646799147353200E-016, 1.000000000000000000, -0.0000000000000000000 ) ) ;
#1528 = AXIS2_PLACEMENT_3D ( 'NONE', #1440, #1527, #1526 ) ;
#1529 = FACE_BOUND ( 'NONE', #799, .T. ) ;
#1530 = FACE_OUTER_BOUND ( 'NONE', #798, .T. ) ;
#1531 = FACE_OUTER_BOUND ( 'NONE', #665, .T. ) ;
#1532 = DIRECTION ( 'NONE',  ( 0.0000000000000000000, -1.000000000000000000, 0.0000000000000000000 ) ) ;
#1533 = CYLINDRICAL_SURFACE ( 'NONE', #1517, 0.2249999999999998700 ) ;
#1534 = FACE_OUTER_BOUND ( 'NONE', #849, .T. ) ;
#1535 = CARTESIAN_POINT ( 'NONE',  ( 1.000000000000000000, -6.500000000000000000, 0.2249999999999998700 ) ) ;
#1536 = DIRECTION ( 'NONE',  ( -1.000000000000000000, 0.0000000000000000000, 0.0000000000000000000 ) ) ;
#1537 = DIRECTION ( 'NONE',  ( -1.224646799147353200E-016, 1.000000000000000000, -0.0000000000000000000 ) ) ;
#1538 = CARTESIAN_POINT ( 'NONE',  ( -4.286263797015740300E-017, 3.349999999999999600, 0.0000000000000000000 ) ) ;
#1539 = AXIS2_PLACEMENT_3D ( 'NONE', #1538, #1537, #1536 ) ;
#1540 = CIRCLE ( 'NONE', #1539, 1.250000000000000000 ) ;
#1541 = DIRECTION ( 'NONE',  ( 1.000000000000000000, 1.224646799147353200E-016, 0.0000000000000000000 ) ) ;
#1542 = DIRECTION ( 'NONE',  ( 1.224646799147353200E-016, -1.000000000000000000, 0.0000000000000000000 ) ) ;
#1543 = CARTESIAN_POINT ( 'NONE',  ( -4.286263797015740900E-017, 3.349999999999999600, 0.0000000000000000000 ) ) ;
#1544 = AXIS2_PLACEMENT_3D ( 'NONE', #1543, #1542, #1541 ) ;
#1545 = PLANE ( 'NONE',  #1544 ) ;
#1546 = DIRECTION ( 'NONE',  ( -1.000000000000000000, -1.224646799147353200E-016, 0.0000000000000000000 ) ) ;
#1547 = DIRECTION ( 'NONE',  ( -1.224646799147353200E-016, 1.000000000000000000, 0.0000000000000000000 ) ) ;
#1548 = CARTESIAN_POINT ( 'NONE',  ( -1.224646799147355400E-017, 3.099999999999999600, 0.0000000000000000000 ) ) ;
#1549 = FACE_OUTER_BOUND ( 'NONE', #834, .T. ) ;
#1550 = AXIS2_PLACEMENT_3D ( 'NONE', #1548, #1547, #1546 ) ;
#1551 = PLANE ( 'NONE',  #1550 ) ;
#1552 = FACE_OUTER_BOUND ( 'NONE', #827, .T. ) ;
#1553 = DIRECTION ( 'NONE',  ( -1.224646799147353200E-016, 1.000000000000000000, -0.0000000000000000000 ) ) ;
#1554 = VECTOR ( 'NONE', #1553, 1000.000000000000000 ) ;
#1555 = CARTESIAN_POINT ( 'NONE',  ( -1.250000000000000000, 3.349999999999999600, 0.0000000000000000000 ) ) ;
#1556 = DIRECTION ( 'NONE',  ( -1.000000000000000000, 0.0000000000000000000, 0.0000000000000000000 ) ) ;
#1557 = DIRECTION ( 'NONE',  ( -1.224646799147353200E-016, 1.000000000000000000, -0.0000000000000000000 ) ) ;
#1558 = CARTESIAN_POINT ( 'NONE',  ( -4.286263797015740300E-017, 3.349999999999999600, 0.0000000000000000000 ) ) ;
#1559 = AXIS2_PLACEMENT_3D ( 'NONE', #1558, #1557, #1556 ) ;
#1560 = CIRCLE ( 'NONE', #1559, 1.250000000000000000 ) ;
#1561 = CARTESIAN_POINT ( 'NONE',  ( 0.0000000000000000000, -6.500000000000000000, 1.000000000000000000 ) ) ;
#1562 = DIRECTION ( 'NONE',  ( 0.0000000000000000000, 0.0000000000000000000, -1.000000000000000000 ) ) ;
#1563 = DIRECTION ( 'NONE',  ( 0.0000000000000000000, -0.0000000000000000000, -1.000000000000000000 ) ) ;
#1564 = DIRECTION ( 'NONE',  ( 0.0000000000000000000, -1.000000000000000000, 0.0000000000000000000 ) ) ;
#1565 = CARTESIAN_POINT ( 'NONE',  ( -1.000000000000000000, -6.500000000000000000, 0.0000000000000000000 ) ) ;
#1566 = AXIS2_PLACEMENT_3D ( 'NONE', #1565, #1564, #1563 ) ;
#1567 = PLANE ( 'NONE',  #1566 ) ;
#1568 = DIRECTION ( 'NONE',  ( 0.0000000000000000000, 0.0000000000000000000, -1.000000000000000000 ) ) ;
#1569 = DIRECTION ( 'NONE',  ( 0.0000000000000000000, -1.000000000000000000, 0.0000000000000000000 ) ) ;
#1570 = CARTESIAN_POINT ( 'NONE',  ( 0.0000000000000000000, -6.500000000000000000, 1.000000000000000000 ) ) ;
#1571 = AXIS2_PLACEMENT_3D ( 'NONE', #1570, #1569, #1568 ) ;
#1572 = FACE_OUTER_BOUND ( 'NONE', #805, .T. ) ;
#1573 = DIRECTION ( 'NONE',  ( 0.0000000000000000000, -1.000000000000000000, 0.0000000000000000000 ) ) ;
#1574 = CIRCLE ( 'NONE', #1571, 0.2249999999999999500 ) ;
#1575 = DIRECTION ( 'NONE',  ( 0.0000000000000000000, -0.0000000000000000000, -1.000000000000000000 ) ) ;
#1576 = DIRECTION ( 'NONE',  ( 0.0000000000000000000, -1.000000000000000000, 0.0000000000000000000 ) ) ;
#1577 = CARTESIAN_POINT ( 'NONE',  ( 1.000000000000000000, 0.01000000000000000000, 0.0000000000000000000 ) ) ;
#1578 = CARTESIAN_POINT ( 'NONE',  ( -1.000000000000000000, 0.01000000000000000000, 0.0000000000000000000 ) ) ;
#1579 = AXIS2_PLACEMENT_3D ( 'NONE', #1578, #1532, #1562 ) ;
#1580 = CYLINDRICAL_SURFACE ( 'NONE', #1612, 1.250000000000000000 ) ;
#1581 = CARTESIAN_POINT ( 'NONE',  ( 1.000000000000000000, 0.0000000000000000000, 0.4000000000000000200 ) ) ;
#1582 = CARTESIAN_POINT ( 'NONE',  ( 1.250000000000000000, 3.099999999999999600, 1.530757942277971600E-016 ) ) ;
#1583 = CARTESIAN_POINT ( 'NONE',  ( -1.000000000000000000, -6.500000000000000000, 0.0000000000000000000 ) ) ;
#1584 = AXIS2_PLACEMENT_3D ( 'NONE', #1583, #1610, #1609 ) ;
#1585 = CARTESIAN_POINT ( 'NONE',  ( 0.0000000000000000000, 1.549999999999999800, 0.0000000000000000000 ) ) ;
#1586 = AXIS2_PLACEMENT_3D ( 'NONE', #1585, #1626, #1625 ) ;
#1587 = CIRCLE ( 'NONE', #1586, 2.200000000000000200 ) ;
#1588 = DIRECTION ( 'NONE',  ( 0.0000000000000000000, 0.0000000000000000000, -1.000000000000000000 ) ) ;
#1589 = DIRECTION ( 'NONE',  ( 0.0000000000000000000, -1.000000000000000000, 0.0000000000000000000 ) ) ;
#1590 = FACE_OUTER_BOUND ( 'NONE', #868, .T. ) ;
#1591 = CARTESIAN_POINT ( 'NONE',  ( -4.286263797015742100E-017, 3.349999999999999600, 0.0000000000000000000 ) ) ;
#1592 = DIRECTION ( 'NONE',  ( -1.224646799147353200E-016, 1.000000000000000000, -0.0000000000000000000 ) ) ;
#1593 = VECTOR ( 'NONE', #1607, 1000.000000000000000 ) ;
#1594 = CIRCLE ( 'NONE', #1597, 0.4000000000000000200 ) ;
#1595 = CARTESIAN_POINT ( 'NONE',  ( 1.000000000000000000, 0.0000000000000000000, 0.0000000000000000000 ) ) ;
#1596 = DIRECTION ( 'NONE',  ( 0.0000000000000000000, 0.0000000000000000000, -1.000000000000000000 ) ) ;
#1597 = AXIS2_PLACEMENT_3D ( 'NONE', #1602, #1603, #1596 ) ;
#1598 = DIRECTION ( 'NONE',  ( -1.000000000000000000, 0.0000000000000000000, 0.0000000000000000000 ) ) ;
#1599 = LINE ( 'NONE', #1604, #1614 ) ;
#1600 = AXIS2_PLACEMENT_3D ( 'NONE', #1605, #1592, #1598 ) ;
#1601 = AXIS2_PLACEMENT_3D ( 'NONE', #1595, #1589, #1588 ) ;
#1602 = CARTESIAN_POINT ( 'NONE',  ( 1.000000000000000000, 0.01000000000000000000, 0.0000000000000000000 ) ) ;
#1603 = DIRECTION ( 'NONE',  ( 0.0000000000000000000, -1.000000000000000000, 0.0000000000000000000 ) ) ;
#1604 = CARTESIAN_POINT ( 'NONE',  ( 1.000000000000000000, 0.01000000000000000000, -0.4000000000000000200 ) ) ;
#1605 = CARTESIAN_POINT ( 'NONE',  ( -1.224646799147354500E-017, 3.099999999999999600, 0.0000000000000000000 ) ) ;
#1606 = DIRECTION ( 'NONE',  ( -1.000000000000000000, 0.0000000000000000000, 0.0000000000000000000 ) ) ;
#1607 = DIRECTION ( 'NONE',  ( -1.224646799147353200E-016, 1.000000000000000000, -0.0000000000000000000 ) ) ;
#1608 = CARTESIAN_POINT ( 'NONE',  ( 1.250000000000000000, 3.349999999999999600, 1.530757942277971600E-016 ) ) ;
#1609 = DIRECTION ( 'NONE',  ( 0.0000000000000000000, 0.0000000000000000000, 1.000000000000000000 ) ) ;
#1610 = DIRECTION ( 'NONE',  ( -0.0000000000000000000, 1.000000000000000000, -0.0000000000000000000 ) ) ;
#1611 = CIRCLE ( 'NONE', #1600, 1.250000000000000000 ) ;
#1612 = AXIS2_PLACEMENT_3D ( 'NONE', #1591, #1620, #1606 ) ;
#1613 = DIRECTION ( 'NONE',  ( -0.0000000000000000000, -1.000000000000000000, -0.0000000000000000000 ) ) ;
#1614 = VECTOR ( 'NONE', #1613, 1000.000000000000000 ) ;
#1615 = CIRCLE ( 'NONE', #1601, 0.4000000000000000200 ) ;
#1616 = CARTESIAN_POINT ( 'NONE',  ( 0.0000000000000000000, 0.0000000000000000000, -2.799999999999999800 ) ) ;
#1617 = LINE ( 'NONE', #1616, #1648 ) ;
#1618 = CARTESIAN_POINT ( 'NONE',  ( 1.250000000000000000, 3.349999999999999600, 1.530757942277971600E-016 ) ) ;
#1619 = LINE ( 'NONE', #1608, #1593 ) ;
#1620 = DIRECTION ( 'NONE',  ( -1.224646799147353200E-016, 1.000000000000000000, -0.0000000000000000000 ) ) ;
#1621 = CYLINDRICAL_SURFACE ( 'NONE', #1584, 0.2249999999999999800 ) ;
#1622 = FACE_OUTER_BOUND ( 'NONE', #871, .T. ) ;
#1623 = CARTESIAN_POINT ( 'NONE',  ( 1.000000000000000000, 0.01000000000000000000, 0.4000000000000000200 ) ) ;
#1624 = CIRCLE ( 'NONE', #1629, 0.05499999999999979900 ) ;
#1625 = DIRECTION ( 'NONE',  ( 0.0000000000000000000, 0.0000000000000000000, -1.000000000000000000 ) ) ;
#1626 = DIRECTION ( 'NONE',  ( -0.0000000000000000000, -1.000000000000000000, -0.0000000000000000000 ) ) ;
#1627 = DIRECTION ( 'NONE',  ( -0.0000000000000000000, -1.000000000000000000, -0.0000000000000000000 ) ) ;
#1628 = LINE ( 'NONE', #1623, #1630 ) ;
#1629 = AXIS2_PLACEMENT_3D ( 'NONE', #1327, #1332, #1325 ) ;
#1630 = VECTOR ( 'NONE', #1627, 1000.000000000000000 ) ;
#1631 = LINE ( 'NONE', #1639, #1638 ) ;
#1632 = VECTOR ( 'NONE', #1642, 1000.000000000000000 ) ;
#1633 = CARTESIAN_POINT ( 'NONE',  ( 1.000000000000000000, 0.0000000000000000000, -0.4000000000000000200 ) ) ;
#1634 = CARTESIAN_POINT ( 'NONE',  ( -1.250000000000000000, 3.099999999999999600, 0.0000000000000000000 ) ) ;
#1635 = LINE ( 'NONE', #1649, #1632 ) ;
#1636 = CARTESIAN_POINT ( 'NONE',  ( -1.000000000000000000, 0.01000000000000000000, -0.2249999999999999800 ) ) ;
#1637 = DIRECTION ( 'NONE',  ( -0.0000000000000000000, 1.000000000000000000, -0.0000000000000000000 ) ) ;
#1638 = VECTOR ( 'NONE', #1637, 1000.000000000000000 ) ;
#1639 = CARTESIAN_POINT ( 'NONE',  ( -1.000000000000000000, -6.500000000000000000, -0.2249999999999999800 ) ) ;
#1640 = CARTESIAN_POINT ( 'NONE',  ( 1.000000000000000000, 0.01000000000000000000, -0.4000000000000000200 ) ) ;
#1641 = CARTESIAN_POINT ( 'NONE',  ( 0.0000000000000000000, 1.199999999999999700, -0.05499999999999979900 ) ) ;
#1642 = DIRECTION ( 'NONE',  ( -0.0000000000000000000, 1.000000000000000000, -0.0000000000000000000 ) ) ;
#1643 = DIRECTION ( 'NONE',  ( -0.0000000000000000000, -1.000000000000000000, -0.0000000000000000000 ) ) ;
#1644 = DIRECTION ( 'NONE',  ( -0.0000000000000000000, -1.000000000000000000, -0.0000000000000000000 ) ) ;
#1645 = VECTOR ( 'NONE', #1644, 1000.000000000000000 ) ;
#1646 = CARTESIAN_POINT ( 'NONE',  ( -1.000000000000000000, 0.01000000000000000000, -0.4000000000000000200 ) ) ;
#1647 = LINE ( 'NONE', #1646, #1645 ) ;
#1648 = VECTOR ( 'NONE', #1643, 1000.000000000000000 ) ;
#1649 = CARTESIAN_POINT ( 'NONE',  ( 1.000000000000000000, -6.500000000000000000, 0.2249999999999998700 ) ) ;
#1650 = DIRECTION ( 'NONE',  ( 0.0000000000000000000, 0.0000000000000000000, 1.000000000000000000 ) ) ;
#1651 = DIRECTION ( 'NONE',  ( 0.0000000000000000000, 0.0000000000000000000, -1.000000000000000000 ) ) ;
#1652 = AXIS2_PLACEMENT_3D ( 'NONE', #1662, #1657, #1651 ) ;
#1653 = CIRCLE ( 'NONE', #1652, 0.4000000000000000200 ) ;
#1654 = CYLINDRICAL_SURFACE ( 'NONE', #1663, 2.799999999999999800 ) ;
#1655 = CYLINDRICAL_SURFACE ( 'NONE', #1658, 0.2249999999999999500 ) ;
#1656 = CARTESIAN_POINT ( 'NONE',  ( -1.000000000000000000, -6.500000000000000000, 0.2249999999999999800 ) ) ;
#1657 = DIRECTION ( 'NONE',  ( 0.0000000000000000000, -1.000000000000000000, 0.0000000000000000000 ) ) ;
#1658 = AXIS2_PLACEMENT_3D ( 'NONE', #1660, #1661, #1650 ) ;
#1659 = FACE_OUTER_BOUND ( 'NONE', #901, .T. ) ;
#1660 = CARTESIAN_POINT ( 'NONE',  ( 0.0000000000000000000, -6.500000000000000000, 1.000000000000000000 ) ) ;
#1661 = DIRECTION ( 'NONE',  ( -0.0000000000000000000, 1.000000000000000000, -0.0000000000000000000 ) ) ;
#1662 = CARTESIAN_POINT ( 'NONE',  ( -1.000000000000000000, 0.0000000000000000000, 0.0000000000000000000 ) ) ;
#1663 = AXIS2_PLACEMENT_3D ( 'NONE', #1666, #1664, #1665 ) ;
#1664 = DIRECTION ( 'NONE',  ( -0.0000000000000000000, -1.000000000000000000, -0.0000000000000000000 ) ) ;
#1665 = DIRECTION ( 'NONE',  ( 0.0000000000000000000, 0.0000000000000000000, -1.000000000000000000 ) ) ;
#1666 = CARTESIAN_POINT ( 'NONE',  ( 0.0000000000000000000, 0.0000000000000000000, 0.0000000000000000000 ) ) ;
#1667 = FACE_OUTER_BOUND ( 'NONE', #909, .T. ) ;
#1668 = CARTESIAN_POINT ( 'NONE',  ( -1.000000000000000000, 0.0000000000000000000, -0.4000000000000000200 ) ) ;
#1669 = AXIS2_PLACEMENT_3D ( 'NONE', #1672, #1673, #1670 ) ;
#1670 = DIRECTION ( 'NONE',  ( 0.0000000000000000000, 0.0000000000000000000, -1.000000000000000000 ) ) ;
#1671 = CIRCLE ( 'NONE', #1669, 0.2249999999999999500 ) ;
#1672 = CARTESIAN_POINT ( 'NONE',  ( 0.0000000000000000000, -6.500000000000000000, 1.000000000000000000 ) ) ;
#1673 = DIRECTION ( 'NONE',  ( 0.0000000000000000000, -1.000000000000000000, 0.0000000000000000000 ) ) ;
#1674 = CARTESIAN_POINT ( 'NONE',  ( 0.0000000000000000000, 0.0000000000000000000, 0.0000000000000000000 ) ) ;
#1675 = LINE ( 'NONE', #1683, #1682 ) ;
#1676 = DIRECTION ( 'NONE',  ( 0.0000000000000000000, 0.0000000000000000000, -1.000000000000000000 ) ) ;
#1677 = DIRECTION ( 'NONE',  ( -0.0000000000000000000, -1.000000000000000000, -0.0000000000000000000 ) ) ;
#1678 = CYLINDRICAL_SURFACE ( 'NONE', #1694, 1.850000000000000100 ) ;
#1679 = CARTESIAN_POINT ( 'NONE',  ( -2.371281292110205100, 0.0000000000000000000, 4.336808689942017700E-016 ) ) ;
#1680 = CARTESIAN_POINT ( 'NONE',  ( 2.371281292110206400, 0.0000000000000000000, 0.0000000000000000000 ) ) ;
#1681 = DIRECTION ( 'NONE',  ( -0.0000000000000000000, -1.000000000000000000, -0.0000000000000000000 ) ) ;
#1682 = VECTOR ( 'NONE', #1681, 1000.000000000000000 ) ;
#1683 = CARTESIAN_POINT ( 'NONE',  ( 0.0000000000000000000, 0.0000000000000000000, -1.850000000000000100 ) ) ;
#1684 = CARTESIAN_POINT ( 'NONE',  ( 6.735334946023050500E-018, 1.199999999999999700, 0.05499999999999979900 ) ) ;
#1685 = CARTESIAN_POINT ( 'NONE',  ( 2.755364296100347800E-017, -6.500000000000000000, 0.7750000000000001300 ) ) ;
#1686 = DIRECTION ( 'NONE',  ( -0.0000000000000000000, 1.000000000000000000, -0.0000000000000000000 ) ) ;
#1687 = CARTESIAN_POINT ( 'NONE',  ( 2.755364296100347800E-017, -6.500000000000000000, 0.7750000000000001300 ) ) ;
#1688 = LINE ( 'NONE', #1687, #1693 ) ;
#1689 = DIRECTION ( 'NONE',  ( 0.7071067811865519000, 0.0000000000000000000, -0.7071067811865431300 ) ) ;
#1690 = VECTOR ( 'NONE', #1689, 1000.000000000000000 ) ;
#1691 = CARTESIAN_POINT ( 'NONE',  ( 2.385640646055101000, 1.199999999999999700, -0.01435935394489631600 ) ) ;
#1692 = LINE ( 'NONE', #1691, #1690 ) ;
#1693 = VECTOR ( 'NONE', #1686, 1000.000000000000000 ) ;
#1694 = AXIS2_PLACEMENT_3D ( 'NONE', #1674, #1677, #1676 ) ;
#1695 = CARTESIAN_POINT ( 'NONE',  ( 0.0000000000000000000, -6.500000000000000000, 1.224999999999999900 ) ) ;
#1696 = FACE_OUTER_BOUND ( 'NONE', #916, .T. ) ;
#1697 = DIRECTION ( 'NONE',  ( -0.7071067811865517900, 0.0000000000000000000, 0.7071067811865432400 ) ) ;
#1698 = PLANE ( 'NONE',  #1717 ) ;
#1699 = FACE_OUTER_BOUND ( 'NONE', #982, .T. ) ;
#1700 = DIRECTION ( 'NONE',  ( 0.0000000000000000000, 0.0000000000000000000, -1.000000000000000000 ) ) ;
#1701 = DIRECTION ( 'NONE',  ( -0.0000000000000000000, -1.000000000000000000, -0.0000000000000000000 ) ) ;
#1702 = CARTESIAN_POINT ( 'NONE',  ( 0.0000000000000000000, 1.199999999999999700, 0.0000000000000000000 ) ) ;
#1703 = FACE_BOUND ( 'NONE', #978, .T. ) ;
#1704 = LINE ( 'NONE', #1719, #1706 ) ;
#1705 = CIRCLE ( 'NONE', #1707, 2.399999999999997700 ) ;
#1706 = VECTOR ( 'NONE', #1697, 1000.000000000000000 ) ;
#1707 = AXIS2_PLACEMENT_3D ( 'NONE', #1702, #1701, #1700 ) ;
#1708 = AXIS2_PLACEMENT_3D ( 'NONE', #1372, #1476, #1475 ) ;
#1709 = CYLINDRICAL_SURFACE ( 'NONE', #1708, 0.4000000000000000200 ) ;
#1710 = FACE_OUTER_BOUND ( 'NONE', #942, .T. ) ;
#1711 = CARTESIAN_POINT ( 'NONE',  ( 0.0000000000000000000, 2.469999999999999800, -0.05499999999999979900 ) ) ;
#1712 = DIRECTION ( 'NONE',  ( 0.0000000000000000000, 0.0000000000000000000, -1.000000000000000000 ) ) ;
#1713 = DIRECTION ( 'NONE',  ( -0.0000000000000000000, -1.000000000000000000, -0.0000000000000000000 ) ) ;
#1714 = CARTESIAN_POINT ( 'NONE',  ( 0.0000000000000000000, 2.469999999999999800, 0.0000000000000000000 ) ) ;
#1715 = AXIS2_PLACEMENT_3D ( 'NONE', #1714, #1713, #1712 ) ;
#1716 = CARTESIAN_POINT ( 'NONE',  ( 2.399999999999997200, 1.199999999999999700, 0.0000000000000000000 ) ) ;
#1717 = AXIS2_PLACEMENT_3D ( 'NONE', #1716, #1723, #1722 ) ;
#1718 = CARTESIAN_POINT ( 'NONE',  ( -2.371281292110205100, 1.199999999999999700, 4.336808689942017700E-016 ) ) ;
#1719 = CARTESIAN_POINT ( 'NONE',  ( 0.01435935394492526500, 1.199999999999999700, -2.385640646055101000 ) ) ;
#1720 = CARTESIAN_POINT ( 'NONE',  ( -2.399830194034343800, 1.199999999999999700, 0.02854890192413844100 ) ) ;
#1721 = CIRCLE ( 'NONE', #1715, 0.05499999999999979900 ) ;
#1722 = DIRECTION ( 'NONE',  ( 0.0000000000000000000, -0.0000000000000000000, 1.000000000000000000 ) ) ;
#1723 = DIRECTION ( 'NONE',  ( 0.0000000000000000000, 1.000000000000000000, 0.0000000000000000000 ) ) ;
#1724 = CARTESIAN_POINT ( 'NONE',  ( -1.000000000000000000, 0.01000000000000000000, 0.2249999999999999800 ) ) ;
#1725 = DIRECTION ( 'NONE',  ( -0.0000000000000000000, 1.000000000000000000, -0.0000000000000000000 ) ) ;
#1726 = VECTOR ( 'NONE', #1725, 1000.000000000000000 ) ;
#1727 = CARTESIAN_POINT ( 'NONE',  ( -1.000000000000000000, -6.500000000000000000, 0.2249999999999999800 ) ) ;
#1728 = LINE ( 'NONE', #1727, #1726 ) ;
#1729 = CARTESIAN_POINT ( 'NONE',  ( 0.0000000000000000000, 3.199999999999999300, 0.0000000000000000000 ) ) ;
#1730 = TOROIDAL_SURFACE ( 'NONE', #1740, 1.450000000000000200, 0.3999999999999998600 ) ;
#1731 = VECTOR ( 'NONE', #1742, 1000.000000000000000 ) ;
#1732 = FACE_OUTER_BOUND ( 'NONE', #1020, .T. ) ;
#1733 = LINE ( 'NONE', #1743, #1731 ) ;
#1734 = DIRECTION ( 'NONE',  ( 0.0000000000000000000, 0.0000000000000000000, -1.000000000000000000 ) ) ;
#1735 = DIRECTION ( 'NONE',  ( -0.0000000000000000000, -1.000000000000000000, -0.0000000000000000000 ) ) ;
#1736 = CARTESIAN_POINT ( 'NONE',  ( 0.0000000000000000000, 3.599999999999999200, 0.0000000000000000000 ) ) ;
#1737 = AXIS2_PLACEMENT_3D ( 'NONE', #1736, #1735, #1734 ) ;
#1738 = DIRECTION ( 'NONE',  ( 0.0000000000000000000, 0.0000000000000000000, -1.000000000000000000 ) ) ;
#1739 = DIRECTION ( 'NONE',  ( -0.0000000000000000000, -1.000000000000000000, -0.0000000000000000000 ) ) ;
#1740 = AXIS2_PLACEMENT_3D ( 'NONE', #1729, #1739, #1738 ) ;
#1741 = CIRCLE ( 'NONE', #1737, 1.450000000000000200 ) ;
#1742 = DIRECTION ( 'NONE',  ( -0.0000000000000000000, -1.000000000000000000, -0.0000000000000000000 ) ) ;
#1743 = CARTESIAN_POINT ( 'NONE',  ( 0.0000000000000000000, 0.0000000000000000000, -0.004999999999999904700 ) ) ;
#1744 = CARTESIAN_POINT ( 'NONE',  ( 2.694133978409230100E-016, 1.549999999999999800, 2.200000000000000200 ) ) ;
#1745 = CARTESIAN_POINT ( 'NONE',  ( -1.000000000000000000, 0.01000000000000000000, 0.4000000000000000200 ) ) ;
#1746 = DIRECTION ( 'NONE',  ( 0.0000000000000000000, 0.0000000000000000000, -1.000000000000000000 ) ) ;
#1747 = DIRECTION ( 'NONE',  ( 0.0000000000000000000, -1.000000000000000000, 0.0000000000000000000 ) ) ;
#1748 = CARTESIAN_POINT ( 'NONE',  ( 0.0000000000000000000, 0.0000000000000000000, 1.224999999999999900 ) ) ;
#1749 = CARTESIAN_POINT ( 'NONE',  ( -1.000000000000000000, 0.01000000000000000000, 0.0000000000000000000 ) ) ;
#1750 = AXIS2_PLACEMENT_3D ( 'NONE', #1749, #1747, #1746 ) ;
#1751 = DIRECTION ( 'NONE',  ( 0.0000000000000000000, 0.0000000000000000000, -1.000000000000000000 ) ) ;
#1752 = DIRECTION ( 'NONE',  ( 0.0000000000000000000, -1.000000000000000000, 0.0000000000000000000 ) ) ;
#1753 = CARTESIAN_POINT ( 'NONE',  ( 1.000000000000000000, 0.0000000000000000000, 0.0000000000000000000 ) ) ;
#1754 = AXIS2_PLACEMENT_3D ( 'NONE', #1753, #1752, #1751 ) ;
#1755 = CIRCLE ( 'NONE', #1754, 0.4000000000000000200 ) ;
#1756 = CIRCLE ( 'NONE', #1750, 0.4000000000000000200 ) ;
#1757 = DIRECTION ( 'NONE',  ( 0.0000000000000000000, -1.000000000000000000, 0.0000000000000000000 ) ) ;
#1758 = LINE ( 'NONE', #1764, #1768 ) ;
#1759 = DIRECTION ( 'NONE',  ( 0.0000000000000000000, 0.0000000000000000000, -1.000000000000000000 ) ) ;
#1760 = AXIS2_PLACEMENT_3D ( 'NONE', #1766, #1769, #1759 ) ;
#1761 = FACE_BOUND ( 'NONE', #935, .T. ) ;
#1762 = FACE_OUTER_BOUND ( 'NONE', #961, .T. ) ;
#1763 = FACE_BOUND ( 'NONE', #1173, .T. ) ;
#1764 = CARTESIAN_POINT ( 'NONE',  ( -2.771281292110204600, 3.599999999999999600, -0.3999999999999936900 ) ) ;
#1765 = PLANE ( 'NONE',  #1760 ) ;
#1766 = CARTESIAN_POINT ( 'NONE',  ( 0.0000000000000000000, 0.0000000000000000000, 0.0000000000000000000 ) ) ;
#1767 = CARTESIAN_POINT ( 'NONE',  ( 0.0000000000000000000, 0.0000000000000000000, -2.799999999999999800 ) ) ;
#1768 = VECTOR ( 'NONE', #1757, 1000.000000000000000 ) ;
#1769 = DIRECTION ( 'NONE',  ( 0.0000000000000000000, -1.000000000000000000, -0.0000000000000000000 ) ) ;
#1770 = FACE_BOUND ( 'NONE', #965, .T. ) ;
#1771 = AXIS2_PLACEMENT_3D ( 'NONE', #1774, #1776, #1772 ) ;
#1772 = DIRECTION ( 'NONE',  ( 0.0000000000000000000, 0.0000000000000000000, -1.000000000000000000 ) ) ;
#1773 = FACE_OUTER_BOUND ( 'NONE', #977, .T. ) ;
#1774 = CARTESIAN_POINT ( 'NONE',  ( 0.0000000000000000000, 0.0000000000000000000, 0.0000000000000000000 ) ) ;
#1775 = CIRCLE ( 'NONE', #1771, 2.799999999999999800 ) ;
#1776 = DIRECTION ( 'NONE',  ( -0.0000000000000000000, -1.000000000000000000, -0.0000000000000000000 ) ) ;
#1777 = VECTOR ( 'NONE', #1782, 1000.000000000000000 ) ;
#1778 = CARTESIAN_POINT ( 'NONE',  ( -2.371281292110205100, 3.599999999999999600, 4.336808689942017700E-016 ) ) ;
#1779 = LINE ( 'NONE', #1778, #1777 ) ;
#1780 = DIRECTION ( 'NONE',  ( -0.7071067811865432400, 0.0000000000000000000, -0.7071067811865517900 ) ) ;
#1781 = DIRECTION ( 'NONE',  ( -0.7071067811865517900, 0.0000000000000000000, 0.7071067811865432400 ) ) ;
#1782 = DIRECTION ( 'NONE',  ( 0.0000000000000000000, -1.000000000000000000, 0.0000000000000000000 ) ) ;
#1783 = PLANE ( 'NONE',  #1785 ) ;
#1784 = CARTESIAN_POINT ( 'NONE',  ( -3.882898832344222000, 3.599999999999999600, 1.511617540233998400 ) ) ;
#1785 = AXIS2_PLACEMENT_3D ( 'NONE', #1784, #1780, #1781 ) ;
#1786 = FACE_OUTER_BOUND ( 'NONE', #689, .T. ) ;
ENDSEC;
END-ISO-10303-21;
