ISO-10303-21;
HEADER;
FILE_DESCRIPTION(('STEP AP242'),'1');
FILE_NAME('0705430009.stp','2026-03-18T00:12:26',('TraceParts'),('TraceParts S.A.S.'),'Spatial InterOp 3D',' ',' ');
FILE_SCHEMA(('AP242_MANAGED_MODEL_BASED_3D_ENGINEERING_MIM_LF  {1 0 10303 442 1 1 4}'));
ENDSEC;
DATA;
#1=PRODUCT_DEFINITION_CONTEXT('',#10,'design');
#2=APPLICATION_PROTOCOL_DEFINITION('INTERNATIONAL STANDARD','ap242_managed_model_based_3d_engineering',2014,#10);
#3=PRODUCT_CATEGORY_RELATIONSHIP('NONE','NONE',#11,#12);
#4=SHAPE_DEFINITION_REPRESENTATION(#13,#14);
#5=SHAPE_DEFINITION_REPRESENTATION(#13,#15);
#6= (GEOMETRIC_REPRESENTATION_CONTEXT(3)GLOBAL_UNCERTAINTY_ASSIGNED_CONTEXT((#18))GLOBAL_UNIT_ASSIGNED_CONTEXT((#20,#21,#22))REPRESENTATION_CONTEXT('NONE','WORKSPACE'));
#10=APPLICATION_CONTEXT('managed model based 3d engineering');
#11=PRODUCT_CATEGORY('part','NONE');
#12=PRODUCT_RELATED_PRODUCT_CATEGORY('detail',' ',(#24));
#13=PRODUCT_DEFINITION_SHAPE('NONE','NONE',#25);
#14=ADVANCED_BREP_SHAPE_REPRESENTATION('1',(#26,#27),#6);
#15=GEOMETRICALLY_BOUNDED_SURFACE_SHAPE_REPRESENTATION('2',(#28,#29),#6);
#18=UNCERTAINTY_MEASURE_WITH_UNIT(LENGTH_MEASURE(1.0E-06),#20,'','');
#20= (CONVERSION_BASED_UNIT('MILLIMETRE',#32)LENGTH_UNIT()NAMED_UNIT(#35));
#21= (NAMED_UNIT(#37)PLANE_ANGLE_UNIT()SI_UNIT($,.RADIAN.));
#22= (NAMED_UNIT(#37)SOLID_ANGLE_UNIT()SI_UNIT($,.STERADIAN.));
#24=PRODUCT('1','','PART--DESC',(#43));
#25=PRODUCT_DEFINITION('','NONE',#44,#1);
#26=MANIFOLD_SOLID_BREP('1',#45);
#27=AXIS2_PLACEMENT_3D('',#46,#47,#48);
#28=GEOMETRIC_SET('2',(#49,#50,#51,#52,#53,#54,#55,#56,#57,#58));
#29=AXIS2_PLACEMENT_3D('',#59,#60,#61);
#32=LENGTH_MEASURE_WITH_UNIT(LENGTH_MEASURE(1.0),#62);
#35=DIMENSIONAL_EXPONENTS(1.0,0.0,0.0,0.0,0.0,0.0,0.0);
#37=DIMENSIONAL_EXPONENTS(0.0,0.0,0.0,0.0,0.0,0.0,0.0);
#43=PRODUCT_CONTEXT('',#10,'mechanical');
#44=PRODUCT_DEFINITION_FORMATION_WITH_SPECIFIED_SOURCE(' ','NONE',#24,.NOT_KNOWN.);
#45=CLOSED_SHELL('',(#63,#64,#65,#66,#67,#68,#69,#70,#71,#72,#73,#74,#75,#76,#77,#78,#79,#80,#81,#82,#83,#84,#85,#86,#87,#88,#89,#90,#91,#92,#93,#94,#95,#96,#97,#98,#99,#100,#101,#102,#103,#104,#105,#106,#107,#108,#109,#110,#111,#112,#113,#114,#115,#116,#117,#118,#119,#120,#121,#122,#123,#124,#125,#126,#127,#128,#129,#130,#131,#132,#133,#134,#135,#136,#137,#138,#139,#140,#141,#142,#143,#144,#145,#146,#147,#148,#149,#150,#151,#152,#153,#154,#155,#156,#157,#158,#159,#160,#161,#162,#163,#164,#165,#166,#167,#168,#169,#170,#171,#172,#173,#174,#175,#176,#177,#178,#179,#180,#181,#182,#183,#184,#185,#186,#187,#188,#189,#190,#191,#192,#193,#194,#195,#196,#197,#198,#199,#200,#201,#202,#203,#204,#205,#206,#207,#208,#209,#210,#211,#212,#213,#214,#215,#216,#217,#218,#219,#220,#221,#222,#223,#224,#225,#226,#227,#228,#229,#230,#231,#232,#233,#234,#235,#236,#237,#238,#239,#240,#241,#242,#243,#244,#245,#246,#247,#248,#249,#250,#251,#252,#253,#254,#255,#256,#257,#258,#259,#260,#261,#262,#263,#264,#265,#266,#267,#268,#269,#270,#271,#272,#273,#274,#275,#276,#277,#278,#279,#280,#281,#282,#283,#284,#285,#286,#287,#288,#289,#290,#291,#292,#293,#294,#295,#296,#297,#298,#299));
#46=CARTESIAN_POINT('',(0.0,0.0,0.0));
#47=DIRECTION('',(0.0,0.0,1.0));
#48=DIRECTION('',(1.0,0.0,0.0));
#49=COMPOSITE_CURVE('',(#300,#301),.U.);
#50=COMPOSITE_CURVE('',(#302,#303),.U.);
#51=COMPOSITE_CURVE('',(#304,#305),.U.);
#52=COMPOSITE_CURVE('',(#306,#307),.U.);
#53=COMPOSITE_CURVE('',(#308,#309),.U.);
#54=COMPOSITE_CURVE('',(#310,#311),.U.);
#55=COMPOSITE_CURVE('',(#312,#313),.U.);
#56=COMPOSITE_CURVE('',(#314,#315),.U.);
#57=COMPOSITE_CURVE('',(#316,#317),.U.);
#58=COMPOSITE_CURVE('',(#318,#319),.U.);
#59=CARTESIAN_POINT('',(0.0,0.0,0.0));
#60=DIRECTION('',(0.0,0.0,1.0));
#61=DIRECTION('',(1.0,0.0,0.0));
#62= (NAMED_UNIT(#35)LENGTH_UNIT()SI_UNIT(.MILLI.,.METRE.));
#63=ADVANCED_FACE('',(#321),#322,.F.);
#64=ADVANCED_FACE('',(#323),#324,.T.);
#65=ADVANCED_FACE('',(#325),#326,.F.);
#66=ADVANCED_FACE('',(#327),#328,.T.);
#67=ADVANCED_FACE('',(#329),#330,.T.);
#68=ADVANCED_FACE('',(#331),#332,.T.);
#69=ADVANCED_FACE('',(#333,#334,#335,#336,#337,#338,#339,#340,#341,#342,#343),#344,.T.);
#70=ADVANCED_FACE('',(#345),#346,.F.);
#71=ADVANCED_FACE('',(#347),#348,.F.);
#72=ADVANCED_FACE('',(#349),#350,.T.);
#73=ADVANCED_FACE('',(#351),#352,.T.);
#74=ADVANCED_FACE('',(#353),#354,.T.);
#75=ADVANCED_FACE('',(#355),#356,.T.);
#76=ADVANCED_FACE('',(#357),#358,.T.);
#77=ADVANCED_FACE('',(#359),#360,.T.);
#78=ADVANCED_FACE('',(#361),#362,.T.);
#79=ADVANCED_FACE('',(#363),#364,.T.);
#80=ADVANCED_FACE('',(#365),#366,.T.);
#81=ADVANCED_FACE('',(#367),#368,.T.);
#82=ADVANCED_FACE('',(#369),#370,.T.);
#83=ADVANCED_FACE('',(#371),#372,.T.);
#84=ADVANCED_FACE('',(#373),#374,.T.);
#85=ADVANCED_FACE('',(#375),#376,.T.);
#86=ADVANCED_FACE('',(#377),#378,.T.);
#87=ADVANCED_FACE('',(#379),#380,.T.);
#88=ADVANCED_FACE('',(#381,#382,#383,#384,#385,#386,#387,#388,#389,#390,#391),#392,.T.);
#89=ADVANCED_FACE('',(#393),#394,.T.);
#90=ADVANCED_FACE('',(#395),#396,.T.);
#91=ADVANCED_FACE('',(#397),#398,.T.);
#92=ADVANCED_FACE('',(#399),#400,.F.);
#93=ADVANCED_FACE('',(#401),#402,.T.);
#94=ADVANCED_FACE('',(#403),#404,.T.);
#95=ADVANCED_FACE('',(#405),#406,.T.);
#96=ADVANCED_FACE('',(#407),#408,.F.);
#97=ADVANCED_FACE('',(#409),#410,.F.);
#98=ADVANCED_FACE('',(#411),#412,.F.);
#99=ADVANCED_FACE('',(#413),#414,.F.);
#100=ADVANCED_FACE('',(#415),#416,.F.);
#101=ADVANCED_FACE('',(#417),#418,.T.);
#102=ADVANCED_FACE('',(#419),#420,.T.);
#103=ADVANCED_FACE('',(#421),#422,.F.);
#104=ADVANCED_FACE('',(#423),#424,.F.);
#105=ADVANCED_FACE('',(#425),#426,.F.);
#106=ADVANCED_FACE('',(#427),#428,.F.);
#107=ADVANCED_FACE('',(#429),#430,.F.);
#108=ADVANCED_FACE('',(#431),#432,.F.);
#109=ADVANCED_FACE('',(#433),#434,.F.);
#110=ADVANCED_FACE('',(#435),#436,.T.);
#111=ADVANCED_FACE('',(#437),#438,.T.);
#112=ADVANCED_FACE('',(#439),#440,.T.);
#113=ADVANCED_FACE('',(#441),#442,.T.);
#114=ADVANCED_FACE('',(#443),#444,.F.);
#115=ADVANCED_FACE('',(#445),#446,.F.);
#116=ADVANCED_FACE('',(#447),#448,.T.);
#117=ADVANCED_FACE('',(#449),#450,.F.);
#118=ADVANCED_FACE('',(#451),#452,.T.);
#119=ADVANCED_FACE('',(#453),#454,.T.);
#120=ADVANCED_FACE('',(#455),#456,.F.);
#121=ADVANCED_FACE('',(#457),#458,.F.);
#122=ADVANCED_FACE('',(#459),#460,.F.);
#123=ADVANCED_FACE('',(#461),#462,.F.);
#124=ADVANCED_FACE('',(#463),#464,.T.);
#125=ADVANCED_FACE('',(#465),#466,.F.);
#126=ADVANCED_FACE('',(#467),#468,.T.);
#127=ADVANCED_FACE('',(#469),#470,.T.);
#128=ADVANCED_FACE('',(#471),#472,.T.);
#129=ADVANCED_FACE('',(#473),#474,.T.);
#130=ADVANCED_FACE('',(#475),#476,.T.);
#131=ADVANCED_FACE('',(#477),#478,.T.);
#132=ADVANCED_FACE('',(#479),#480,.T.);
#133=ADVANCED_FACE('',(#481),#482,.T.);
#134=ADVANCED_FACE('',(#483),#484,.T.);
#135=ADVANCED_FACE('',(#485),#486,.F.);
#136=ADVANCED_FACE('',(#487),#488,.F.);
#137=ADVANCED_FACE('',(#489),#490,.T.);
#138=ADVANCED_FACE('',(#491),#492,.T.);
#139=ADVANCED_FACE('',(#493),#494,.T.);
#140=ADVANCED_FACE('',(#495),#496,.T.);
#141=ADVANCED_FACE('',(#497),#498,.T.);
#142=ADVANCED_FACE('',(#499),#500,.T.);
#143=ADVANCED_FACE('',(#501),#502,.T.);
#144=ADVANCED_FACE('',(#503),#504,.T.);
#145=ADVANCED_FACE('',(#505),#506,.T.);
#146=ADVANCED_FACE('',(#507),#508,.T.);
#147=ADVANCED_FACE('',(#509),#510,.T.);
#148=ADVANCED_FACE('',(#511),#512,.T.);
#149=ADVANCED_FACE('',(#513),#514,.T.);
#150=ADVANCED_FACE('',(#515),#516,.T.);
#151=ADVANCED_FACE('',(#517),#518,.T.);
#152=ADVANCED_FACE('',(#519),#520,.T.);
#153=ADVANCED_FACE('',(#521),#522,.F.);
#154=ADVANCED_FACE('',(#523),#524,.F.);
#155=ADVANCED_FACE('',(#525),#526,.T.);
#156=ADVANCED_FACE('',(#527),#528,.T.);
#157=ADVANCED_FACE('',(#529),#530,.T.);
#158=ADVANCED_FACE('',(#531),#532,.T.);
#159=ADVANCED_FACE('',(#533),#534,.T.);
#160=ADVANCED_FACE('',(#535),#536,.T.);
#161=ADVANCED_FACE('',(#537),#538,.T.);
#162=ADVANCED_FACE('',(#539),#540,.T.);
#163=ADVANCED_FACE('',(#541),#542,.T.);
#164=ADVANCED_FACE('',(#543),#544,.T.);
#165=ADVANCED_FACE('',(#545),#546,.T.);
#166=ADVANCED_FACE('',(#547),#548,.T.);
#167=ADVANCED_FACE('',(#549),#550,.T.);
#168=ADVANCED_FACE('',(#551),#552,.T.);
#169=ADVANCED_FACE('',(#553),#554,.T.);
#170=ADVANCED_FACE('',(#555),#556,.T.);
#171=ADVANCED_FACE('',(#557),#558,.F.);
#172=ADVANCED_FACE('',(#559),#560,.F.);
#173=ADVANCED_FACE('',(#561),#562,.T.);
#174=ADVANCED_FACE('',(#563),#564,.T.);
#175=ADVANCED_FACE('',(#565),#566,.T.);
#176=ADVANCED_FACE('',(#567),#568,.T.);
#177=ADVANCED_FACE('',(#569),#570,.T.);
#178=ADVANCED_FACE('',(#571),#572,.T.);
#179=ADVANCED_FACE('',(#573),#574,.T.);
#180=ADVANCED_FACE('',(#575),#576,.T.);
#181=ADVANCED_FACE('',(#577),#578,.T.);
#182=ADVANCED_FACE('',(#579),#580,.T.);
#183=ADVANCED_FACE('',(#581),#582,.T.);
#184=ADVANCED_FACE('',(#583),#584,.T.);
#185=ADVANCED_FACE('',(#585),#586,.T.);
#186=ADVANCED_FACE('',(#587),#588,.T.);
#187=ADVANCED_FACE('',(#589),#590,.T.);
#188=ADVANCED_FACE('',(#591),#592,.T.);
#189=ADVANCED_FACE('',(#593),#594,.F.);
#190=ADVANCED_FACE('',(#595),#596,.F.);
#191=ADVANCED_FACE('',(#597),#598,.T.);
#192=ADVANCED_FACE('',(#599),#600,.T.);
#193=ADVANCED_FACE('',(#601),#602,.T.);
#194=ADVANCED_FACE('',(#603),#604,.T.);
#195=ADVANCED_FACE('',(#605),#606,.T.);
#196=ADVANCED_FACE('',(#607),#608,.T.);
#197=ADVANCED_FACE('',(#609),#610,.T.);
#198=ADVANCED_FACE('',(#611),#612,.T.);
#199=ADVANCED_FACE('',(#613),#614,.T.);
#200=ADVANCED_FACE('',(#615),#616,.T.);
#201=ADVANCED_FACE('',(#617),#618,.T.);
#202=ADVANCED_FACE('',(#619),#620,.T.);
#203=ADVANCED_FACE('',(#621),#622,.T.);
#204=ADVANCED_FACE('',(#623),#624,.T.);
#205=ADVANCED_FACE('',(#625),#626,.T.);
#206=ADVANCED_FACE('',(#627),#628,.T.);
#207=ADVANCED_FACE('',(#629),#630,.F.);
#208=ADVANCED_FACE('',(#631),#632,.F.);
#209=ADVANCED_FACE('',(#633),#634,.T.);
#210=ADVANCED_FACE('',(#635),#636,.T.);
#211=ADVANCED_FACE('',(#637),#638,.T.);
#212=ADVANCED_FACE('',(#639),#640,.T.);
#213=ADVANCED_FACE('',(#641),#642,.T.);
#214=ADVANCED_FACE('',(#643),#644,.T.);
#215=ADVANCED_FACE('',(#645),#646,.T.);
#216=ADVANCED_FACE('',(#647),#648,.T.);
#217=ADVANCED_FACE('',(#649),#650,.T.);
#218=ADVANCED_FACE('',(#651),#652,.T.);
#219=ADVANCED_FACE('',(#653),#654,.T.);
#220=ADVANCED_FACE('',(#655),#656,.T.);
#221=ADVANCED_FACE('',(#657),#658,.T.);
#222=ADVANCED_FACE('',(#659),#660,.T.);
#223=ADVANCED_FACE('',(#661),#662,.T.);
#224=ADVANCED_FACE('',(#663),#664,.T.);
#225=ADVANCED_FACE('',(#665),#666,.F.);
#226=ADVANCED_FACE('',(#667),#668,.F.);
#227=ADVANCED_FACE('',(#669),#670,.T.);
#228=ADVANCED_FACE('',(#671),#672,.T.);
#229=ADVANCED_FACE('',(#673),#674,.T.);
#230=ADVANCED_FACE('',(#675),#676,.T.);
#231=ADVANCED_FACE('',(#677),#678,.T.);
#232=ADVANCED_FACE('',(#679),#680,.T.);
#233=ADVANCED_FACE('',(#681),#682,.T.);
#234=ADVANCED_FACE('',(#683),#684,.T.);
#235=ADVANCED_FACE('',(#685),#686,.T.);
#236=ADVANCED_FACE('',(#687),#688,.T.);
#237=ADVANCED_FACE('',(#689),#690,.T.);
#238=ADVANCED_FACE('',(#691),#692,.T.);
#239=ADVANCED_FACE('',(#693),#694,.T.);
#240=ADVANCED_FACE('',(#695),#696,.T.);
#241=ADVANCED_FACE('',(#697),#698,.T.);
#242=ADVANCED_FACE('',(#699),#700,.T.);
#243=ADVANCED_FACE('',(#701),#702,.F.);
#244=ADVANCED_FACE('',(#703),#704,.F.);
#245=ADVANCED_FACE('',(#705),#706,.T.);
#246=ADVANCED_FACE('',(#707),#708,.T.);
#247=ADVANCED_FACE('',(#709),#710,.T.);
#248=ADVANCED_FACE('',(#711),#712,.T.);
#249=ADVANCED_FACE('',(#713),#714,.T.);
#250=ADVANCED_FACE('',(#715),#716,.T.);
#251=ADVANCED_FACE('',(#717),#718,.T.);
#252=ADVANCED_FACE('',(#719),#720,.T.);
#253=ADVANCED_FACE('',(#721),#722,.T.);
#254=ADVANCED_FACE('',(#723),#724,.T.);
#255=ADVANCED_FACE('',(#725),#726,.T.);
#256=ADVANCED_FACE('',(#727),#728,.T.);
#257=ADVANCED_FACE('',(#729),#730,.T.);
#258=ADVANCED_FACE('',(#731),#732,.T.);
#259=ADVANCED_FACE('',(#733),#734,.T.);
#260=ADVANCED_FACE('',(#735),#736,.T.);
#261=ADVANCED_FACE('',(#737),#738,.F.);
#262=ADVANCED_FACE('',(#739),#740,.F.);
#263=ADVANCED_FACE('',(#741),#742,.T.);
#264=ADVANCED_FACE('',(#743),#744,.T.);
#265=ADVANCED_FACE('',(#745),#746,.T.);
#266=ADVANCED_FACE('',(#747),#748,.T.);
#267=ADVANCED_FACE('',(#749),#750,.T.);
#268=ADVANCED_FACE('',(#751),#752,.T.);
#269=ADVANCED_FACE('',(#753),#754,.T.);
#270=ADVANCED_FACE('',(#755),#756,.T.);
#271=ADVANCED_FACE('',(#757),#758,.T.);
#272=ADVANCED_FACE('',(#759),#760,.T.);
#273=ADVANCED_FACE('',(#761),#762,.T.);
#274=ADVANCED_FACE('',(#763),#764,.T.);
#275=ADVANCED_FACE('',(#765),#766,.T.);
#276=ADVANCED_FACE('',(#767),#768,.T.);
#277=ADVANCED_FACE('',(#769),#770,.T.);
#278=ADVANCED_FACE('',(#771),#772,.T.);
#279=ADVANCED_FACE('',(#773),#774,.F.);
#280=ADVANCED_FACE('',(#775),#776,.F.);
#281=ADVANCED_FACE('',(#777),#778,.T.);
#282=ADVANCED_FACE('',(#779),#780,.T.);
#283=ADVANCED_FACE('',(#781),#782,.T.);
#284=ADVANCED_FACE('',(#783),#784,.T.);
#285=ADVANCED_FACE('',(#785),#786,.T.);
#286=ADVANCED_FACE('',(#787),#788,.T.);
#287=ADVANCED_FACE('',(#789),#790,.T.);
#288=ADVANCED_FACE('',(#791),#792,.T.);
#289=ADVANCED_FACE('',(#793),#794,.T.);
#290=ADVANCED_FACE('',(#795),#796,.T.);
#291=ADVANCED_FACE('',(#797),#798,.T.);
#292=ADVANCED_FACE('',(#799),#800,.T.);
#293=ADVANCED_FACE('',(#801),#802,.T.);
#294=ADVANCED_FACE('',(#803),#804,.T.);
#295=ADVANCED_FACE('',(#805),#806,.T.);
#296=ADVANCED_FACE('',(#807),#808,.T.);
#297=ADVANCED_FACE('',(#809),#810,.T.);
#298=ADVANCED_FACE('',(#811),#812,.T.);
#299=ADVANCED_FACE('',(#813),#814,.F.);
#300=COMPOSITE_CURVE_SEGMENT(.CONTINUOUS.,.T.,#815);
#301=COMPOSITE_CURVE_SEGMENT(.CONTINUOUS.,.T.,#816);
#302=COMPOSITE_CURVE_SEGMENT(.CONTINUOUS.,.T.,#817);
#303=COMPOSITE_CURVE_SEGMENT(.CONTINUOUS.,.T.,#818);
#304=COMPOSITE_CURVE_SEGMENT(.CONTINUOUS.,.T.,#819);
#305=COMPOSITE_CURVE_SEGMENT(.CONTINUOUS.,.T.,#820);
#306=COMPOSITE_CURVE_SEGMENT(.CONTINUOUS.,.T.,#821);
#307=COMPOSITE_CURVE_SEGMENT(.CONTINUOUS.,.T.,#822);
#308=COMPOSITE_CURVE_SEGMENT(.CONTINUOUS.,.T.,#823);
#309=COMPOSITE_CURVE_SEGMENT(.CONTINUOUS.,.T.,#824);
#310=COMPOSITE_CURVE_SEGMENT(.CONTINUOUS.,.T.,#825);
#311=COMPOSITE_CURVE_SEGMENT(.CONTINUOUS.,.T.,#826);
#312=COMPOSITE_CURVE_SEGMENT(.CONTINUOUS.,.T.,#827);
#313=COMPOSITE_CURVE_SEGMENT(.CONTINUOUS.,.T.,#828);
#314=COMPOSITE_CURVE_SEGMENT(.CONTINUOUS.,.T.,#829);
#315=COMPOSITE_CURVE_SEGMENT(.CONTINUOUS.,.T.,#830);
#316=COMPOSITE_CURVE_SEGMENT(.CONTINUOUS.,.T.,#831);
#317=COMPOSITE_CURVE_SEGMENT(.CONTINUOUS.,.T.,#832);
#318=COMPOSITE_CURVE_SEGMENT(.CONTINUOUS.,.T.,#833);
#319=COMPOSITE_CURVE_SEGMENT(.CONTINUOUS.,.T.,#834);
#321=FACE_OUTER_BOUND('',#835,.T.);
#322=PLANE('',#836);
#323=FACE_OUTER_BOUND('',#837,.T.);
#324=PLANE('',#838);
#325=FACE_OUTER_BOUND('',#839,.T.);
#326=PLANE('',#840);
#327=FACE_OUTER_BOUND('',#841,.T.);
#328=PLANE('',#842);
#329=FACE_OUTER_BOUND('',#843,.T.);
#330=PLANE('',#844);
#331=FACE_OUTER_BOUND('',#845,.T.);
#332=PLANE('',#846);
#333=FACE_OUTER_BOUND('',#847,.T.);
#334=FACE_BOUND('',#848,.T.);
#335=FACE_BOUND('',#849,.T.);
#336=FACE_BOUND('',#850,.T.);
#337=FACE_BOUND('',#851,.T.);
#338=FACE_BOUND('',#852,.T.);
#339=FACE_BOUND('',#853,.T.);
#340=FACE_BOUND('',#854,.T.);
#341=FACE_BOUND('',#855,.T.);
#342=FACE_BOUND('',#856,.T.);
#343=FACE_BOUND('',#857,.T.);
#344=PLANE('',#858);
#345=FACE_OUTER_BOUND('',#859,.T.);
#346=PLANE('',#860);
#347=FACE_OUTER_BOUND('',#861,.T.);
#348=PLANE('',#862);
#349=FACE_OUTER_BOUND('',#863,.T.);
#350=PLANE('',#864);
#351=FACE_OUTER_BOUND('',#865,.T.);
#352=PLANE('',#866);
#353=FACE_OUTER_BOUND('',#867,.T.);
#354=PLANE('',#868);
#355=FACE_OUTER_BOUND('',#869,.T.);
#356=PLANE('',#870);
#357=FACE_OUTER_BOUND('',#871,.T.);
#358=PLANE('',#872);
#359=FACE_OUTER_BOUND('',#873,.T.);
#360=PLANE('',#874);
#361=FACE_OUTER_BOUND('',#875,.T.);
#362=PLANE('',#876);
#363=FACE_OUTER_BOUND('',#877,.T.);
#364=PLANE('',#878);
#365=FACE_OUTER_BOUND('',#879,.T.);
#366=PLANE('',#880);
#367=FACE_OUTER_BOUND('',#881,.T.);
#368=PLANE('',#882);
#369=FACE_OUTER_BOUND('',#883,.T.);
#370=PLANE('',#884);
#371=FACE_OUTER_BOUND('',#885,.T.);
#372=PLANE('',#886);
#373=FACE_OUTER_BOUND('',#887,.T.);
#374=PLANE('',#888);
#375=FACE_OUTER_BOUND('',#889,.T.);
#376=PLANE('',#890);
#377=FACE_OUTER_BOUND('',#891,.T.);
#378=PLANE('',#892);
#379=FACE_OUTER_BOUND('',#893,.T.);
#380=PLANE('',#894);
#381=FACE_OUTER_BOUND('',#895,.T.);
#382=FACE_BOUND('',#896,.T.);
#383=FACE_BOUND('',#897,.T.);
#384=FACE_BOUND('',#898,.T.);
#385=FACE_BOUND('',#899,.T.);
#386=FACE_BOUND('',#900,.T.);
#387=FACE_BOUND('',#901,.T.);
#388=FACE_BOUND('',#902,.T.);
#389=FACE_BOUND('',#903,.T.);
#390=FACE_BOUND('',#904,.T.);
#391=FACE_BOUND('',#905,.T.);
#392=PLANE('',#906);
#393=FACE_OUTER_BOUND('',#907,.T.);
#394=PLANE('',#908);
#395=FACE_OUTER_BOUND('',#909,.T.);
#396=PLANE('',#910);
#397=FACE_OUTER_BOUND('',#911,.T.);
#398=PLANE('',#912);
#399=FACE_OUTER_BOUND('',#913,.T.);
#400=PLANE('',#914);
#401=FACE_OUTER_BOUND('',#915,.T.);
#402=PLANE('',#916);
#403=FACE_OUTER_BOUND('',#917,.T.);
#404=PLANE('',#918);
#405=FACE_OUTER_BOUND('',#919,.T.);
#406=PLANE('',#920);
#407=FACE_OUTER_BOUND('',#921,.T.);
#408=PLANE('',#922);
#409=FACE_OUTER_BOUND('',#923,.T.);
#410=PLANE('',#924);
#411=FACE_OUTER_BOUND('',#925,.T.);
#412=PLANE('',#926);
#413=FACE_OUTER_BOUND('',#927,.T.);
#414=PLANE('',#928);
#415=FACE_OUTER_BOUND('',#929,.T.);
#416=PLANE('',#930);
#417=FACE_OUTER_BOUND('',#931,.T.);
#418=PLANE('',#932);
#419=FACE_OUTER_BOUND('',#933,.T.);
#420=PLANE('',#934);
#421=FACE_OUTER_BOUND('',#935,.T.);
#422=PLANE('',#936);
#423=FACE_OUTER_BOUND('',#937,.T.);
#424=PLANE('',#938);
#425=FACE_OUTER_BOUND('',#939,.T.);
#426=PLANE('',#940);
#427=FACE_OUTER_BOUND('',#941,.T.);
#428=PLANE('',#942);
#429=FACE_OUTER_BOUND('',#943,.T.);
#430=PLANE('',#944);
#431=FACE_OUTER_BOUND('',#945,.T.);
#432=PLANE('',#946);
#433=FACE_OUTER_BOUND('',#947,.T.);
#434=PLANE('',#948);
#435=FACE_OUTER_BOUND('',#949,.T.);
#436=PLANE('',#950);
#437=FACE_OUTER_BOUND('',#951,.T.);
#438=PLANE('',#952);
#439=FACE_OUTER_BOUND('',#953,.T.);
#440=PLANE('',#954);
#441=FACE_OUTER_BOUND('',#955,.T.);
#442=PLANE('',#956);
#443=FACE_OUTER_BOUND('',#957,.T.);
#444=PLANE('',#958);
#445=FACE_OUTER_BOUND('',#959,.T.);
#446=CYLINDRICAL_SURFACE('',#960,1.3462);
#447=FACE_OUTER_BOUND('',#961,.T.);
#448=PLANE('',#962);
#449=FACE_OUTER_BOUND('',#963,.T.);
#450=PLANE('',#964);
#451=FACE_OUTER_BOUND('',#965,.T.);
#452=PLANE('',#966);
#453=FACE_OUTER_BOUND('',#967,.T.);
#454=PLANE('',#968);
#455=FACE_OUTER_BOUND('',#969,.T.);
#456=PLANE('',#970);
#457=FACE_OUTER_BOUND('',#971,.T.);
#458=PLANE('',#972);
#459=FACE_OUTER_BOUND('',#973,.T.);
#460=CYLINDRICAL_SURFACE('',#974,1.3462);
#461=FACE_OUTER_BOUND('',#975,.T.);
#462=PLANE('',#976);
#463=FACE_OUTER_BOUND('',#977,.T.);
#464=PLANE('',#978);
#465=FACE_OUTER_BOUND('',#979,.T.);
#466=PLANE('',#980);
#467=FACE_OUTER_BOUND('',#981,.T.);
#468=PLANE('',#982);
#469=FACE_OUTER_BOUND('',#983,.T.);
#470=PLANE('',#984);
#471=FACE_OUTER_BOUND('',#985,.T.);
#472=PLANE('',#986);
#473=FACE_OUTER_BOUND('',#987,.T.);
#474=PLANE('',#988);
#475=FACE_OUTER_BOUND('',#989,.T.);
#476=PLANE('',#990);
#477=FACE_OUTER_BOUND('',#991,.T.);
#478=PLANE('',#992);
#479=FACE_OUTER_BOUND('',#993,.T.);
#480=PLANE('',#994);
#481=FACE_OUTER_BOUND('',#995,.T.);
#482=PLANE('',#996);
#483=FACE_OUTER_BOUND('',#997,.T.);
#484=PLANE('',#998);
#485=FACE_OUTER_BOUND('',#999,.T.);
#486=PLANE('',#1000);
#487=FACE_OUTER_BOUND('',#1001,.T.);
#488=PLANE('',#1002);
#489=FACE_OUTER_BOUND('',#1003,.T.);
#490=PLANE('',#1004);
#491=FACE_OUTER_BOUND('',#1005,.T.);
#492=PLANE('',#1006);
#493=FACE_OUTER_BOUND('',#1007,.T.);
#494=PLANE('',#1008);
#495=FACE_OUTER_BOUND('',#1009,.T.);
#496=PLANE('',#1010);
#497=FACE_OUTER_BOUND('',#1011,.T.);
#498=PLANE('',#1012);
#499=FACE_OUTER_BOUND('',#1013,.T.);
#500=PLANE('',#1014);
#501=FACE_OUTER_BOUND('',#1015,.T.);
#502=PLANE('',#1016);
#503=FACE_OUTER_BOUND('',#1017,.T.);
#504=PLANE('',#1018);
#505=FACE_OUTER_BOUND('',#1019,.T.);
#506=PLANE('',#1020);
#507=FACE_OUTER_BOUND('',#1021,.T.);
#508=PLANE('',#1022);
#509=FACE_OUTER_BOUND('',#1023,.T.);
#510=PLANE('',#1024);
#511=FACE_OUTER_BOUND('',#1025,.T.);
#512=PLANE('',#1026);
#513=FACE_OUTER_BOUND('',#1027,.T.);
#514=PLANE('',#1028);
#515=FACE_OUTER_BOUND('',#1029,.T.);
#516=PLANE('',#1030);
#517=FACE_OUTER_BOUND('',#1031,.T.);
#518=PLANE('',#1032);
#519=FACE_OUTER_BOUND('',#1033,.T.);
#520=PLANE('',#1034);
#521=FACE_OUTER_BOUND('',#1035,.T.);
#522=PLANE('',#1036);
#523=FACE_OUTER_BOUND('',#1037,.T.);
#524=PLANE('',#1038);
#525=FACE_OUTER_BOUND('',#1039,.T.);
#526=PLANE('',#1040);
#527=FACE_OUTER_BOUND('',#1041,.T.);
#528=PLANE('',#1042);
#529=FACE_OUTER_BOUND('',#1043,.T.);
#530=PLANE('',#1044);
#531=FACE_OUTER_BOUND('',#1045,.T.);
#532=PLANE('',#1046);
#533=FACE_OUTER_BOUND('',#1047,.T.);
#534=PLANE('',#1048);
#535=FACE_OUTER_BOUND('',#1049,.T.);
#536=PLANE('',#1050);
#537=FACE_OUTER_BOUND('',#1051,.T.);
#538=PLANE('',#1052);
#539=FACE_OUTER_BOUND('',#1053,.T.);
#540=PLANE('',#1054);
#541=FACE_OUTER_BOUND('',#1055,.T.);
#542=PLANE('',#1056);
#543=FACE_OUTER_BOUND('',#1057,.T.);
#544=PLANE('',#1058);
#545=FACE_OUTER_BOUND('',#1059,.T.);
#546=PLANE('',#1060);
#547=FACE_OUTER_BOUND('',#1061,.T.);
#548=PLANE('',#1062);
#549=FACE_OUTER_BOUND('',#1063,.T.);
#550=PLANE('',#1064);
#551=FACE_OUTER_BOUND('',#1065,.T.);
#552=PLANE('',#1066);
#553=FACE_OUTER_BOUND('',#1067,.T.);
#554=PLANE('',#1068);
#555=FACE_OUTER_BOUND('',#1069,.T.);
#556=PLANE('',#1070);
#557=FACE_OUTER_BOUND('',#1071,.T.);
#558=PLANE('',#1072);
#559=FACE_OUTER_BOUND('',#1073,.T.);
#560=PLANE('',#1074);
#561=FACE_OUTER_BOUND('',#1075,.T.);
#562=PLANE('',#1076);
#563=FACE_OUTER_BOUND('',#1077,.T.);
#564=PLANE('',#1078);
#565=FACE_OUTER_BOUND('',#1079,.T.);
#566=PLANE('',#1080);
#567=FACE_OUTER_BOUND('',#1081,.T.);
#568=PLANE('',#1082);
#569=FACE_OUTER_BOUND('',#1083,.T.);
#570=PLANE('',#1084);
#571=FACE_OUTER_BOUND('',#1085,.T.);
#572=PLANE('',#1086);
#573=FACE_OUTER_BOUND('',#1087,.T.);
#574=PLANE('',#1088);
#575=FACE_OUTER_BOUND('',#1089,.T.);
#576=PLANE('',#1090);
#577=FACE_OUTER_BOUND('',#1091,.T.);
#578=PLANE('',#1092);
#579=FACE_OUTER_BOUND('',#1093,.T.);
#580=PLANE('',#1094);
#581=FACE_OUTER_BOUND('',#1095,.T.);
#582=PLANE('',#1096);
#583=FACE_OUTER_BOUND('',#1097,.T.);
#584=PLANE('',#1098);
#585=FACE_OUTER_BOUND('',#1099,.T.);
#586=PLANE('',#1100);
#587=FACE_OUTER_BOUND('',#1101,.T.);
#588=PLANE('',#1102);
#589=FACE_OUTER_BOUND('',#1103,.T.);
#590=PLANE('',#1104);
#591=FACE_OUTER_BOUND('',#1105,.T.);
#592=PLANE('',#1106);
#593=FACE_OUTER_BOUND('',#1107,.T.);
#594=PLANE('',#1108);
#595=FACE_OUTER_BOUND('',#1109,.T.);
#596=PLANE('',#1110);
#597=FACE_OUTER_BOUND('',#1111,.T.);
#598=PLANE('',#1112);
#599=FACE_OUTER_BOUND('',#1113,.T.);
#600=PLANE('',#1114);
#601=FACE_OUTER_BOUND('',#1115,.T.);
#602=PLANE('',#1116);
#603=FACE_OUTER_BOUND('',#1117,.T.);
#604=PLANE('',#1118);
#605=FACE_OUTER_BOUND('',#1119,.T.);
#606=PLANE('',#1120);
#607=FACE_OUTER_BOUND('',#1121,.T.);
#608=PLANE('',#1122);
#609=FACE_OUTER_BOUND('',#1123,.T.);
#610=PLANE('',#1124);
#611=FACE_OUTER_BOUND('',#1125,.T.);
#612=PLANE('',#1126);
#613=FACE_OUTER_BOUND('',#1127,.T.);
#614=PLANE('',#1128);
#615=FACE_OUTER_BOUND('',#1129,.T.);
#616=PLANE('',#1130);
#617=FACE_OUTER_BOUND('',#1131,.T.);
#618=PLANE('',#1132);
#619=FACE_OUTER_BOUND('',#1133,.T.);
#620=PLANE('',#1134);
#621=FACE_OUTER_BOUND('',#1135,.T.);
#622=PLANE('',#1136);
#623=FACE_OUTER_BOUND('',#1137,.T.);
#624=PLANE('',#1138);
#625=FACE_OUTER_BOUND('',#1139,.T.);
#626=PLANE('',#1140);
#627=FACE_OUTER_BOUND('',#1141,.T.);
#628=PLANE('',#1142);
#629=FACE_OUTER_BOUND('',#1143,.T.);
#630=PLANE('',#1144);
#631=FACE_OUTER_BOUND('',#1145,.T.);
#632=PLANE('',#1146);
#633=FACE_OUTER_BOUND('',#1147,.T.);
#634=PLANE('',#1148);
#635=FACE_OUTER_BOUND('',#1149,.T.);
#636=PLANE('',#1150);
#637=FACE_OUTER_BOUND('',#1151,.T.);
#638=PLANE('',#1152);
#639=FACE_OUTER_BOUND('',#1153,.T.);
#640=PLANE('',#1154);
#641=FACE_OUTER_BOUND('',#1155,.T.);
#642=PLANE('',#1156);
#643=FACE_OUTER_BOUND('',#1157,.T.);
#644=PLANE('',#1158);
#645=FACE_OUTER_BOUND('',#1159,.T.);
#646=PLANE('',#1160);
#647=FACE_OUTER_BOUND('',#1161,.T.);
#648=PLANE('',#1162);
#649=FACE_OUTER_BOUND('',#1163,.T.);
#650=PLANE('',#1164);
#651=FACE_OUTER_BOUND('',#1165,.T.);
#652=PLANE('',#1166);
#653=FACE_OUTER_BOUND('',#1167,.T.);
#654=PLANE('',#1168);
#655=FACE_OUTER_BOUND('',#1169,.T.);
#656=PLANE('',#1170);
#657=FACE_OUTER_BOUND('',#1171,.T.);
#658=PLANE('',#1172);
#659=FACE_OUTER_BOUND('',#1173,.T.);
#660=PLANE('',#1174);
#661=FACE_OUTER_BOUND('',#1175,.T.);
#662=PLANE('',#1176);
#663=FACE_OUTER_BOUND('',#1177,.T.);
#664=PLANE('',#1178);
#665=FACE_OUTER_BOUND('',#1179,.T.);
#666=PLANE('',#1180);
#667=FACE_OUTER_BOUND('',#1181,.T.);
#668=PLANE('',#1182);
#669=FACE_OUTER_BOUND('',#1183,.T.);
#670=PLANE('',#1184);
#671=FACE_OUTER_BOUND('',#1185,.T.);
#672=PLANE('',#1186);
#673=FACE_OUTER_BOUND('',#1187,.T.);
#674=PLANE('',#1188);
#675=FACE_OUTER_BOUND('',#1189,.T.);
#676=PLANE('',#1190);
#677=FACE_OUTER_BOUND('',#1191,.T.);
#678=PLANE('',#1192);
#679=FACE_OUTER_BOUND('',#1193,.T.);
#680=PLANE('',#1194);
#681=FACE_OUTER_BOUND('',#1195,.T.);
#682=PLANE('',#1196);
#683=FACE_OUTER_BOUND('',#1197,.T.);
#684=PLANE('',#1198);
#685=FACE_OUTER_BOUND('',#1199,.T.);
#686=PLANE('',#1200);
#687=FACE_OUTER_BOUND('',#1201,.T.);
#688=PLANE('',#1202);
#689=FACE_OUTER_BOUND('',#1203,.T.);
#690=PLANE('',#1204);
#691=FACE_OUTER_BOUND('',#1205,.T.);
#692=PLANE('',#1206);
#693=FACE_OUTER_BOUND('',#1207,.T.);
#694=PLANE('',#1208);
#695=FACE_OUTER_BOUND('',#1209,.T.);
#696=PLANE('',#1210);
#697=FACE_OUTER_BOUND('',#1211,.T.);
#698=PLANE('',#1212);
#699=FACE_OUTER_BOUND('',#1213,.T.);
#700=PLANE('',#1214);
#701=FACE_OUTER_BOUND('',#1215,.T.);
#702=PLANE('',#1216);
#703=FACE_OUTER_BOUND('',#1217,.T.);
#704=PLANE('',#1218);
#705=FACE_OUTER_BOUND('',#1219,.T.);
#706=PLANE('',#1220);
#707=FACE_OUTER_BOUND('',#1221,.T.);
#708=PLANE('',#1222);
#709=FACE_OUTER_BOUND('',#1223,.T.);
#710=PLANE('',#1224);
#711=FACE_OUTER_BOUND('',#1225,.T.);
#712=PLANE('',#1226);
#713=FACE_OUTER_BOUND('',#1227,.T.);
#714=PLANE('',#1228);
#715=FACE_OUTER_BOUND('',#1229,.T.);
#716=PLANE('',#1230);
#717=FACE_OUTER_BOUND('',#1231,.T.);
#718=PLANE('',#1232);
#719=FACE_OUTER_BOUND('',#1233,.T.);
#720=PLANE('',#1234);
#721=FACE_OUTER_BOUND('',#1235,.T.);
#722=PLANE('',#1236);
#723=FACE_OUTER_BOUND('',#1237,.T.);
#724=PLANE('',#1238);
#725=FACE_OUTER_BOUND('',#1239,.T.);
#726=PLANE('',#1240);
#727=FACE_OUTER_BOUND('',#1241,.T.);
#728=PLANE('',#1242);
#729=FACE_OUTER_BOUND('',#1243,.T.);
#730=PLANE('',#1244);
#731=FACE_OUTER_BOUND('',#1245,.T.);
#732=PLANE('',#1246);
#733=FACE_OUTER_BOUND('',#1247,.T.);
#734=PLANE('',#1248);
#735=FACE_OUTER_BOUND('',#1249,.T.);
#736=PLANE('',#1250);
#737=FACE_OUTER_BOUND('',#1251,.T.);
#738=PLANE('',#1252);
#739=FACE_OUTER_BOUND('',#1253,.T.);
#740=PLANE('',#1254);
#741=FACE_OUTER_BOUND('',#1255,.T.);
#742=PLANE('',#1256);
#743=FACE_OUTER_BOUND('',#1257,.T.);
#744=PLANE('',#1258);
#745=FACE_OUTER_BOUND('',#1259,.T.);
#746=PLANE('',#1260);
#747=FACE_OUTER_BOUND('',#1261,.T.);
#748=PLANE('',#1262);
#749=FACE_OUTER_BOUND('',#1263,.T.);
#750=PLANE('',#1264);
#751=FACE_OUTER_BOUND('',#1265,.T.);
#752=PLANE('',#1266);
#753=FACE_OUTER_BOUND('',#1267,.T.);
#754=PLANE('',#1268);
#755=FACE_OUTER_BOUND('',#1269,.T.);
#756=PLANE('',#1270);
#757=FACE_OUTER_BOUND('',#1271,.T.);
#758=PLANE('',#1272);
#759=FACE_OUTER_BOUND('',#1273,.T.);
#760=PLANE('',#1274);
#761=FACE_OUTER_BOUND('',#1275,.T.);
#762=PLANE('',#1276);
#763=FACE_OUTER_BOUND('',#1277,.T.);
#764=PLANE('',#1278);
#765=FACE_OUTER_BOUND('',#1279,.T.);
#766=PLANE('',#1280);
#767=FACE_OUTER_BOUND('',#1281,.T.);
#768=PLANE('',#1282);
#769=FACE_OUTER_BOUND('',#1283,.T.);
#770=PLANE('',#1284);
#771=FACE_OUTER_BOUND('',#1285,.T.);
#772=PLANE('',#1286);
#773=FACE_OUTER_BOUND('',#1287,.T.);
#774=PLANE('',#1288);
#775=FACE_OUTER_BOUND('',#1289,.T.);
#776=PLANE('',#1290);
#777=FACE_OUTER_BOUND('',#1291,.T.);
#778=PLANE('',#1292);
#779=FACE_OUTER_BOUND('',#1293,.T.);
#780=PLANE('',#1294);
#781=FACE_OUTER_BOUND('',#1295,.T.);
#782=PLANE('',#1296);
#783=FACE_OUTER_BOUND('',#1297,.T.);
#784=PLANE('',#1298);
#785=FACE_OUTER_BOUND('',#1299,.T.);
#786=PLANE('',#1300);
#787=FACE_OUTER_BOUND('',#1301,.T.);
#788=PLANE('',#1302);
#789=FACE_OUTER_BOUND('',#1303,.T.);
#790=PLANE('',#1304);
#791=FACE_OUTER_BOUND('',#1305,.T.);
#792=PLANE('',#1306);
#793=FACE_OUTER_BOUND('',#1307,.T.);
#794=PLANE('',#1308);
#795=FACE_OUTER_BOUND('',#1309,.T.);
#796=PLANE('',#1310);
#797=FACE_OUTER_BOUND('',#1311,.T.);
#798=PLANE('',#1312);
#799=FACE_OUTER_BOUND('',#1313,.T.);
#800=PLANE('',#1314);
#801=FACE_OUTER_BOUND('',#1315,.T.);
#802=PLANE('',#1316);
#803=FACE_OUTER_BOUND('',#1317,.T.);
#804=PLANE('',#1318);
#805=FACE_OUTER_BOUND('',#1319,.T.);
#806=PLANE('',#1320);
#807=FACE_OUTER_BOUND('',#1321,.T.);
#808=PLANE('',#1322);
#809=FACE_OUTER_BOUND('',#1323,.T.);
#810=PLANE('',#1324);
#811=FACE_OUTER_BOUND('',#1325,.T.);
#812=PLANE('',#1326);
#813=FACE_OUTER_BOUND('',#1327,.T.);
#814=PLANE('',#1328);
#815=TRIMMED_CURVE('',#1329,(PARAMETER_VALUE(0.0)),(PARAMETER_VALUE(3.1415926535892)),.T.,.UNSPECIFIED.);
#816=TRIMMED_CURVE('',#1330,(PARAMETER_VALUE(0.0)),(PARAMETER_VALUE(3.1415926535892)),.T.,.UNSPECIFIED.);
#817=TRIMMED_CURVE('',#1331,(PARAMETER_VALUE(0.0)),(PARAMETER_VALUE(3.1415926535892)),.T.,.UNSPECIFIED.);
#818=TRIMMED_CURVE('',#1332,(PARAMETER_VALUE(0.0)),(PARAMETER_VALUE(3.1415926535892)),.T.,.UNSPECIFIED.);
#819=TRIMMED_CURVE('',#1333,(PARAMETER_VALUE(0.0)),(PARAMETER_VALUE(3.1415926535892)),.T.,.UNSPECIFIED.);
#820=TRIMMED_CURVE('',#1334,(PARAMETER_VALUE(0.0)),(PARAMETER_VALUE(3.1415926535892)),.T.,.UNSPECIFIED.);
#821=TRIMMED_CURVE('',#1335,(PARAMETER_VALUE(0.0)),(PARAMETER_VALUE(3.1415926535892)),.T.,.UNSPECIFIED.);
#822=TRIMMED_CURVE('',#1336,(PARAMETER_VALUE(0.0)),(PARAMETER_VALUE(3.1415926535892)),.T.,.UNSPECIFIED.);
#823=TRIMMED_CURVE('',#1337,(PARAMETER_VALUE(0.0)),(PARAMETER_VALUE(3.1415926535892)),.T.,.UNSPECIFIED.);
#824=TRIMMED_CURVE('',#1338,(PARAMETER_VALUE(0.0)),(PARAMETER_VALUE(3.1415926535892)),.T.,.UNSPECIFIED.);
#825=TRIMMED_CURVE('',#1339,(PARAMETER_VALUE(0.0)),(PARAMETER_VALUE(3.1415926535892)),.T.,.UNSPECIFIED.);
#826=TRIMMED_CURVE('',#1340,(PARAMETER_VALUE(0.0)),(PARAMETER_VALUE(3.1415926535892)),.T.,.UNSPECIFIED.);
#827=TRIMMED_CURVE('',#1341,(PARAMETER_VALUE(0.0)),(PARAMETER_VALUE(3.1415926535892)),.T.,.UNSPECIFIED.);
#828=TRIMMED_CURVE('',#1342,(PARAMETER_VALUE(0.0)),(PARAMETER_VALUE(3.1415926535892)),.T.,.UNSPECIFIED.);
#829=TRIMMED_CURVE('',#1343,(PARAMETER_VALUE(0.0)),(PARAMETER_VALUE(3.1415926535892)),.T.,.UNSPECIFIED.);
#830=TRIMMED_CURVE('',#1344,(PARAMETER_VALUE(0.0)),(PARAMETER_VALUE(3.1415926535892)),.T.,.UNSPECIFIED.);
#831=TRIMMED_CURVE('',#1345,(PARAMETER_VALUE(0.0)),(PARAMETER_VALUE(3.1415926535892)),.T.,.UNSPECIFIED.);
#832=TRIMMED_CURVE('',#1346,(PARAMETER_VALUE(0.0)),(PARAMETER_VALUE(3.1415926535892)),.T.,.UNSPECIFIED.);
#833=TRIMMED_CURVE('',#1347,(PARAMETER_VALUE(0.0)),(PARAMETER_VALUE(3.1415926535892)),.T.,.UNSPECIFIED.);
#834=TRIMMED_CURVE('',#1348,(PARAMETER_VALUE(0.0)),(PARAMETER_VALUE(3.1415926535892)),.T.,.UNSPECIFIED.);
#835=EDGE_LOOP('',(#1349,#1350,#1351,#1352));
#836=AXIS2_PLACEMENT_3D('',#1353,#1354,#1355);
#837=EDGE_LOOP('',(#1356,#1357,#1358,#1359,#1360,#1361,#1362,#1363,#1364,#1365,#1366,#1367,#1368,#1369,#1370,#1371,#1372,#1373,#1374,#1375,#1376,#1377,#1378,#1379,#1380));
#838=AXIS2_PLACEMENT_3D('',#1381,#1382,#1383);
#839=EDGE_LOOP('',(#1384,#1385,#1386,#1387));
#840=AXIS2_PLACEMENT_3D('',#1388,#1389,#1390);
#841=EDGE_LOOP('',(#1391,#1392,#1393,#1394));
#842=AXIS2_PLACEMENT_3D('',#1395,#1396,#1397);
#843=EDGE_LOOP('',(#1398,#1399,#1400,#1401,#1402,#1403,#1404,#1405,#1406,#1407,#1408,#1409,#1410,#1411,#1412,#1413,#1414,#1415,#1416,#1417,#1418,#1419,#1420,#1421));
#844=AXIS2_PLACEMENT_3D('',#1422,#1423,#1424);
#845=EDGE_LOOP('',(#1425,#1426,#1427,#1428,#1429));
#846=AXIS2_PLACEMENT_3D('',#1430,#1431,#1432);
#847=EDGE_LOOP('',(#1433,#1434,#1435,#1436,#1437,#1438,#1439,#1440,#1441,#1442,#1443,#1444,#1445,#1446,#1447,#1448));
#848=EDGE_LOOP('',(#1449,#1450,#1451,#1452));
#849=EDGE_LOOP('',(#1453,#1454,#1455,#1456));
#850=EDGE_LOOP('',(#1457,#1458,#1459,#1460));
#851=EDGE_LOOP('',(#1461,#1462,#1463,#1464));
#852=EDGE_LOOP('',(#1465,#1466,#1467,#1468));
#853=EDGE_LOOP('',(#1469,#1470,#1471,#1472));
#854=EDGE_LOOP('',(#1473,#1474,#1475,#1476));
#855=EDGE_LOOP('',(#1477,#1478,#1479,#1480));
#856=EDGE_LOOP('',(#1481,#1482,#1483,#1484));
#857=EDGE_LOOP('',(#1485,#1486,#1487,#1488));
#858=AXIS2_PLACEMENT_3D('',#1489,#1490,#1491);
#859=EDGE_LOOP('',(#1492,#1493,#1494,#1495));
#860=AXIS2_PLACEMENT_3D('',#1496,#1497,#1498);
#861=EDGE_LOOP('',(#1499,#1500,#1501,#1502));
#862=AXIS2_PLACEMENT_3D('',#1503,#1504,#1505);
#863=EDGE_LOOP('',(#1506,#1507,#1508,#1509));
#864=AXIS2_PLACEMENT_3D('',#1510,#1511,#1512);
#865=EDGE_LOOP('',(#1513,#1514,#1515,#1516));
#866=AXIS2_PLACEMENT_3D('',#1517,#1518,#1519);
#867=EDGE_LOOP('',(#1520,#1521,#1522,#1523));
#868=AXIS2_PLACEMENT_3D('',#1524,#1525,#1526);
#869=EDGE_LOOP('',(#1527,#1528,#1529,#1530));
#870=AXIS2_PLACEMENT_3D('',#1531,#1532,#1533);
#871=EDGE_LOOP('',(#1534,#1535,#1536,#1537));
#872=AXIS2_PLACEMENT_3D('',#1538,#1539,#1540);
#873=EDGE_LOOP('',(#1541,#1542,#1543,#1544));
#874=AXIS2_PLACEMENT_3D('',#1545,#1546,#1547);
#875=EDGE_LOOP('',(#1548,#1549,#1550,#1551));
#876=AXIS2_PLACEMENT_3D('',#1552,#1553,#1554);
#877=EDGE_LOOP('',(#1555,#1556,#1557,#1558));
#878=AXIS2_PLACEMENT_3D('',#1559,#1560,#1561);
#879=EDGE_LOOP('',(#1562,#1563,#1564,#1565));
#880=AXIS2_PLACEMENT_3D('',#1566,#1567,#1568);
#881=EDGE_LOOP('',(#1569,#1570,#1571,#1572));
#882=AXIS2_PLACEMENT_3D('',#1573,#1574,#1575);
#883=EDGE_LOOP('',(#1576,#1577,#1578,#1579));
#884=AXIS2_PLACEMENT_3D('',#1580,#1581,#1582);
#885=EDGE_LOOP('',(#1583,#1584,#1585,#1586));
#886=AXIS2_PLACEMENT_3D('',#1587,#1588,#1589);
#887=EDGE_LOOP('',(#1590,#1591,#1592,#1593));
#888=AXIS2_PLACEMENT_3D('',#1594,#1595,#1596);
#889=EDGE_LOOP('',(#1597,#1598,#1599,#1600));
#890=AXIS2_PLACEMENT_3D('',#1601,#1602,#1603);
#891=EDGE_LOOP('',(#1604,#1605,#1606,#1607));
#892=AXIS2_PLACEMENT_3D('',#1608,#1609,#1610);
#893=EDGE_LOOP('',(#1611,#1612,#1613,#1614));
#894=AXIS2_PLACEMENT_3D('',#1615,#1616,#1617);
#895=EDGE_LOOP('',(#1618,#1619,#1620,#1621));
#896=EDGE_LOOP('',(#1622,#1623,#1624,#1625));
#897=EDGE_LOOP('',(#1626,#1627,#1628,#1629));
#898=EDGE_LOOP('',(#1630,#1631,#1632,#1633));
#899=EDGE_LOOP('',(#1634,#1635,#1636,#1637));
#900=EDGE_LOOP('',(#1638,#1639,#1640,#1641));
#901=EDGE_LOOP('',(#1642,#1643,#1644,#1645));
#902=EDGE_LOOP('',(#1646,#1647,#1648,#1649));
#903=EDGE_LOOP('',(#1650,#1651,#1652,#1653));
#904=EDGE_LOOP('',(#1654,#1655,#1656,#1657));
#905=EDGE_LOOP('',(#1658,#1659,#1660,#1661));
#906=AXIS2_PLACEMENT_3D('',#1662,#1663,#1664);
#907=EDGE_LOOP('',(#1665,#1666,#1667,#1668));
#908=AXIS2_PLACEMENT_3D('',#1669,#1670,#1671);
#909=EDGE_LOOP('',(#1672,#1673,#1674,#1675));
#910=AXIS2_PLACEMENT_3D('',#1676,#1677,#1678);
#911=EDGE_LOOP('',(#1679,#1680,#1681,#1682,#1683,#1684,#1685,#1686,#1687,#1688,#1689,#1690,#1691,#1692,#1693,#1694,#1695,#1696,#1697,#1698));
#912=AXIS2_PLACEMENT_3D('',#1699,#1700,#1701);
#913=EDGE_LOOP('',(#1702,#1703,#1704,#1705,#1706));
#914=AXIS2_PLACEMENT_3D('',#1707,#1708,#1709);
#915=EDGE_LOOP('',(#1710,#1711,#1712,#1713));
#916=AXIS2_PLACEMENT_3D('',#1714,#1715,#1716);
#917=EDGE_LOOP('',(#1717,#1718,#1719,#1720));
#918=AXIS2_PLACEMENT_3D('',#1721,#1722,#1723);
#919=EDGE_LOOP('',(#1724,#1725,#1726,#1727));
#920=AXIS2_PLACEMENT_3D('',#1728,#1729,#1730);
#921=EDGE_LOOP('',(#1731,#1732,#1733,#1734,#1735));
#922=AXIS2_PLACEMENT_3D('',#1736,#1737,#1738);
#923=EDGE_LOOP('',(#1739,#1740,#1741,#1742));
#924=AXIS2_PLACEMENT_3D('',#1743,#1744,#1745);
#925=EDGE_LOOP('',(#1746,#1747,#1748,#1749));
#926=AXIS2_PLACEMENT_3D('',#1750,#1751,#1752);
#927=EDGE_LOOP('',(#1753,#1754,#1755,#1756));
#928=AXIS2_PLACEMENT_3D('',#1757,#1758,#1759);
#929=EDGE_LOOP('',(#1760,#1761,#1762,#1763));
#930=AXIS2_PLACEMENT_3D('',#1764,#1765,#1766);
#931=EDGE_LOOP('',(#1767,#1768,#1769,#1770));
#932=AXIS2_PLACEMENT_3D('',#1771,#1772,#1773);
#933=EDGE_LOOP('',(#1774,#1775,#1776,#1777));
#934=AXIS2_PLACEMENT_3D('',#1778,#1779,#1780);
#935=EDGE_LOOP('',(#1781,#1782,#1783,#1784,#1785,#1786));
#936=AXIS2_PLACEMENT_3D('',#1787,#1788,#1789);
#937=EDGE_LOOP('',(#1790,#1791,#1792,#1793,#1794));
#938=AXIS2_PLACEMENT_3D('',#1795,#1796,#1797);
#939=EDGE_LOOP('',(#1798,#1799,#1800,#1801));
#940=AXIS2_PLACEMENT_3D('',#1802,#1803,#1804);
#941=EDGE_LOOP('',(#1805,#1806,#1807,#1808));
#942=AXIS2_PLACEMENT_3D('',#1809,#1810,#1811);
#943=EDGE_LOOP('',(#1812,#1813,#1814,#1815,#1816));
#944=AXIS2_PLACEMENT_3D('',#1817,#1818,#1819);
#945=EDGE_LOOP('',(#1820,#1821,#1822,#1823,#1824,#1825));
#946=AXIS2_PLACEMENT_3D('',#1826,#1827,#1828);
#947=EDGE_LOOP('',(#1829,#1830,#1831,#1832));
#948=AXIS2_PLACEMENT_3D('',#1833,#1834,#1835);
#949=EDGE_LOOP('',(#1836,#1837,#1838,#1839));
#950=AXIS2_PLACEMENT_3D('',#1840,#1841,#1842);
#951=EDGE_LOOP('',(#1843,#1844,#1845,#1846));
#952=AXIS2_PLACEMENT_3D('',#1847,#1848,#1849);
#953=EDGE_LOOP('',(#1850,#1851,#1852,#1853));
#954=AXIS2_PLACEMENT_3D('',#1854,#1855,#1856);
#955=EDGE_LOOP('',(#1857,#1858,#1859,#1860));
#956=AXIS2_PLACEMENT_3D('',#1861,#1862,#1863);
#957=EDGE_LOOP('',(#1864,#1865,#1866,#1867,#1868,#1869));
#958=AXIS2_PLACEMENT_3D('',#1870,#1871,#1872);
#959=EDGE_LOOP('',(#1873,#1874,#1875,#1876));
#960=AXIS2_PLACEMENT_3D('',#1877,#1878,#1879);
#961=EDGE_LOOP('',(#1880,#1881,#1882,#1883,#1884,#1885,#1886,#1887,#1888,#1889));
#962=AXIS2_PLACEMENT_3D('',#1890,#1891,#1892);
#963=EDGE_LOOP('',(#1893,#1894,#1895,#1896,#1897,#1898,#1899,#1900));
#964=AXIS2_PLACEMENT_3D('',#1901,#1902,#1903);
#965=EDGE_LOOP('',(#1904,#1905,#1906,#1907));
#966=AXIS2_PLACEMENT_3D('',#1908,#1909,#1910);
#967=EDGE_LOOP('',(#1911,#1912,#1913,#1914));
#968=AXIS2_PLACEMENT_3D('',#1915,#1916,#1917);
#969=EDGE_LOOP('',(#1918,#1919,#1920,#1921));
#970=AXIS2_PLACEMENT_3D('',#1922,#1923,#1924);
#971=EDGE_LOOP('',(#1925,#1926,#1927,#1928,#1929,#1930,#1931,#1932));
#972=AXIS2_PLACEMENT_3D('',#1933,#1934,#1935);
#973=EDGE_LOOP('',(#1936,#1937,#1938,#1939));
#974=AXIS2_PLACEMENT_3D('',#1940,#1941,#1942);
#975=EDGE_LOOP('',(#1943,#1944,#1945,#1946));
#976=AXIS2_PLACEMENT_3D('',#1947,#1948,#1949);
#977=EDGE_LOOP('',(#1950,#1951,#1952,#1953));
#978=AXIS2_PLACEMENT_3D('',#1954,#1955,#1956);
#979=EDGE_LOOP('',(#1957,#1958,#1959,#1960));
#980=AXIS2_PLACEMENT_3D('',#1961,#1962,#1963);
#981=EDGE_LOOP('',(#1964,#1965,#1966,#1967));
#982=AXIS2_PLACEMENT_3D('',#1968,#1969,#1970);
#983=EDGE_LOOP('',(#1971,#1972,#1973,#1974));
#984=AXIS2_PLACEMENT_3D('',#1975,#1976,#1977);
#985=EDGE_LOOP('',(#1978,#1979,#1980,#1981,#1982));
#986=AXIS2_PLACEMENT_3D('',#1983,#1984,#1985);
#987=EDGE_LOOP('',(#1986,#1987,#1988,#1989));
#988=AXIS2_PLACEMENT_3D('',#1990,#1991,#1992);
#989=EDGE_LOOP('',(#1993,#1994,#1995,#1996));
#990=AXIS2_PLACEMENT_3D('',#1997,#1998,#1999);
#991=EDGE_LOOP('',(#2000,#2001,#2002,#2003));
#992=AXIS2_PLACEMENT_3D('',#2004,#2005,#2006);
#993=EDGE_LOOP('',(#2007,#2008,#2009,#2010));
#994=AXIS2_PLACEMENT_3D('',#2011,#2012,#2013);
#995=EDGE_LOOP('',(#2014,#2015,#2016,#2017));
#996=AXIS2_PLACEMENT_3D('',#2018,#2019,#2020);
#997=EDGE_LOOP('',(#2021,#2022,#2023,#2024));
#998=AXIS2_PLACEMENT_3D('',#2025,#2026,#2027);
#999=EDGE_LOOP('',(#2028,#2029,#2030,#2031));
#1000=AXIS2_PLACEMENT_3D('',#2032,#2033,#2034);
#1001=EDGE_LOOP('',(#2035,#2036,#2037,#2038));
#1002=AXIS2_PLACEMENT_3D('',#2039,#2040,#2041);
#1003=EDGE_LOOP('',(#2042,#2043,#2044,#2045));
#1004=AXIS2_PLACEMENT_3D('',#2046,#2047,#2048);
#1005=EDGE_LOOP('',(#2049,#2050,#2051,#2052));
#1006=AXIS2_PLACEMENT_3D('',#2053,#2054,#2055);
#1007=EDGE_LOOP('',(#2056,#2057,#2058,#2059));
#1008=AXIS2_PLACEMENT_3D('',#2060,#2061,#2062);
#1009=EDGE_LOOP('',(#2063,#2064,#2065,#2066));
#1010=AXIS2_PLACEMENT_3D('',#2067,#2068,#2069);
#1011=EDGE_LOOP('',(#2070,#2071,#2072,#2073));
#1012=AXIS2_PLACEMENT_3D('',#2074,#2075,#2076);
#1013=EDGE_LOOP('',(#2077,#2078,#2079,#2080));
#1014=AXIS2_PLACEMENT_3D('',#2081,#2082,#2083);
#1015=EDGE_LOOP('',(#2084,#2085,#2086,#2087));
#1016=AXIS2_PLACEMENT_3D('',#2088,#2089,#2090);
#1017=EDGE_LOOP('',(#2091,#2092,#2093,#2094));
#1018=AXIS2_PLACEMENT_3D('',#2095,#2096,#2097);
#1019=EDGE_LOOP('',(#2098,#2099,#2100,#2101));
#1020=AXIS2_PLACEMENT_3D('',#2102,#2103,#2104);
#1021=EDGE_LOOP('',(#2105,#2106,#2107,#2108));
#1022=AXIS2_PLACEMENT_3D('',#2109,#2110,#2111);
#1023=EDGE_LOOP('',(#2112,#2113,#2114,#2115));
#1024=AXIS2_PLACEMENT_3D('',#2116,#2117,#2118);
#1025=EDGE_LOOP('',(#2119,#2120,#2121,#2122));
#1026=AXIS2_PLACEMENT_3D('',#2123,#2124,#2125);
#1027=EDGE_LOOP('',(#2126,#2127,#2128,#2129));
#1028=AXIS2_PLACEMENT_3D('',#2130,#2131,#2132);
#1029=EDGE_LOOP('',(#2133,#2134,#2135,#2136));
#1030=AXIS2_PLACEMENT_3D('',#2137,#2138,#2139);
#1031=EDGE_LOOP('',(#2140,#2141,#2142,#2143));
#1032=AXIS2_PLACEMENT_3D('',#2144,#2145,#2146);
#1033=EDGE_LOOP('',(#2147,#2148,#2149,#2150));
#1034=AXIS2_PLACEMENT_3D('',#2151,#2152,#2153);
#1035=EDGE_LOOP('',(#2154,#2155,#2156,#2157));
#1036=AXIS2_PLACEMENT_3D('',#2158,#2159,#2160);
#1037=EDGE_LOOP('',(#2161,#2162,#2163,#2164));
#1038=AXIS2_PLACEMENT_3D('',#2165,#2166,#2167);
#1039=EDGE_LOOP('',(#2168,#2169,#2170,#2171));
#1040=AXIS2_PLACEMENT_3D('',#2172,#2173,#2174);
#1041=EDGE_LOOP('',(#2175,#2176,#2177,#2178));
#1042=AXIS2_PLACEMENT_3D('',#2179,#2180,#2181);
#1043=EDGE_LOOP('',(#2182,#2183,#2184,#2185));
#1044=AXIS2_PLACEMENT_3D('',#2186,#2187,#2188);
#1045=EDGE_LOOP('',(#2189,#2190,#2191,#2192));
#1046=AXIS2_PLACEMENT_3D('',#2193,#2194,#2195);
#1047=EDGE_LOOP('',(#2196,#2197,#2198,#2199));
#1048=AXIS2_PLACEMENT_3D('',#2200,#2201,#2202);
#1049=EDGE_LOOP('',(#2203,#2204,#2205,#2206));
#1050=AXIS2_PLACEMENT_3D('',#2207,#2208,#2209);
#1051=EDGE_LOOP('',(#2210,#2211,#2212,#2213));
#1052=AXIS2_PLACEMENT_3D('',#2214,#2215,#2216);
#1053=EDGE_LOOP('',(#2217,#2218,#2219,#2220));
#1054=AXIS2_PLACEMENT_3D('',#2221,#2222,#2223);
#1055=EDGE_LOOP('',(#2224,#2225,#2226,#2227));
#1056=AXIS2_PLACEMENT_3D('',#2228,#2229,#2230);
#1057=EDGE_LOOP('',(#2231,#2232,#2233,#2234));
#1058=AXIS2_PLACEMENT_3D('',#2235,#2236,#2237);
#1059=EDGE_LOOP('',(#2238,#2239,#2240,#2241));
#1060=AXIS2_PLACEMENT_3D('',#2242,#2243,#2244);
#1061=EDGE_LOOP('',(#2245,#2246,#2247,#2248));
#1062=AXIS2_PLACEMENT_3D('',#2249,#2250,#2251);
#1063=EDGE_LOOP('',(#2252,#2253,#2254,#2255));
#1064=AXIS2_PLACEMENT_3D('',#2256,#2257,#2258);
#1065=EDGE_LOOP('',(#2259,#2260,#2261,#2262));
#1066=AXIS2_PLACEMENT_3D('',#2263,#2264,#2265);
#1067=EDGE_LOOP('',(#2266,#2267,#2268,#2269));
#1068=AXIS2_PLACEMENT_3D('',#2270,#2271,#2272);
#1069=EDGE_LOOP('',(#2273,#2274,#2275,#2276));
#1070=AXIS2_PLACEMENT_3D('',#2277,#2278,#2279);
#1071=EDGE_LOOP('',(#2280,#2281,#2282,#2283));
#1072=AXIS2_PLACEMENT_3D('',#2284,#2285,#2286);
#1073=EDGE_LOOP('',(#2287,#2288,#2289,#2290));
#1074=AXIS2_PLACEMENT_3D('',#2291,#2292,#2293);
#1075=EDGE_LOOP('',(#2294,#2295,#2296,#2297));
#1076=AXIS2_PLACEMENT_3D('',#2298,#2299,#2300);
#1077=EDGE_LOOP('',(#2301,#2302,#2303,#2304));
#1078=AXIS2_PLACEMENT_3D('',#2305,#2306,#2307);
#1079=EDGE_LOOP('',(#2308,#2309,#2310,#2311));
#1080=AXIS2_PLACEMENT_3D('',#2312,#2313,#2314);
#1081=EDGE_LOOP('',(#2315,#2316,#2317,#2318));
#1082=AXIS2_PLACEMENT_3D('',#2319,#2320,#2321);
#1083=EDGE_LOOP('',(#2322,#2323,#2324,#2325));
#1084=AXIS2_PLACEMENT_3D('',#2326,#2327,#2328);
#1085=EDGE_LOOP('',(#2329,#2330,#2331,#2332));
#1086=AXIS2_PLACEMENT_3D('',#2333,#2334,#2335);
#1087=EDGE_LOOP('',(#2336,#2337,#2338,#2339));
#1088=AXIS2_PLACEMENT_3D('',#2340,#2341,#2342);
#1089=EDGE_LOOP('',(#2343,#2344,#2345,#2346));
#1090=AXIS2_PLACEMENT_3D('',#2347,#2348,#2349);
#1091=EDGE_LOOP('',(#2350,#2351,#2352,#2353));
#1092=AXIS2_PLACEMENT_3D('',#2354,#2355,#2356);
#1093=EDGE_LOOP('',(#2357,#2358,#2359,#2360));
#1094=AXIS2_PLACEMENT_3D('',#2361,#2362,#2363);
#1095=EDGE_LOOP('',(#2364,#2365,#2366,#2367));
#1096=AXIS2_PLACEMENT_3D('',#2368,#2369,#2370);
#1097=EDGE_LOOP('',(#2371,#2372,#2373,#2374));
#1098=AXIS2_PLACEMENT_3D('',#2375,#2376,#2377);
#1099=EDGE_LOOP('',(#2378,#2379,#2380,#2381));
#1100=AXIS2_PLACEMENT_3D('',#2382,#2383,#2384);
#1101=EDGE_LOOP('',(#2385,#2386,#2387,#2388));
#1102=AXIS2_PLACEMENT_3D('',#2389,#2390,#2391);
#1103=EDGE_LOOP('',(#2392,#2393,#2394,#2395));
#1104=AXIS2_PLACEMENT_3D('',#2396,#2397,#2398);
#1105=EDGE_LOOP('',(#2399,#2400,#2401,#2402));
#1106=AXIS2_PLACEMENT_3D('',#2403,#2404,#2405);
#1107=EDGE_LOOP('',(#2406,#2407,#2408,#2409));
#1108=AXIS2_PLACEMENT_3D('',#2410,#2411,#2412);
#1109=EDGE_LOOP('',(#2413,#2414,#2415,#2416));
#1110=AXIS2_PLACEMENT_3D('',#2417,#2418,#2419);
#1111=EDGE_LOOP('',(#2420,#2421,#2422,#2423));
#1112=AXIS2_PLACEMENT_3D('',#2424,#2425,#2426);
#1113=EDGE_LOOP('',(#2427,#2428,#2429,#2430));
#1114=AXIS2_PLACEMENT_3D('',#2431,#2432,#2433);
#1115=EDGE_LOOP('',(#2434,#2435,#2436,#2437));
#1116=AXIS2_PLACEMENT_3D('',#2438,#2439,#2440);
#1117=EDGE_LOOP('',(#2441,#2442,#2443,#2444));
#1118=AXIS2_PLACEMENT_3D('',#2445,#2446,#2447);
#1119=EDGE_LOOP('',(#2448,#2449,#2450,#2451));
#1120=AXIS2_PLACEMENT_3D('',#2452,#2453,#2454);
#1121=EDGE_LOOP('',(#2455,#2456,#2457,#2458));
#1122=AXIS2_PLACEMENT_3D('',#2459,#2460,#2461);
#1123=EDGE_LOOP('',(#2462,#2463,#2464,#2465));
#1124=AXIS2_PLACEMENT_3D('',#2466,#2467,#2468);
#1125=EDGE_LOOP('',(#2469,#2470,#2471,#2472));
#1126=AXIS2_PLACEMENT_3D('',#2473,#2474,#2475);
#1127=EDGE_LOOP('',(#2476,#2477,#2478,#2479));
#1128=AXIS2_PLACEMENT_3D('',#2480,#2481,#2482);
#1129=EDGE_LOOP('',(#2483,#2484,#2485,#2486));
#1130=AXIS2_PLACEMENT_3D('',#2487,#2488,#2489);
#1131=EDGE_LOOP('',(#2490,#2491,#2492,#2493));
#1132=AXIS2_PLACEMENT_3D('',#2494,#2495,#2496);
#1133=EDGE_LOOP('',(#2497,#2498,#2499,#2500));
#1134=AXIS2_PLACEMENT_3D('',#2501,#2502,#2503);
#1135=EDGE_LOOP('',(#2504,#2505,#2506,#2507));
#1136=AXIS2_PLACEMENT_3D('',#2508,#2509,#2510);
#1137=EDGE_LOOP('',(#2511,#2512,#2513,#2514));
#1138=AXIS2_PLACEMENT_3D('',#2515,#2516,#2517);
#1139=EDGE_LOOP('',(#2518,#2519,#2520,#2521));
#1140=AXIS2_PLACEMENT_3D('',#2522,#2523,#2524);
#1141=EDGE_LOOP('',(#2525,#2526,#2527,#2528));
#1142=AXIS2_PLACEMENT_3D('',#2529,#2530,#2531);
#1143=EDGE_LOOP('',(#2532,#2533,#2534,#2535));
#1144=AXIS2_PLACEMENT_3D('',#2536,#2537,#2538);
#1145=EDGE_LOOP('',(#2539,#2540,#2541,#2542));
#1146=AXIS2_PLACEMENT_3D('',#2543,#2544,#2545);
#1147=EDGE_LOOP('',(#2546,#2547,#2548,#2549));
#1148=AXIS2_PLACEMENT_3D('',#2550,#2551,#2552);
#1149=EDGE_LOOP('',(#2553,#2554,#2555,#2556));
#1150=AXIS2_PLACEMENT_3D('',#2557,#2558,#2559);
#1151=EDGE_LOOP('',(#2560,#2561,#2562,#2563));
#1152=AXIS2_PLACEMENT_3D('',#2564,#2565,#2566);
#1153=EDGE_LOOP('',(#2567,#2568,#2569,#2570));
#1154=AXIS2_PLACEMENT_3D('',#2571,#2572,#2573);
#1155=EDGE_LOOP('',(#2574,#2575,#2576,#2577));
#1156=AXIS2_PLACEMENT_3D('',#2578,#2579,#2580);
#1157=EDGE_LOOP('',(#2581,#2582,#2583,#2584));
#1158=AXIS2_PLACEMENT_3D('',#2585,#2586,#2587);
#1159=EDGE_LOOP('',(#2588,#2589,#2590,#2591));
#1160=AXIS2_PLACEMENT_3D('',#2592,#2593,#2594);
#1161=EDGE_LOOP('',(#2595,#2596,#2597,#2598));
#1162=AXIS2_PLACEMENT_3D('',#2599,#2600,#2601);
#1163=EDGE_LOOP('',(#2602,#2603,#2604,#2605));
#1164=AXIS2_PLACEMENT_3D('',#2606,#2607,#2608);
#1165=EDGE_LOOP('',(#2609,#2610,#2611,#2612));
#1166=AXIS2_PLACEMENT_3D('',#2613,#2614,#2615);
#1167=EDGE_LOOP('',(#2616,#2617,#2618,#2619));
#1168=AXIS2_PLACEMENT_3D('',#2620,#2621,#2622);
#1169=EDGE_LOOP('',(#2623,#2624,#2625,#2626));
#1170=AXIS2_PLACEMENT_3D('',#2627,#2628,#2629);
#1171=EDGE_LOOP('',(#2630,#2631,#2632,#2633));
#1172=AXIS2_PLACEMENT_3D('',#2634,#2635,#2636);
#1173=EDGE_LOOP('',(#2637,#2638,#2639,#2640));
#1174=AXIS2_PLACEMENT_3D('',#2641,#2642,#2643);
#1175=EDGE_LOOP('',(#2644,#2645,#2646,#2647));
#1176=AXIS2_PLACEMENT_3D('',#2648,#2649,#2650);
#1177=EDGE_LOOP('',(#2651,#2652,#2653,#2654));
#1178=AXIS2_PLACEMENT_3D('',#2655,#2656,#2657);
#1179=EDGE_LOOP('',(#2658,#2659,#2660,#2661));
#1180=AXIS2_PLACEMENT_3D('',#2662,#2663,#2664);
#1181=EDGE_LOOP('',(#2665,#2666,#2667,#2668));
#1182=AXIS2_PLACEMENT_3D('',#2669,#2670,#2671);
#1183=EDGE_LOOP('',(#2672,#2673,#2674,#2675));
#1184=AXIS2_PLACEMENT_3D('',#2676,#2677,#2678);
#1185=EDGE_LOOP('',(#2679,#2680,#2681,#2682));
#1186=AXIS2_PLACEMENT_3D('',#2683,#2684,#2685);
#1187=EDGE_LOOP('',(#2686,#2687,#2688,#2689));
#1188=AXIS2_PLACEMENT_3D('',#2690,#2691,#2692);
#1189=EDGE_LOOP('',(#2693,#2694,#2695,#2696));
#1190=AXIS2_PLACEMENT_3D('',#2697,#2698,#2699);
#1191=EDGE_LOOP('',(#2700,#2701,#2702,#2703));
#1192=AXIS2_PLACEMENT_3D('',#2704,#2705,#2706);
#1193=EDGE_LOOP('',(#2707,#2708,#2709,#2710));
#1194=AXIS2_PLACEMENT_3D('',#2711,#2712,#2713);
#1195=EDGE_LOOP('',(#2714,#2715,#2716,#2717));
#1196=AXIS2_PLACEMENT_3D('',#2718,#2719,#2720);
#1197=EDGE_LOOP('',(#2721,#2722,#2723,#2724));
#1198=AXIS2_PLACEMENT_3D('',#2725,#2726,#2727);
#1199=EDGE_LOOP('',(#2728,#2729,#2730,#2731));
#1200=AXIS2_PLACEMENT_3D('',#2732,#2733,#2734);
#1201=EDGE_LOOP('',(#2735,#2736,#2737,#2738));
#1202=AXIS2_PLACEMENT_3D('',#2739,#2740,#2741);
#1203=EDGE_LOOP('',(#2742,#2743,#2744,#2745));
#1204=AXIS2_PLACEMENT_3D('',#2746,#2747,#2748);
#1205=EDGE_LOOP('',(#2749,#2750,#2751,#2752));
#1206=AXIS2_PLACEMENT_3D('',#2753,#2754,#2755);
#1207=EDGE_LOOP('',(#2756,#2757,#2758,#2759));
#1208=AXIS2_PLACEMENT_3D('',#2760,#2761,#2762);
#1209=EDGE_LOOP('',(#2763,#2764,#2765,#2766));
#1210=AXIS2_PLACEMENT_3D('',#2767,#2768,#2769);
#1211=EDGE_LOOP('',(#2770,#2771,#2772,#2773));
#1212=AXIS2_PLACEMENT_3D('',#2774,#2775,#2776);
#1213=EDGE_LOOP('',(#2777,#2778,#2779,#2780));
#1214=AXIS2_PLACEMENT_3D('',#2781,#2782,#2783);
#1215=EDGE_LOOP('',(#2784,#2785,#2786,#2787));
#1216=AXIS2_PLACEMENT_3D('',#2788,#2789,#2790);
#1217=EDGE_LOOP('',(#2791,#2792,#2793,#2794));
#1218=AXIS2_PLACEMENT_3D('',#2795,#2796,#2797);
#1219=EDGE_LOOP('',(#2798,#2799,#2800,#2801));
#1220=AXIS2_PLACEMENT_3D('',#2802,#2803,#2804);
#1221=EDGE_LOOP('',(#2805,#2806,#2807,#2808));
#1222=AXIS2_PLACEMENT_3D('',#2809,#2810,#2811);
#1223=EDGE_LOOP('',(#2812,#2813,#2814,#2815));
#1224=AXIS2_PLACEMENT_3D('',#2816,#2817,#2818);
#1225=EDGE_LOOP('',(#2819,#2820,#2821,#2822));
#1226=AXIS2_PLACEMENT_3D('',#2823,#2824,#2825);
#1227=EDGE_LOOP('',(#2826,#2827,#2828,#2829));
#1228=AXIS2_PLACEMENT_3D('',#2830,#2831,#2832);
#1229=EDGE_LOOP('',(#2833,#2834,#2835,#2836));
#1230=AXIS2_PLACEMENT_3D('',#2837,#2838,#2839);
#1231=EDGE_LOOP('',(#2840,#2841,#2842,#2843));
#1232=AXIS2_PLACEMENT_3D('',#2844,#2845,#2846);
#1233=EDGE_LOOP('',(#2847,#2848,#2849,#2850));
#1234=AXIS2_PLACEMENT_3D('',#2851,#2852,#2853);
#1235=EDGE_LOOP('',(#2854,#2855,#2856,#2857));
#1236=AXIS2_PLACEMENT_3D('',#2858,#2859,#2860);
#1237=EDGE_LOOP('',(#2861,#2862,#2863,#2864));
#1238=AXIS2_PLACEMENT_3D('',#2865,#2866,#2867);
#1239=EDGE_LOOP('',(#2868,#2869,#2870,#2871));
#1240=AXIS2_PLACEMENT_3D('',#2872,#2873,#2874);
#1241=EDGE_LOOP('',(#2875,#2876,#2877,#2878));
#1242=AXIS2_PLACEMENT_3D('',#2879,#2880,#2881);
#1243=EDGE_LOOP('',(#2882,#2883,#2884,#2885));
#1244=AXIS2_PLACEMENT_3D('',#2886,#2887,#2888);
#1245=EDGE_LOOP('',(#2889,#2890,#2891,#2892));
#1246=AXIS2_PLACEMENT_3D('',#2893,#2894,#2895);
#1247=EDGE_LOOP('',(#2896,#2897,#2898,#2899));
#1248=AXIS2_PLACEMENT_3D('',#2900,#2901,#2902);
#1249=EDGE_LOOP('',(#2903,#2904,#2905,#2906));
#1250=AXIS2_PLACEMENT_3D('',#2907,#2908,#2909);
#1251=EDGE_LOOP('',(#2910,#2911,#2912,#2913));
#1252=AXIS2_PLACEMENT_3D('',#2914,#2915,#2916);
#1253=EDGE_LOOP('',(#2917,#2918,#2919,#2920));
#1254=AXIS2_PLACEMENT_3D('',#2921,#2922,#2923);
#1255=EDGE_LOOP('',(#2924,#2925,#2926,#2927));
#1256=AXIS2_PLACEMENT_3D('',#2928,#2929,#2930);
#1257=EDGE_LOOP('',(#2931,#2932,#2933,#2934));
#1258=AXIS2_PLACEMENT_3D('',#2935,#2936,#2937);
#1259=EDGE_LOOP('',(#2938,#2939,#2940,#2941));
#1260=AXIS2_PLACEMENT_3D('',#2942,#2943,#2944);
#1261=EDGE_LOOP('',(#2945,#2946,#2947,#2948));
#1262=AXIS2_PLACEMENT_3D('',#2949,#2950,#2951);
#1263=EDGE_LOOP('',(#2952,#2953,#2954,#2955));
#1264=AXIS2_PLACEMENT_3D('',#2956,#2957,#2958);
#1265=EDGE_LOOP('',(#2959,#2960,#2961,#2962));
#1266=AXIS2_PLACEMENT_3D('',#2963,#2964,#2965);
#1267=EDGE_LOOP('',(#2966,#2967,#2968,#2969));
#1268=AXIS2_PLACEMENT_3D('',#2970,#2971,#2972);
#1269=EDGE_LOOP('',(#2973,#2974,#2975,#2976));
#1270=AXIS2_PLACEMENT_3D('',#2977,#2978,#2979);
#1271=EDGE_LOOP('',(#2980,#2981,#2982,#2983));
#1272=AXIS2_PLACEMENT_3D('',#2984,#2985,#2986);
#1273=EDGE_LOOP('',(#2987,#2988,#2989,#2990));
#1274=AXIS2_PLACEMENT_3D('',#2991,#2992,#2993);
#1275=EDGE_LOOP('',(#2994,#2995,#2996,#2997));
#1276=AXIS2_PLACEMENT_3D('',#2998,#2999,#3000);
#1277=EDGE_LOOP('',(#3001,#3002,#3003,#3004));
#1278=AXIS2_PLACEMENT_3D('',#3005,#3006,#3007);
#1279=EDGE_LOOP('',(#3008,#3009,#3010,#3011));
#1280=AXIS2_PLACEMENT_3D('',#3012,#3013,#3014);
#1281=EDGE_LOOP('',(#3015,#3016,#3017,#3018));
#1282=AXIS2_PLACEMENT_3D('',#3019,#3020,#3021);
#1283=EDGE_LOOP('',(#3022,#3023,#3024,#3025));
#1284=AXIS2_PLACEMENT_3D('',#3026,#3027,#3028);
#1285=EDGE_LOOP('',(#3029,#3030,#3031,#3032));
#1286=AXIS2_PLACEMENT_3D('',#3033,#3034,#3035);
#1287=EDGE_LOOP('',(#3036,#3037,#3038,#3039));
#1288=AXIS2_PLACEMENT_3D('',#3040,#3041,#3042);
#1289=EDGE_LOOP('',(#3043,#3044,#3045,#3046));
#1290=AXIS2_PLACEMENT_3D('',#3047,#3048,#3049);
#1291=EDGE_LOOP('',(#3050,#3051,#3052,#3053));
#1292=AXIS2_PLACEMENT_3D('',#3054,#3055,#3056);
#1293=EDGE_LOOP('',(#3057,#3058,#3059,#3060));
#1294=AXIS2_PLACEMENT_3D('',#3061,#3062,#3063);
#1295=EDGE_LOOP('',(#3064,#3065,#3066,#3067));
#1296=AXIS2_PLACEMENT_3D('',#3068,#3069,#3070);
#1297=EDGE_LOOP('',(#3071,#3072,#3073,#3074));
#1298=AXIS2_PLACEMENT_3D('',#3075,#3076,#3077);
#1299=EDGE_LOOP('',(#3078,#3079,#3080,#3081));
#1300=AXIS2_PLACEMENT_3D('',#3082,#3083,#3084);
#1301=EDGE_LOOP('',(#3085,#3086,#3087,#3088));
#1302=AXIS2_PLACEMENT_3D('',#3089,#3090,#3091);
#1303=EDGE_LOOP('',(#3092,#3093,#3094,#3095));
#1304=AXIS2_PLACEMENT_3D('',#3096,#3097,#3098);
#1305=EDGE_LOOP('',(#3099,#3100,#3101,#3102));
#1306=AXIS2_PLACEMENT_3D('',#3103,#3104,#3105);
#1307=EDGE_LOOP('',(#3106,#3107,#3108,#3109));
#1308=AXIS2_PLACEMENT_3D('',#3110,#3111,#3112);
#1309=EDGE_LOOP('',(#3113,#3114,#3115,#3116));
#1310=AXIS2_PLACEMENT_3D('',#3117,#3118,#3119);
#1311=EDGE_LOOP('',(#3120,#3121,#3122,#3123));
#1312=AXIS2_PLACEMENT_3D('',#3124,#3125,#3126);
#1313=EDGE_LOOP('',(#3127,#3128,#3129,#3130));
#1314=AXIS2_PLACEMENT_3D('',#3131,#3132,#3133);
#1315=EDGE_LOOP('',(#3134,#3135,#3136,#3137));
#1316=AXIS2_PLACEMENT_3D('',#3138,#3139,#3140);
#1317=EDGE_LOOP('',(#3141,#3142,#3143,#3144));
#1318=AXIS2_PLACEMENT_3D('',#3145,#3146,#3147);
#1319=EDGE_LOOP('',(#3148,#3149,#3150,#3151));
#1320=AXIS2_PLACEMENT_3D('',#3152,#3153,#3154);
#1321=EDGE_LOOP('',(#3155,#3156,#3157,#3158));
#1322=AXIS2_PLACEMENT_3D('',#3159,#3160,#3161);
#1323=EDGE_LOOP('',(#3162,#3163,#3164,#3165));
#1324=AXIS2_PLACEMENT_3D('',#3166,#3167,#3168);
#1325=EDGE_LOOP('',(#3169,#3170,#3171));
#1326=AXIS2_PLACEMENT_3D('',#3172,#3173,#3174);
#1327=EDGE_LOOP('',(#3175,#3176,#3177,#3178));
#1328=AXIS2_PLACEMENT_3D('',#3179,#3180,#3181);
#1329=CIRCLE('',#3182,0.5461);
#1330=CIRCLE('',#3183,0.5461);
#1331=CIRCLE('',#3184,0.5461);
#1332=CIRCLE('',#3185,0.5461);
#1333=CIRCLE('',#3186,0.5461);
#1334=CIRCLE('',#3187,0.5461);
#1335=CIRCLE('',#3188,0.5461);
#1336=CIRCLE('',#3189,0.5461);
#1337=CIRCLE('',#3190,0.5461);
#1338=CIRCLE('',#3191,0.5461);
#1339=CIRCLE('',#3192,0.5461);
#1340=CIRCLE('',#3193,0.5461);
#1341=CIRCLE('',#3194,0.5461);
#1342=CIRCLE('',#3195,0.5461);
#1343=CIRCLE('',#3196,0.5461);
#1344=CIRCLE('',#3197,0.5461);
#1345=CIRCLE('',#3198,0.5461);
#1346=CIRCLE('',#3199,0.5461);
#1347=CIRCLE('',#3200,0.5461);
#1348=CIRCLE('',#3201,0.5461);
#1349=ORIENTED_EDGE('',*,*,#3202,.F.);
#1350=ORIENTED_EDGE('',*,*,#3203,.F.);
#1351=ORIENTED_EDGE('',*,*,#3204,.F.);
#1352=ORIENTED_EDGE('',*,*,#3205,.T.);
#1353=CARTESIAN_POINT('',(-13.97,0.0,0.0));
#1354=DIRECTION('',(1.0,0.0,0.0));
#1355=DIRECTION('',(0.0,1.0,0.0));
#1356=ORIENTED_EDGE('',*,*,#3206,.F.);
#1357=ORIENTED_EDGE('',*,*,#3207,.F.);
#1358=ORIENTED_EDGE('',*,*,#3208,.F.);
#1359=ORIENTED_EDGE('',*,*,#3209,.T.);
#1360=ORIENTED_EDGE('',*,*,#3210,.T.);
#1361=ORIENTED_EDGE('',*,*,#3211,.T.);
#1362=ORIENTED_EDGE('',*,*,#3212,.F.);
#1363=ORIENTED_EDGE('',*,*,#3213,.T.);
#1364=ORIENTED_EDGE('',*,*,#3214,.T.);
#1365=ORIENTED_EDGE('',*,*,#3215,.T.);
#1366=ORIENTED_EDGE('',*,*,#3216,.F.);
#1367=ORIENTED_EDGE('',*,*,#3205,.F.);
#1368=ORIENTED_EDGE('',*,*,#3217,.T.);
#1369=ORIENTED_EDGE('',*,*,#3218,.T.);
#1370=ORIENTED_EDGE('',*,*,#3219,.T.);
#1371=ORIENTED_EDGE('',*,*,#3220,.T.);
#1372=ORIENTED_EDGE('',*,*,#3221,.T.);
#1373=ORIENTED_EDGE('',*,*,#3222,.T.);
#1374=ORIENTED_EDGE('',*,*,#3223,.F.);
#1375=ORIENTED_EDGE('',*,*,#3224,.T.);
#1376=ORIENTED_EDGE('',*,*,#3225,.T.);
#1377=ORIENTED_EDGE('',*,*,#3226,.F.);
#1378=ORIENTED_EDGE('',*,*,#3227,.F.);
#1379=ORIENTED_EDGE('',*,*,#3228,.F.);
#1380=ORIENTED_EDGE('',*,*,#3229,.F.);
#1381=CARTESIAN_POINT('',(-13.97,2.54,-7.62));
#1382=DIRECTION('',(-0.0,1.0,0.0));
#1383=DIRECTION('',(1.0,0.0,0.0));
#1384=ORIENTED_EDGE('',*,*,#3230,.T.);
#1385=ORIENTED_EDGE('',*,*,#3231,.F.);
#1386=ORIENTED_EDGE('',*,*,#3232,.T.);
#1387=ORIENTED_EDGE('',*,*,#3229,.T.);
#1388=CARTESIAN_POINT('',(13.2588,2.54,3.81));
#1389=DIRECTION('',(0.928476690885266,0.0,-0.371390676354087));
#1390=DIRECTION('',(0.0,-1.0,0.0));
#1391=ORIENTED_EDGE('',*,*,#3233,.T.);
#1392=ORIENTED_EDGE('',*,*,#3234,.T.);
#1393=ORIENTED_EDGE('',*,*,#3235,.T.);
#1394=ORIENTED_EDGE('',*,*,#3236,.F.);
#1395=CARTESIAN_POINT('',(-13.97,4.064,3.81));
#1396=DIRECTION('',(0.0,0.0,1.0));
#1397=DIRECTION('',(1.0,0.0,0.0));
#1398=ORIENTED_EDGE('',*,*,#3237,.T.);
#1399=ORIENTED_EDGE('',*,*,#3227,.T.);
#1400=ORIENTED_EDGE('',*,*,#3238,.F.);
#1401=ORIENTED_EDGE('',*,*,#3239,.F.);
#1402=ORIENTED_EDGE('',*,*,#3240,.T.);
#1403=ORIENTED_EDGE('',*,*,#3217,.F.);
#1404=ORIENTED_EDGE('',*,*,#3204,.T.);
#1405=ORIENTED_EDGE('',*,*,#3241,.T.);
#1406=ORIENTED_EDGE('',*,*,#3242,.T.);
#1407=ORIENTED_EDGE('',*,*,#3243,.T.);
#1408=ORIENTED_EDGE('',*,*,#3244,.T.);
#1409=ORIENTED_EDGE('',*,*,#3245,.T.);
#1410=ORIENTED_EDGE('',*,*,#3246,.T.);
#1411=ORIENTED_EDGE('',*,*,#3247,.T.);
#1412=ORIENTED_EDGE('',*,*,#3248,.T.);
#1413=ORIENTED_EDGE('',*,*,#3249,.T.);
#1414=ORIENTED_EDGE('',*,*,#3250,.T.);
#1415=ORIENTED_EDGE('',*,*,#3251,.T.);
#1416=ORIENTED_EDGE('',*,*,#3252,.F.);
#1417=ORIENTED_EDGE('',*,*,#3253,.T.);
#1418=ORIENTED_EDGE('',*,*,#3254,.F.);
#1419=ORIENTED_EDGE('',*,*,#3206,.T.);
#1420=ORIENTED_EDGE('',*,*,#3232,.F.);
#1421=ORIENTED_EDGE('',*,*,#3255,.F.);
#1422=CARTESIAN_POINT('',(-13.97,4.064,3.81));
#1423=DIRECTION('',(0.0,0.0,1.0));
#1424=DIRECTION('',(1.0,0.0,0.0));
#1425=ORIENTED_EDGE('',*,*,#3256,.F.);
#1426=ORIENTED_EDGE('',*,*,#3236,.T.);
#1427=ORIENTED_EDGE('',*,*,#3257,.T.);
#1428=ORIENTED_EDGE('',*,*,#3258,.F.);
#1429=ORIENTED_EDGE('',*,*,#3259,.T.);
#1430=CARTESIAN_POINT('',(-9.525,-1.524,3.81));
#1431=DIRECTION('',(-1.0,0.0,0.0));
#1432=DIRECTION('',(0.0,0.0,1.0));
#1433=ORIENTED_EDGE('',*,*,#3260,.T.);
#1434=ORIENTED_EDGE('',*,*,#3261,.T.);
#1435=ORIENTED_EDGE('',*,*,#3262,.T.);
#1436=ORIENTED_EDGE('',*,*,#3263,.T.);
#1437=ORIENTED_EDGE('',*,*,#3264,.T.);
#1438=ORIENTED_EDGE('',*,*,#3265,.T.);
#1439=ORIENTED_EDGE('',*,*,#3266,.T.);
#1440=ORIENTED_EDGE('',*,*,#3222,.F.);
#1441=ORIENTED_EDGE('',*,*,#3267,.T.);
#1442=ORIENTED_EDGE('',*,*,#3268,.T.);
#1443=ORIENTED_EDGE('',*,*,#3269,.T.);
#1444=ORIENTED_EDGE('',*,*,#3270,.T.);
#1445=ORIENTED_EDGE('',*,*,#3271,.F.);
#1446=ORIENTED_EDGE('',*,*,#3272,.F.);
#1447=ORIENTED_EDGE('',*,*,#3259,.F.);
#1448=ORIENTED_EDGE('',*,*,#3273,.T.);
#1449=ORIENTED_EDGE('',*,*,#3274,.T.);
#1450=ORIENTED_EDGE('',*,*,#3275,.F.);
#1451=ORIENTED_EDGE('',*,*,#3276,.F.);
#1452=ORIENTED_EDGE('',*,*,#3277,.T.);
#1453=ORIENTED_EDGE('',*,*,#3278,.T.);
#1454=ORIENTED_EDGE('',*,*,#3279,.F.);
#1455=ORIENTED_EDGE('',*,*,#3280,.F.);
#1456=ORIENTED_EDGE('',*,*,#3281,.T.);
#1457=ORIENTED_EDGE('',*,*,#3282,.T.);
#1458=ORIENTED_EDGE('',*,*,#3283,.F.);
#1459=ORIENTED_EDGE('',*,*,#3284,.F.);
#1460=ORIENTED_EDGE('',*,*,#3285,.T.);
#1461=ORIENTED_EDGE('',*,*,#3286,.T.);
#1462=ORIENTED_EDGE('',*,*,#3287,.F.);
#1463=ORIENTED_EDGE('',*,*,#3288,.F.);
#1464=ORIENTED_EDGE('',*,*,#3289,.T.);
#1465=ORIENTED_EDGE('',*,*,#3290,.T.);
#1466=ORIENTED_EDGE('',*,*,#3291,.F.);
#1467=ORIENTED_EDGE('',*,*,#3292,.F.);
#1468=ORIENTED_EDGE('',*,*,#3293,.T.);
#1469=ORIENTED_EDGE('',*,*,#3294,.T.);
#1470=ORIENTED_EDGE('',*,*,#3295,.F.);
#1471=ORIENTED_EDGE('',*,*,#3296,.F.);
#1472=ORIENTED_EDGE('',*,*,#3297,.T.);
#1473=ORIENTED_EDGE('',*,*,#3298,.T.);
#1474=ORIENTED_EDGE('',*,*,#3299,.F.);
#1475=ORIENTED_EDGE('',*,*,#3300,.F.);
#1476=ORIENTED_EDGE('',*,*,#3301,.T.);
#1477=ORIENTED_EDGE('',*,*,#3302,.T.);
#1478=ORIENTED_EDGE('',*,*,#3303,.F.);
#1479=ORIENTED_EDGE('',*,*,#3304,.F.);
#1480=ORIENTED_EDGE('',*,*,#3305,.T.);
#1481=ORIENTED_EDGE('',*,*,#3306,.T.);
#1482=ORIENTED_EDGE('',*,*,#3307,.F.);
#1483=ORIENTED_EDGE('',*,*,#3308,.F.);
#1484=ORIENTED_EDGE('',*,*,#3309,.T.);
#1485=ORIENTED_EDGE('',*,*,#3310,.T.);
#1486=ORIENTED_EDGE('',*,*,#3311,.F.);
#1487=ORIENTED_EDGE('',*,*,#3312,.F.);
#1488=ORIENTED_EDGE('',*,*,#3313,.T.);
#1489=CARTESIAN_POINT('',(-13.97,0.0,-5.08));
#1490=DIRECTION('',(0.0,0.0,1.0));
#1491=DIRECTION('',(1.0,0.0,0.0));
#1492=ORIENTED_EDGE('',*,*,#3313,.F.);
#1493=ORIENTED_EDGE('',*,*,#3314,.F.);
#1494=ORIENTED_EDGE('',*,*,#3315,.T.);
#1495=ORIENTED_EDGE('',*,*,#3316,.F.);
#1496=CARTESIAN_POINT('',(11.1125,0.0,0.0));
#1497=DIRECTION('',(1.0,0.0,0.0));
#1498=DIRECTION('',(0.0,1.0,0.0));
#1499=ORIENTED_EDGE('',*,*,#3317,.F.);
#1500=ORIENTED_EDGE('',*,*,#3318,.T.);
#1501=ORIENTED_EDGE('',*,*,#3319,.F.);
#1502=ORIENTED_EDGE('',*,*,#3320,.T.);
#1503=CARTESIAN_POINT('',(11.1125,0.0,0.0));
#1504=DIRECTION('',(1.0,0.0,0.0));
#1505=DIRECTION('',(0.0,1.0,0.0));
#1506=ORIENTED_EDGE('',*,*,#3321,.F.);
#1507=ORIENTED_EDGE('',*,*,#3310,.F.);
#1508=ORIENTED_EDGE('',*,*,#3316,.T.);
#1509=ORIENTED_EDGE('',*,*,#3322,.F.);
#1510=CARTESIAN_POINT('',(11.1125,0.3175,-11.303));
#1511=DIRECTION('',(-0.0,1.0,0.0));
#1512=DIRECTION('',(1.0,0.0,0.0));
#1513=ORIENTED_EDGE('',*,*,#3319,.T.);
#1514=ORIENTED_EDGE('',*,*,#3323,.T.);
#1515=ORIENTED_EDGE('',*,*,#3324,.F.);
#1516=ORIENTED_EDGE('',*,*,#3325,.T.);
#1517=CARTESIAN_POINT('',(11.1125,0.3175,-11.303));
#1518=DIRECTION('',(-0.0,1.0,0.0));
#1519=DIRECTION('',(1.0,0.0,0.0));
#1520=ORIENTED_EDGE('',*,*,#3326,.T.);
#1521=ORIENTED_EDGE('',*,*,#3327,.F.);
#1522=ORIENTED_EDGE('',*,*,#3328,.T.);
#1523=ORIENTED_EDGE('',*,*,#3322,.T.);
#1524=CARTESIAN_POINT('',(11.43,0.2159,0.6985));
#1525=DIRECTION('',(0.0,0.952424147199317,0.304775727103806));
#1526=DIRECTION('',(1.0,0.0,-0.0));
#1527=ORIENTED_EDGE('',*,*,#3329,.F.);
#1528=ORIENTED_EDGE('',*,*,#3330,.F.);
#1529=ORIENTED_EDGE('',*,*,#3328,.F.);
#1530=ORIENTED_EDGE('',*,*,#3331,.T.);
#1531=CARTESIAN_POINT('',(11.6459,0.0,0.6985));
#1532=DIRECTION('',(0.952424147199317,0.0,0.304775727103806));
#1533=DIRECTION('',(0.0,-1.0,0.0));
#1534=ORIENTED_EDGE('',*,*,#3332,.F.);
#1535=ORIENTED_EDGE('',*,*,#3333,.F.);
#1536=ORIENTED_EDGE('',*,*,#3331,.F.);
#1537=ORIENTED_EDGE('',*,*,#3327,.T.);
#1538=CARTESIAN_POINT('',(11.1125,0.3175,1.016));
#1539=DIRECTION('',(0.0,0.0,1.0));
#1540=DIRECTION('',(1.0,0.0,0.0));
#1541=ORIENTED_EDGE('',*,*,#3329,.T.);
#1542=ORIENTED_EDGE('',*,*,#3333,.T.);
#1543=ORIENTED_EDGE('',*,*,#3334,.T.);
#1544=ORIENTED_EDGE('',*,*,#3335,.F.);
#1545=CARTESIAN_POINT('',(11.43,-0.2159,0.6985));
#1546=DIRECTION('',(0.0,-0.952424147199317,0.304775727103806));
#1547=DIRECTION('',(-1.0,0.0,0.0));
#1548=ORIENTED_EDGE('',*,*,#3314,.T.);
#1549=ORIENTED_EDGE('',*,*,#3312,.T.);
#1550=ORIENTED_EDGE('',*,*,#3336,.F.);
#1551=ORIENTED_EDGE('',*,*,#3335,.T.);
#1552=CARTESIAN_POINT('',(11.1125,-0.3175,1.016));
#1553=DIRECTION('',(0.0,-1.0,0.0));
#1554=DIRECTION('',(0.0,0.0,-1.0));
#1555=ORIENTED_EDGE('',*,*,#3337,.F.);
#1556=ORIENTED_EDGE('',*,*,#3338,.F.);
#1557=ORIENTED_EDGE('',*,*,#3317,.T.);
#1558=ORIENTED_EDGE('',*,*,#3339,.F.);
#1559=CARTESIAN_POINT('',(11.1125,-0.3175,1.016));
#1560=DIRECTION('',(0.0,-1.0,0.0));
#1561=DIRECTION('',(0.0,0.0,-1.0));
#1562=ORIENTED_EDGE('',*,*,#3330,.T.);
#1563=ORIENTED_EDGE('',*,*,#3336,.T.);
#1564=ORIENTED_EDGE('',*,*,#3311,.T.);
#1565=ORIENTED_EDGE('',*,*,#3321,.T.);
#1566=CARTESIAN_POINT('',(11.7475,0.0,0.0));
#1567=DIRECTION('',(1.0,0.0,0.0));
#1568=DIRECTION('',(0.0,1.0,0.0));
#1569=ORIENTED_EDGE('',*,*,#3324,.T.);
#1570=ORIENTED_EDGE('',*,*,#3340,.F.);
#1571=ORIENTED_EDGE('',*,*,#3337,.T.);
#1572=ORIENTED_EDGE('',*,*,#3341,.T.);
#1573=CARTESIAN_POINT('',(11.7475,0.0,0.0));
#1574=DIRECTION('',(1.0,0.0,0.0));
#1575=DIRECTION('',(0.0,1.0,0.0));
#1576=ORIENTED_EDGE('',*,*,#3342,.F.);
#1577=ORIENTED_EDGE('',*,*,#3341,.F.);
#1578=ORIENTED_EDGE('',*,*,#3343,.F.);
#1579=ORIENTED_EDGE('',*,*,#3344,.T.);
#1580=CARTESIAN_POINT('',(11.6459,0.0,-10.9855));
#1581=DIRECTION('',(0.952424147199317,0.0,-0.304775727103806));
#1582=DIRECTION('',(0.0,-1.0,0.0));
#1583=ORIENTED_EDGE('',*,*,#3344,.F.);
#1584=ORIENTED_EDGE('',*,*,#3345,.T.);
#1585=ORIENTED_EDGE('',*,*,#3346,.F.);
#1586=ORIENTED_EDGE('',*,*,#3347,.F.);
#1587=CARTESIAN_POINT('',(11.1125,-0.3175,-11.303));
#1588=DIRECTION('',(0.0,0.0,-1.0));
#1589=DIRECTION('',(0.0,-1.0,0.0));
#1590=ORIENTED_EDGE('',*,*,#3342,.T.);
#1591=ORIENTED_EDGE('',*,*,#3347,.T.);
#1592=ORIENTED_EDGE('',*,*,#3348,.T.);
#1593=ORIENTED_EDGE('',*,*,#3325,.F.);
#1594=CARTESIAN_POINT('',(11.43,0.2159,-10.9855));
#1595=DIRECTION('',(0.0,0.952424147199317,-0.304775727103806));
#1596=DIRECTION('',(-1.0,0.0,0.0));
#1597=ORIENTED_EDGE('',*,*,#3348,.F.);
#1598=ORIENTED_EDGE('',*,*,#3346,.T.);
#1599=ORIENTED_EDGE('',*,*,#3349,.T.);
#1600=ORIENTED_EDGE('',*,*,#3320,.F.);
#1601=CARTESIAN_POINT('',(11.2141,0.0,-10.9855));
#1602=DIRECTION('',(-0.952424147199317,0.0,-0.304775727103806));
#1603=DIRECTION('',(-0.304775727103806,0.0,0.952424147199317));
#1604=ORIENTED_EDGE('',*,*,#3349,.F.);
#1605=ORIENTED_EDGE('',*,*,#3345,.F.);
#1606=ORIENTED_EDGE('',*,*,#3343,.T.);
#1607=ORIENTED_EDGE('',*,*,#3339,.T.);
#1608=CARTESIAN_POINT('',(11.43,-0.2159,-10.9855));
#1609=DIRECTION('',(0.0,-0.952424147199317,-0.304775727103806));
#1610=DIRECTION('',(0.0,0.304775727103806,-0.952424147199317));
#1611=ORIENTED_EDGE('',*,*,#3350,.F.);
#1612=ORIENTED_EDGE('',*,*,#3202,.T.);
#1613=ORIENTED_EDGE('',*,*,#3216,.T.);
#1614=ORIENTED_EDGE('',*,*,#3351,.F.);
#1615=CARTESIAN_POINT('',(-13.97,-2.54,-7.62));
#1616=DIRECTION('',(0.0,0.0,-1.0));
#1617=DIRECTION('',(0.0,-1.0,0.0));
#1618=ORIENTED_EDGE('',*,*,#3212,.T.);
#1619=ORIENTED_EDGE('',*,*,#3352,.F.);
#1620=ORIENTED_EDGE('',*,*,#3353,.F.);
#1621=ORIENTED_EDGE('',*,*,#3354,.T.);
#1622=ORIENTED_EDGE('',*,*,#3338,.T.);
#1623=ORIENTED_EDGE('',*,*,#3340,.T.);
#1624=ORIENTED_EDGE('',*,*,#3323,.F.);
#1625=ORIENTED_EDGE('',*,*,#3318,.F.);
#1626=ORIENTED_EDGE('',*,*,#3355,.F.);
#1627=ORIENTED_EDGE('',*,*,#3356,.T.);
#1628=ORIENTED_EDGE('',*,*,#3357,.T.);
#1629=ORIENTED_EDGE('',*,*,#3358,.F.);
#1630=ORIENTED_EDGE('',*,*,#3359,.T.);
#1631=ORIENTED_EDGE('',*,*,#3360,.T.);
#1632=ORIENTED_EDGE('',*,*,#3361,.F.);
#1633=ORIENTED_EDGE('',*,*,#3362,.F.);
#1634=ORIENTED_EDGE('',*,*,#3363,.T.);
#1635=ORIENTED_EDGE('',*,*,#3364,.T.);
#1636=ORIENTED_EDGE('',*,*,#3365,.F.);
#1637=ORIENTED_EDGE('',*,*,#3366,.F.);
#1638=ORIENTED_EDGE('',*,*,#3367,.T.);
#1639=ORIENTED_EDGE('',*,*,#3368,.T.);
#1640=ORIENTED_EDGE('',*,*,#3369,.F.);
#1641=ORIENTED_EDGE('',*,*,#3370,.F.);
#1642=ORIENTED_EDGE('',*,*,#3371,.T.);
#1643=ORIENTED_EDGE('',*,*,#3372,.T.);
#1644=ORIENTED_EDGE('',*,*,#3373,.F.);
#1645=ORIENTED_EDGE('',*,*,#3374,.F.);
#1646=ORIENTED_EDGE('',*,*,#3375,.T.);
#1647=ORIENTED_EDGE('',*,*,#3376,.T.);
#1648=ORIENTED_EDGE('',*,*,#3377,.F.);
#1649=ORIENTED_EDGE('',*,*,#3378,.F.);
#1650=ORIENTED_EDGE('',*,*,#3379,.T.);
#1651=ORIENTED_EDGE('',*,*,#3380,.T.);
#1652=ORIENTED_EDGE('',*,*,#3381,.F.);
#1653=ORIENTED_EDGE('',*,*,#3382,.F.);
#1654=ORIENTED_EDGE('',*,*,#3383,.T.);
#1655=ORIENTED_EDGE('',*,*,#3384,.T.);
#1656=ORIENTED_EDGE('',*,*,#3385,.F.);
#1657=ORIENTED_EDGE('',*,*,#3386,.F.);
#1658=ORIENTED_EDGE('',*,*,#3387,.T.);
#1659=ORIENTED_EDGE('',*,*,#3388,.T.);
#1660=ORIENTED_EDGE('',*,*,#3389,.F.);
#1661=ORIENTED_EDGE('',*,*,#3390,.F.);
#1662=CARTESIAN_POINT('',(-13.97,-2.54,-7.62));
#1663=DIRECTION('',(0.0,0.0,-1.0));
#1664=DIRECTION('',(0.0,-1.0,0.0));
#1665=ORIENTED_EDGE('',*,*,#3208,.T.);
#1666=ORIENTED_EDGE('',*,*,#3391,.F.);
#1667=ORIENTED_EDGE('',*,*,#3392,.F.);
#1668=ORIENTED_EDGE('',*,*,#3393,.T.);
#1669=CARTESIAN_POINT('',(-13.97,-2.54,-7.62));
#1670=DIRECTION('',(0.0,0.0,-1.0));
#1671=DIRECTION('',(0.0,-1.0,0.0));
#1672=ORIENTED_EDGE('',*,*,#3215,.F.);
#1673=ORIENTED_EDGE('',*,*,#3394,.T.);
#1674=ORIENTED_EDGE('',*,*,#3395,.T.);
#1675=ORIENTED_EDGE('',*,*,#3351,.T.);
#1676=CARTESIAN_POINT('',(-12.7635,2.54,-8.001));
#1677=DIRECTION('',(-0.707106781186547,0.0,-0.707106781186547));
#1678=DIRECTION('',(-0.707106781186548,0.0,0.707106781186548));
#1679=ORIENTED_EDGE('',*,*,#3396,.F.);
#1680=ORIENTED_EDGE('',*,*,#3241,.F.);
#1681=ORIENTED_EDGE('',*,*,#3203,.T.);
#1682=ORIENTED_EDGE('',*,*,#3350,.T.);
#1683=ORIENTED_EDGE('',*,*,#3395,.F.);
#1684=ORIENTED_EDGE('',*,*,#3397,.F.);
#1685=ORIENTED_EDGE('',*,*,#3398,.F.);
#1686=ORIENTED_EDGE('',*,*,#3353,.T.);
#1687=ORIENTED_EDGE('',*,*,#3399,.F.);
#1688=ORIENTED_EDGE('',*,*,#3400,.F.);
#1689=ORIENTED_EDGE('',*,*,#3401,.F.);
#1690=ORIENTED_EDGE('',*,*,#3392,.T.);
#1691=ORIENTED_EDGE('',*,*,#3402,.F.);
#1692=ORIENTED_EDGE('',*,*,#3253,.F.);
#1693=ORIENTED_EDGE('',*,*,#3403,.T.);
#1694=ORIENTED_EDGE('',*,*,#3261,.F.);
#1695=ORIENTED_EDGE('',*,*,#3404,.F.);
#1696=ORIENTED_EDGE('',*,*,#3233,.F.);
#1697=ORIENTED_EDGE('',*,*,#3256,.T.);
#1698=ORIENTED_EDGE('',*,*,#3272,.T.);
#1699=CARTESIAN_POINT('',(-13.97,-2.54,3.81));
#1700=DIRECTION('',(0.0,-1.0,0.0));
#1701=DIRECTION('',(0.0,0.0,-1.0));
#1702=ORIENTED_EDGE('',*,*,#3260,.F.);
#1703=ORIENTED_EDGE('',*,*,#3405,.T.);
#1704=ORIENTED_EDGE('',*,*,#3406,.F.);
#1705=ORIENTED_EDGE('',*,*,#3234,.F.);
#1706=ORIENTED_EDGE('',*,*,#3404,.T.);
#1707=CARTESIAN_POINT('',(9.525,-1.524,3.81));
#1708=DIRECTION('',(-1.0,0.0,0.0));
#1709=DIRECTION('',(0.0,0.0,1.0));
#1710=ORIENTED_EDGE('',*,*,#3251,.F.);
#1711=ORIENTED_EDGE('',*,*,#3407,.F.);
#1712=ORIENTED_EDGE('',*,*,#3408,.T.);
#1713=ORIENTED_EDGE('',*,*,#3409,.F.);
#1714=CARTESIAN_POINT('',(0.0,-1.778,3.556));
#1715=DIRECTION('',(0.0,0.707106781186547,0.707106781186547));
#1716=DIRECTION('',(1.0,0.0,-0.0));
#1717=ORIENTED_EDGE('',*,*,#3235,.F.);
#1718=ORIENTED_EDGE('',*,*,#3406,.T.);
#1719=ORIENTED_EDGE('',*,*,#3410,.T.);
#1720=ORIENTED_EDGE('',*,*,#3257,.F.);
#1721=CARTESIAN_POINT('',(0.0,-1.778,3.556));
#1722=DIRECTION('',(0.0,0.707106781186547,0.707106781186547));
#1723=DIRECTION('',(1.0,0.0,-0.0));
#1724=ORIENTED_EDGE('',*,*,#3411,.T.);
#1725=ORIENTED_EDGE('',*,*,#3412,.T.);
#1726=ORIENTED_EDGE('',*,*,#3243,.F.);
#1727=ORIENTED_EDGE('',*,*,#3413,.T.);
#1728=CARTESIAN_POINT('',(0.0,-1.778,3.556));
#1729=DIRECTION('',(0.0,0.707106781186547,0.707106781186547));
#1730=DIRECTION('',(1.0,0.0,-0.0));
#1731=ORIENTED_EDGE('',*,*,#3252,.T.);
#1732=ORIENTED_EDGE('',*,*,#3409,.T.);
#1733=ORIENTED_EDGE('',*,*,#3414,.F.);
#1734=ORIENTED_EDGE('',*,*,#3262,.F.);
#1735=ORIENTED_EDGE('',*,*,#3403,.F.);
#1736=CARTESIAN_POINT('',(10.795,-2.54,3.81));
#1737=DIRECTION('',(1.0,0.0,0.0));
#1738=DIRECTION('',(0.0,1.0,0.0));
#1739=ORIENTED_EDGE('',*,*,#3408,.F.);
#1740=ORIENTED_EDGE('',*,*,#3415,.T.);
#1741=ORIENTED_EDGE('',*,*,#3263,.F.);
#1742=ORIENTED_EDGE('',*,*,#3414,.T.);
#1743=CARTESIAN_POINT('',(-12.954,-1.524,3.81));
#1744=DIRECTION('',(0.0,-1.0,0.0));
#1745=DIRECTION('',(0.0,0.0,-1.0));
#1746=ORIENTED_EDGE('',*,*,#3410,.F.);
#1747=ORIENTED_EDGE('',*,*,#3405,.F.);
#1748=ORIENTED_EDGE('',*,*,#3273,.F.);
#1749=ORIENTED_EDGE('',*,*,#3258,.T.);
#1750=CARTESIAN_POINT('',(-12.954,-1.524,3.81));
#1751=DIRECTION('',(0.0,-1.0,0.0));
#1752=DIRECTION('',(0.0,0.0,-1.0));
#1753=ORIENTED_EDGE('',*,*,#3270,.F.);
#1754=ORIENTED_EDGE('',*,*,#3416,.F.);
#1755=ORIENTED_EDGE('',*,*,#3411,.F.);
#1756=ORIENTED_EDGE('',*,*,#3417,.F.);
#1757=CARTESIAN_POINT('',(-12.954,-1.524,3.81));
#1758=DIRECTION('',(0.0,-1.0,0.0));
#1759=DIRECTION('',(0.0,0.0,-1.0));
#1760=ORIENTED_EDGE('',*,*,#3418,.F.);
#1761=ORIENTED_EDGE('',*,*,#3264,.F.);
#1762=ORIENTED_EDGE('',*,*,#3415,.F.);
#1763=ORIENTED_EDGE('',*,*,#3419,.F.);
#1764=CARTESIAN_POINT('',(12.954,-1.524,3.81));
#1765=DIRECTION('',(1.0,0.0,0.0));
#1766=DIRECTION('',(0.0,1.0,0.0));
#1767=ORIENTED_EDGE('',*,*,#3419,.T.);
#1768=ORIENTED_EDGE('',*,*,#3407,.T.);
#1769=ORIENTED_EDGE('',*,*,#3250,.F.);
#1770=ORIENTED_EDGE('',*,*,#3420,.F.);
#1771=CARTESIAN_POINT('',(13.208,0.0,3.556));
#1772=DIRECTION('',(-0.707106781186547,0.0,0.707106781186547));
#1773=DIRECTION('',(0.0,1.0,0.0));
#1774=ORIENTED_EDGE('',*,*,#3249,.F.);
#1775=ORIENTED_EDGE('',*,*,#3421,.F.);
#1776=ORIENTED_EDGE('',*,*,#3422,.T.);
#1777=ORIENTED_EDGE('',*,*,#3420,.T.);
#1778=CARTESIAN_POINT('',(7.874,1.778,3.556));
#1779=DIRECTION('',(0.0,-0.707106781186547,0.707106781186547));
#1780=DIRECTION('',(-1.0,0.0,0.0));
#1781=ORIENTED_EDGE('',*,*,#3265,.F.);
#1782=ORIENTED_EDGE('',*,*,#3418,.T.);
#1783=ORIENTED_EDGE('',*,*,#3422,.F.);
#1784=ORIENTED_EDGE('',*,*,#3423,.T.);
#1785=ORIENTED_EDGE('',*,*,#3424,.F.);
#1786=ORIENTED_EDGE('',*,*,#3425,.T.);
#1787=CARTESIAN_POINT('',(12.954,1.524,3.81));
#1788=DIRECTION('',(-0.0,1.0,0.0));
#1789=DIRECTION('',(1.0,0.0,0.0));
#1790=ORIENTED_EDGE('',*,*,#3223,.T.);
#1791=ORIENTED_EDGE('',*,*,#3266,.F.);
#1792=ORIENTED_EDGE('',*,*,#3425,.F.);
#1793=ORIENTED_EDGE('',*,*,#3426,.T.);
#1794=ORIENTED_EDGE('',*,*,#3427,.F.);
#1795=CARTESIAN_POINT('',(1.524,1.524,3.81));
#1796=DIRECTION('',(1.0,0.0,0.0));
#1797=DIRECTION('',(0.0,1.0,0.0));
#1798=ORIENTED_EDGE('',*,*,#3220,.F.);
#1799=ORIENTED_EDGE('',*,*,#3428,.T.);
#1800=ORIENTED_EDGE('',*,*,#3429,.T.);
#1801=ORIENTED_EDGE('',*,*,#3430,.F.);
#1802=CARTESIAN_POINT('',(-13.97,2.54,0.0));
#1803=DIRECTION('',(0.0,0.0,-1.0));
#1804=DIRECTION('',(0.0,-1.0,0.0));
#1805=ORIENTED_EDGE('',*,*,#3431,.T.);
#1806=ORIENTED_EDGE('',*,*,#3432,.T.);
#1807=ORIENTED_EDGE('',*,*,#3224,.F.);
#1808=ORIENTED_EDGE('',*,*,#3427,.T.);
#1809=CARTESIAN_POINT('',(-13.97,2.54,0.0));
#1810=DIRECTION('',(0.0,0.0,-1.0));
#1811=DIRECTION('',(0.0,-1.0,0.0));
#1812=ORIENTED_EDGE('',*,*,#3433,.T.);
#1813=ORIENTED_EDGE('',*,*,#3434,.T.);
#1814=ORIENTED_EDGE('',*,*,#3267,.F.);
#1815=ORIENTED_EDGE('',*,*,#3221,.F.);
#1816=ORIENTED_EDGE('',*,*,#3430,.T.);
#1817=CARTESIAN_POINT('',(-1.524,3.048,3.81));
#1818=DIRECTION('',(-1.0,0.0,0.0));
#1819=DIRECTION('',(0.0,0.0,1.0));
#1820=ORIENTED_EDGE('',*,*,#3435,.F.);
#1821=ORIENTED_EDGE('',*,*,#3436,.T.);
#1822=ORIENTED_EDGE('',*,*,#3437,.F.);
#1823=ORIENTED_EDGE('',*,*,#3438,.T.);
#1824=ORIENTED_EDGE('',*,*,#3268,.F.);
#1825=ORIENTED_EDGE('',*,*,#3434,.F.);
#1826=CARTESIAN_POINT('',(-2.794,1.524,3.81));
#1827=DIRECTION('',(-0.0,1.0,0.0));
#1828=DIRECTION('',(1.0,0.0,0.0));
#1829=ORIENTED_EDGE('',*,*,#3416,.T.);
#1830=ORIENTED_EDGE('',*,*,#3269,.F.);
#1831=ORIENTED_EDGE('',*,*,#3438,.F.);
#1832=ORIENTED_EDGE('',*,*,#3439,.F.);
#1833=CARTESIAN_POINT('',(-12.954,1.524,3.81));
#1834=DIRECTION('',(-1.0,0.0,0.0));
#1835=DIRECTION('',(0.0,0.0,1.0));
#1836=ORIENTED_EDGE('',*,*,#3439,.T.);
#1837=ORIENTED_EDGE('',*,*,#3440,.T.);
#1838=ORIENTED_EDGE('',*,*,#3244,.F.);
#1839=ORIENTED_EDGE('',*,*,#3412,.F.);
#1840=CARTESIAN_POINT('',(-13.208,0.0,3.556));
#1841=DIRECTION('',(0.707106781186547,0.0,0.707106781186547));
#1842=DIRECTION('',(0.0,-1.0,0.0));
#1843=ORIENTED_EDGE('',*,*,#3245,.F.);
#1844=ORIENTED_EDGE('',*,*,#3440,.F.);
#1845=ORIENTED_EDGE('',*,*,#3437,.T.);
#1846=ORIENTED_EDGE('',*,*,#3441,.T.);
#1847=CARTESIAN_POINT('',(-7.874,1.778,3.556));
#1848=DIRECTION('',(0.0,-0.707106781186547,0.707106781186547));
#1849=DIRECTION('',(-1.0,0.0,0.0));
#1850=ORIENTED_EDGE('',*,*,#3246,.F.);
#1851=ORIENTED_EDGE('',*,*,#3441,.F.);
#1852=ORIENTED_EDGE('',*,*,#3442,.T.);
#1853=ORIENTED_EDGE('',*,*,#3443,.T.);
#1854=CARTESIAN_POINT('',(-3.048,2.286,3.556));
#1855=DIRECTION('',(0.707106781186547,0.0,0.707106781186547));
#1856=DIRECTION('',(0.0,-1.0,0.0));
#1857=ORIENTED_EDGE('',*,*,#3444,.T.);
#1858=ORIENTED_EDGE('',*,*,#3247,.F.);
#1859=ORIENTED_EDGE('',*,*,#3443,.F.);
#1860=ORIENTED_EDGE('',*,*,#3445,.T.);
#1861=CARTESIAN_POINT('',(0.0,3.302,3.556));
#1862=DIRECTION('',(0.0,-0.707106781186547,0.707106781186547));
#1863=DIRECTION('',(-1.0,0.0,0.0));
#1864=ORIENTED_EDGE('',*,*,#3446,.F.);
#1865=ORIENTED_EDGE('',*,*,#3445,.F.);
#1866=ORIENTED_EDGE('',*,*,#3447,.T.);
#1867=ORIENTED_EDGE('',*,*,#3448,.T.);
#1868=ORIENTED_EDGE('',*,*,#3449,.T.);
#1869=ORIENTED_EDGE('',*,*,#3450,.T.);
#1870=CARTESIAN_POINT('',(2.794,3.048,3.81));
#1871=DIRECTION('',(-0.0,1.0,0.0));
#1872=DIRECTION('',(1.0,0.0,0.0));
#1873=ORIENTED_EDGE('',*,*,#3451,.T.);
#1874=ORIENTED_EDGE('',*,*,#3450,.F.);
#1875=ORIENTED_EDGE('',*,*,#3452,.F.);
#1876=ORIENTED_EDGE('',*,*,#3453,.T.);
#1877=CARTESIAN_POINT('',(1.4478,4.064,0.9398));
#1878=DIRECTION('',(-0.0,-1.0,0.0));
#1879=DIRECTION('',(-1.0,0.0,0.0));
#1880=ORIENTED_EDGE('',*,*,#3454,.F.);
#1881=ORIENTED_EDGE('',*,*,#3455,.F.);
#1882=ORIENTED_EDGE('',*,*,#3456,.F.);
#1883=ORIENTED_EDGE('',*,*,#3457,.F.);
#1884=ORIENTED_EDGE('',*,*,#3458,.T.);
#1885=ORIENTED_EDGE('',*,*,#3239,.T.);
#1886=ORIENTED_EDGE('',*,*,#3459,.F.);
#1887=ORIENTED_EDGE('',*,*,#3460,.F.);
#1888=ORIENTED_EDGE('',*,*,#3461,.T.);
#1889=ORIENTED_EDGE('',*,*,#3453,.F.);
#1890=CARTESIAN_POINT('',(-13.97,4.064,0.0));
#1891=DIRECTION('',(-0.0,1.0,0.0));
#1892=DIRECTION('',(1.0,0.0,0.0));
#1893=ORIENTED_EDGE('',*,*,#3432,.F.);
#1894=ORIENTED_EDGE('',*,*,#3462,.T.);
#1895=ORIENTED_EDGE('',*,*,#3423,.F.);
#1896=ORIENTED_EDGE('',*,*,#3463,.F.);
#1897=ORIENTED_EDGE('',*,*,#3446,.T.);
#1898=ORIENTED_EDGE('',*,*,#3451,.F.);
#1899=ORIENTED_EDGE('',*,*,#3461,.F.);
#1900=ORIENTED_EDGE('',*,*,#3464,.F.);
#1901=CARTESIAN_POINT('',(2.794,1.524,3.81));
#1902=DIRECTION('',(1.0,0.0,0.0));
#1903=DIRECTION('',(0.0,1.0,0.0));
#1904=ORIENTED_EDGE('',*,*,#3460,.T.);
#1905=ORIENTED_EDGE('',*,*,#3465,.F.);
#1906=ORIENTED_EDGE('',*,*,#3225,.F.);
#1907=ORIENTED_EDGE('',*,*,#3464,.T.);
#1908=CARTESIAN_POINT('',(-13.97,2.54,0.0));
#1909=DIRECTION('',(0.0,0.0,-1.0));
#1910=DIRECTION('',(0.0,-1.0,0.0));
#1911=ORIENTED_EDGE('',*,*,#3219,.F.);
#1912=ORIENTED_EDGE('',*,*,#3466,.T.);
#1913=ORIENTED_EDGE('',*,*,#3457,.T.);
#1914=ORIENTED_EDGE('',*,*,#3467,.T.);
#1915=CARTESIAN_POINT('',(-13.97,2.54,0.0));
#1916=DIRECTION('',(0.0,0.0,-1.0));
#1917=DIRECTION('',(0.0,-1.0,0.0));
#1918=ORIENTED_EDGE('',*,*,#3459,.T.);
#1919=ORIENTED_EDGE('',*,*,#3238,.T.);
#1920=ORIENTED_EDGE('',*,*,#3226,.T.);
#1921=ORIENTED_EDGE('',*,*,#3465,.T.);
#1922=CARTESIAN_POINT('',(3.81,4.064,3.81));
#1923=DIRECTION('',(-1.0,0.0,0.0));
#1924=DIRECTION('',(0.0,0.0,1.0));
#1925=ORIENTED_EDGE('',*,*,#3442,.F.);
#1926=ORIENTED_EDGE('',*,*,#3436,.F.);
#1927=ORIENTED_EDGE('',*,*,#3468,.T.);
#1928=ORIENTED_EDGE('',*,*,#3428,.F.);
#1929=ORIENTED_EDGE('',*,*,#3467,.F.);
#1930=ORIENTED_EDGE('',*,*,#3456,.T.);
#1931=ORIENTED_EDGE('',*,*,#3469,.T.);
#1932=ORIENTED_EDGE('',*,*,#3447,.F.);
#1933=CARTESIAN_POINT('',(-2.794,3.048,3.81));
#1934=DIRECTION('',(-1.0,0.0,0.0));
#1935=DIRECTION('',(0.0,0.0,1.0));
#1936=ORIENTED_EDGE('',*,*,#3470,.T.);
#1937=ORIENTED_EDGE('',*,*,#3448,.F.);
#1938=ORIENTED_EDGE('',*,*,#3469,.F.);
#1939=ORIENTED_EDGE('',*,*,#3455,.T.);
#1940=CARTESIAN_POINT('',(-1.4478,4.064,0.9398));
#1941=DIRECTION('',(-0.0,-1.0,0.0));
#1942=DIRECTION('',(-1.0,0.0,0.0));
#1943=ORIENTED_EDGE('',*,*,#3452,.T.);
#1944=ORIENTED_EDGE('',*,*,#3449,.F.);
#1945=ORIENTED_EDGE('',*,*,#3470,.F.);
#1946=ORIENTED_EDGE('',*,*,#3454,.T.);
#1947=CARTESIAN_POINT('',(-1.4478,4.064,2.286));
#1948=DIRECTION('',(0.0,0.0,1.0));
#1949=DIRECTION('',(1.0,0.0,0.0));
#1950=ORIENTED_EDGE('',*,*,#3429,.F.);
#1951=ORIENTED_EDGE('',*,*,#3468,.F.);
#1952=ORIENTED_EDGE('',*,*,#3435,.T.);
#1953=ORIENTED_EDGE('',*,*,#3433,.F.);
#1954=CARTESIAN_POINT('',(-2.159,1.778,-0.254));
#1955=DIRECTION('',(0.0,-0.707106781186547,0.707106781186547));
#1956=DIRECTION('',(-1.0,0.0,0.0));
#1957=ORIENTED_EDGE('',*,*,#3218,.F.);
#1958=ORIENTED_EDGE('',*,*,#3240,.F.);
#1959=ORIENTED_EDGE('',*,*,#3458,.F.);
#1960=ORIENTED_EDGE('',*,*,#3466,.F.);
#1961=CARTESIAN_POINT('',(-3.81,2.54,3.81));
#1962=DIRECTION('',(1.0,0.0,0.0));
#1963=DIRECTION('',(0.0,1.0,0.0));
#1964=ORIENTED_EDGE('',*,*,#3248,.F.);
#1965=ORIENTED_EDGE('',*,*,#3444,.F.);
#1966=ORIENTED_EDGE('',*,*,#3463,.T.);
#1967=ORIENTED_EDGE('',*,*,#3421,.T.);
#1968=CARTESIAN_POINT('',(3.048,2.286,3.556));
#1969=DIRECTION('',(-0.707106781186547,0.0,0.707106781186547));
#1970=DIRECTION('',(0.0,1.0,0.0));
#1971=ORIENTED_EDGE('',*,*,#3462,.F.);
#1972=ORIENTED_EDGE('',*,*,#3431,.F.);
#1973=ORIENTED_EDGE('',*,*,#3426,.F.);
#1974=ORIENTED_EDGE('',*,*,#3424,.T.);
#1975=CARTESIAN_POINT('',(2.159,1.778,-0.254));
#1976=DIRECTION('',(0.0,-0.707106781186547,0.707106781186547));
#1977=DIRECTION('',(-1.0,0.0,0.0));
#1978=ORIENTED_EDGE('',*,*,#3417,.T.);
#1979=ORIENTED_EDGE('',*,*,#3413,.F.);
#1980=ORIENTED_EDGE('',*,*,#3242,.F.);
#1981=ORIENTED_EDGE('',*,*,#3396,.T.);
#1982=ORIENTED_EDGE('',*,*,#3271,.T.);
#1983=CARTESIAN_POINT('',(-10.795,-2.54,3.81));
#1984=DIRECTION('',(1.0,0.0,0.0));
#1985=DIRECTION('',(0.0,1.0,0.0));
#1986=ORIENTED_EDGE('',*,*,#3254,.T.);
#1987=ORIENTED_EDGE('',*,*,#3402,.T.);
#1988=ORIENTED_EDGE('',*,*,#3391,.T.);
#1989=ORIENTED_EDGE('',*,*,#3207,.T.);
#1990=CARTESIAN_POINT('',(13.97,0.0,0.0));
#1991=DIRECTION('',(1.0,0.0,0.0));
#1992=DIRECTION('',(0.0,1.0,0.0));
#1993=ORIENTED_EDGE('',*,*,#3401,.T.);
#1994=ORIENTED_EDGE('',*,*,#3471,.F.);
#1995=ORIENTED_EDGE('',*,*,#3209,.F.);
#1996=ORIENTED_EDGE('',*,*,#3393,.F.);
#1997=CARTESIAN_POINT('',(13.1445,2.54,-7.62));
#1998=DIRECTION('',(0.707106781186498,0.0,-0.707106781186597));
#1999=DIRECTION('',(0.0,-1.0,0.0));
#2000=ORIENTED_EDGE('',*,*,#3471,.T.);
#2001=ORIENTED_EDGE('',*,*,#3400,.T.);
#2002=ORIENTED_EDGE('',*,*,#3472,.F.);
#2003=ORIENTED_EDGE('',*,*,#3210,.F.);
#2004=CARTESIAN_POINT('',(12.7635,2.54,-8.001));
#2005=DIRECTION('',(0.0,0.0,-1.0));
#2006=DIRECTION('',(0.0,-1.0,0.0));
#2007=ORIENTED_EDGE('',*,*,#3211,.F.);
#2008=ORIENTED_EDGE('',*,*,#3472,.T.);
#2009=ORIENTED_EDGE('',*,*,#3399,.T.);
#2010=ORIENTED_EDGE('',*,*,#3352,.T.);
#2011=CARTESIAN_POINT('',(12.6365,2.54,-8.001));
#2012=DIRECTION('',(-0.707106781186498,0.0,-0.707106781186597));
#2013=DIRECTION('',(-0.707106781186597,0.0,0.707106781186498));
#2014=ORIENTED_EDGE('',*,*,#3398,.T.);
#2015=ORIENTED_EDGE('',*,*,#3473,.F.);
#2016=ORIENTED_EDGE('',*,*,#3213,.F.);
#2017=ORIENTED_EDGE('',*,*,#3354,.F.);
#2018=CARTESIAN_POINT('',(-12.2555,2.54,-7.62));
#2019=DIRECTION('',(0.707106781186547,0.0,-0.707106781186547));
#2020=DIRECTION('',(0.0,-1.0,0.0));
#2021=ORIENTED_EDGE('',*,*,#3473,.T.);
#2022=ORIENTED_EDGE('',*,*,#3397,.T.);
#2023=ORIENTED_EDGE('',*,*,#3394,.F.);
#2024=ORIENTED_EDGE('',*,*,#3214,.F.);
#2025=CARTESIAN_POINT('',(-12.6365,2.54,-8.001));
#2026=DIRECTION('',(0.0,0.0,-1.0));
#2027=DIRECTION('',(0.0,-1.0,0.0));
#2028=ORIENTED_EDGE('',*,*,#3474,.F.);
#2029=ORIENTED_EDGE('',*,*,#3277,.F.);
#2030=ORIENTED_EDGE('',*,*,#3475,.F.);
#2031=ORIENTED_EDGE('',*,*,#3476,.T.);
#2032=CARTESIAN_POINT('',(8.5725,0.0,0.0));
#2033=DIRECTION('',(1.0,0.0,0.0));
#2034=DIRECTION('',(0.0,1.0,0.0));
#2035=ORIENTED_EDGE('',*,*,#3477,.F.);
#2036=ORIENTED_EDGE('',*,*,#3358,.T.);
#2037=ORIENTED_EDGE('',*,*,#3478,.F.);
#2038=ORIENTED_EDGE('',*,*,#3479,.T.);
#2039=CARTESIAN_POINT('',(8.5725,0.0,0.0));
#2040=DIRECTION('',(1.0,0.0,0.0));
#2041=DIRECTION('',(0.0,1.0,0.0));
#2042=ORIENTED_EDGE('',*,*,#3480,.F.);
#2043=ORIENTED_EDGE('',*,*,#3476,.F.);
#2044=ORIENTED_EDGE('',*,*,#3481,.F.);
#2045=ORIENTED_EDGE('',*,*,#3482,.T.);
#2046=CARTESIAN_POINT('',(8.6741,0.0,0.6985));
#2047=DIRECTION('',(-0.952424147199317,0.0,0.304775727103806));
#2048=DIRECTION('',(0.0,1.0,0.0));
#2049=ORIENTED_EDGE('',*,*,#3482,.F.);
#2050=ORIENTED_EDGE('',*,*,#3483,.F.);
#2051=ORIENTED_EDGE('',*,*,#3484,.F.);
#2052=ORIENTED_EDGE('',*,*,#3485,.T.);
#2053=CARTESIAN_POINT('',(8.5725,0.3175,1.016));
#2054=DIRECTION('',(0.0,0.0,1.0));
#2055=DIRECTION('',(1.0,0.0,0.0));
#2056=ORIENTED_EDGE('',*,*,#3486,.T.);
#2057=ORIENTED_EDGE('',*,*,#3487,.T.);
#2058=ORIENTED_EDGE('',*,*,#3480,.T.);
#2059=ORIENTED_EDGE('',*,*,#3485,.F.);
#2060=CARTESIAN_POINT('',(8.89,0.2159,0.6985));
#2061=DIRECTION('',(0.0,0.952424147199317,0.304775727103806));
#2062=DIRECTION('',(1.0,0.0,-0.0));
#2063=ORIENTED_EDGE('',*,*,#3488,.F.);
#2064=ORIENTED_EDGE('',*,*,#3274,.F.);
#2065=ORIENTED_EDGE('',*,*,#3474,.T.);
#2066=ORIENTED_EDGE('',*,*,#3487,.F.);
#2067=CARTESIAN_POINT('',(8.5725,0.3175,-11.303));
#2068=DIRECTION('',(-0.0,1.0,0.0));
#2069=DIRECTION('',(1.0,0.0,0.0));
#2070=ORIENTED_EDGE('',*,*,#3478,.T.);
#2071=ORIENTED_EDGE('',*,*,#3357,.F.);
#2072=ORIENTED_EDGE('',*,*,#3489,.F.);
#2073=ORIENTED_EDGE('',*,*,#3490,.T.);
#2074=CARTESIAN_POINT('',(8.5725,0.3175,-11.303));
#2075=DIRECTION('',(-0.0,1.0,0.0));
#2076=DIRECTION('',(1.0,0.0,0.0));
#2077=ORIENTED_EDGE('',*,*,#3491,.T.);
#2078=ORIENTED_EDGE('',*,*,#3275,.T.);
#2079=ORIENTED_EDGE('',*,*,#3488,.T.);
#2080=ORIENTED_EDGE('',*,*,#3492,.T.);
#2081=CARTESIAN_POINT('',(9.2075,0.0,0.0));
#2082=DIRECTION('',(1.0,0.0,0.0));
#2083=DIRECTION('',(0.0,1.0,0.0));
#2084=ORIENTED_EDGE('',*,*,#3489,.T.);
#2085=ORIENTED_EDGE('',*,*,#3356,.F.);
#2086=ORIENTED_EDGE('',*,*,#3493,.T.);
#2087=ORIENTED_EDGE('',*,*,#3494,.T.);
#2088=CARTESIAN_POINT('',(9.2075,0.0,0.0));
#2089=DIRECTION('',(1.0,0.0,0.0));
#2090=DIRECTION('',(0.0,1.0,0.0));
#2091=ORIENTED_EDGE('',*,*,#3495,.F.);
#2092=ORIENTED_EDGE('',*,*,#3492,.F.);
#2093=ORIENTED_EDGE('',*,*,#3486,.F.);
#2094=ORIENTED_EDGE('',*,*,#3484,.T.);
#2095=CARTESIAN_POINT('',(9.1059,0.0,0.6985));
#2096=DIRECTION('',(0.952424147199317,0.0,0.304775727103806));
#2097=DIRECTION('',(0.0,-1.0,0.0));
#2098=ORIENTED_EDGE('',*,*,#3495,.T.);
#2099=ORIENTED_EDGE('',*,*,#3483,.T.);
#2100=ORIENTED_EDGE('',*,*,#3481,.T.);
#2101=ORIENTED_EDGE('',*,*,#3496,.F.);
#2102=CARTESIAN_POINT('',(8.89,-0.2159,0.6985));
#2103=DIRECTION('',(0.0,-0.952424147199317,0.304775727103806));
#2104=DIRECTION('',(-1.0,0.0,0.0));
#2105=ORIENTED_EDGE('',*,*,#3475,.T.);
#2106=ORIENTED_EDGE('',*,*,#3276,.T.);
#2107=ORIENTED_EDGE('',*,*,#3491,.F.);
#2108=ORIENTED_EDGE('',*,*,#3496,.T.);
#2109=CARTESIAN_POINT('',(8.5725,-0.3175,1.016));
#2110=DIRECTION('',(0.0,-1.0,0.0));
#2111=DIRECTION('',(0.0,0.0,-1.0));
#2112=ORIENTED_EDGE('',*,*,#3493,.F.);
#2113=ORIENTED_EDGE('',*,*,#3355,.T.);
#2114=ORIENTED_EDGE('',*,*,#3477,.T.);
#2115=ORIENTED_EDGE('',*,*,#3497,.F.);
#2116=CARTESIAN_POINT('',(8.5725,-0.3175,1.016));
#2117=DIRECTION('',(0.0,-1.0,0.0));
#2118=DIRECTION('',(0.0,0.0,-1.0));
#2119=ORIENTED_EDGE('',*,*,#3498,.F.);
#2120=ORIENTED_EDGE('',*,*,#3499,.F.);
#2121=ORIENTED_EDGE('',*,*,#3500,.T.);
#2122=ORIENTED_EDGE('',*,*,#3497,.T.);
#2123=CARTESIAN_POINT('',(8.89,-0.2159,-10.9855));
#2124=DIRECTION('',(0.0,-0.952424147199317,-0.304775727103806));
#2125=DIRECTION('',(0.0,0.304775727103806,-0.952424147199317));
#2126=ORIENTED_EDGE('',*,*,#3501,.F.);
#2127=ORIENTED_EDGE('',*,*,#3494,.F.);
#2128=ORIENTED_EDGE('',*,*,#3500,.F.);
#2129=ORIENTED_EDGE('',*,*,#3502,.T.);
#2130=CARTESIAN_POINT('',(9.1059,0.0,-10.9855));
#2131=DIRECTION('',(0.952424147199317,0.0,-0.304775727103806));
#2132=DIRECTION('',(0.0,-1.0,0.0));
#2133=ORIENTED_EDGE('',*,*,#3502,.F.);
#2134=ORIENTED_EDGE('',*,*,#3499,.T.);
#2135=ORIENTED_EDGE('',*,*,#3503,.F.);
#2136=ORIENTED_EDGE('',*,*,#3504,.F.);
#2137=CARTESIAN_POINT('',(8.5725,-0.3175,-11.303));
#2138=DIRECTION('',(0.0,0.0,-1.0));
#2139=DIRECTION('',(0.0,-1.0,0.0));
#2140=ORIENTED_EDGE('',*,*,#3501,.T.);
#2141=ORIENTED_EDGE('',*,*,#3504,.T.);
#2142=ORIENTED_EDGE('',*,*,#3505,.T.);
#2143=ORIENTED_EDGE('',*,*,#3490,.F.);
#2144=CARTESIAN_POINT('',(8.89,0.2159,-10.9855));
#2145=DIRECTION('',(0.0,0.952424147199317,-0.304775727103806));
#2146=DIRECTION('',(-1.0,0.0,0.0));
#2147=ORIENTED_EDGE('',*,*,#3505,.F.);
#2148=ORIENTED_EDGE('',*,*,#3503,.T.);
#2149=ORIENTED_EDGE('',*,*,#3498,.T.);
#2150=ORIENTED_EDGE('',*,*,#3479,.F.);
#2151=CARTESIAN_POINT('',(8.6741,0.0,-10.9855));
#2152=DIRECTION('',(-0.952424147199317,0.0,-0.304775727103806));
#2153=DIRECTION('',(-0.304775727103806,0.0,0.952424147199317));
#2154=ORIENTED_EDGE('',*,*,#3506,.F.);
#2155=ORIENTED_EDGE('',*,*,#3281,.F.);
#2156=ORIENTED_EDGE('',*,*,#3507,.F.);
#2157=ORIENTED_EDGE('',*,*,#3508,.T.);
#2158=CARTESIAN_POINT('',(6.0325,0.0,0.0));
#2159=DIRECTION('',(1.0,0.0,0.0));
#2160=DIRECTION('',(0.0,1.0,0.0));
#2161=ORIENTED_EDGE('',*,*,#3509,.F.);
#2162=ORIENTED_EDGE('',*,*,#3362,.T.);
#2163=ORIENTED_EDGE('',*,*,#3510,.F.);
#2164=ORIENTED_EDGE('',*,*,#3511,.T.);
#2165=CARTESIAN_POINT('',(6.0325,0.0,0.0));
#2166=DIRECTION('',(1.0,0.0,0.0));
#2167=DIRECTION('',(0.0,1.0,0.0));
#2168=ORIENTED_EDGE('',*,*,#3512,.F.);
#2169=ORIENTED_EDGE('',*,*,#3508,.F.);
#2170=ORIENTED_EDGE('',*,*,#3513,.F.);
#2171=ORIENTED_EDGE('',*,*,#3514,.T.);
#2172=CARTESIAN_POINT('',(6.1341,0.0,0.6985));
#2173=DIRECTION('',(-0.952424147199317,0.0,0.304775727103806));
#2174=DIRECTION('',(0.0,1.0,0.0));
#2175=ORIENTED_EDGE('',*,*,#3514,.F.);
#2176=ORIENTED_EDGE('',*,*,#3515,.F.);
#2177=ORIENTED_EDGE('',*,*,#3516,.F.);
#2178=ORIENTED_EDGE('',*,*,#3517,.T.);
#2179=CARTESIAN_POINT('',(6.0325,0.3175,1.016));
#2180=DIRECTION('',(0.0,0.0,1.0));
#2181=DIRECTION('',(1.0,0.0,0.0));
#2182=ORIENTED_EDGE('',*,*,#3518,.T.);
#2183=ORIENTED_EDGE('',*,*,#3519,.T.);
#2184=ORIENTED_EDGE('',*,*,#3512,.T.);
#2185=ORIENTED_EDGE('',*,*,#3517,.F.);
#2186=CARTESIAN_POINT('',(6.35,0.2159,0.6985));
#2187=DIRECTION('',(0.0,0.952424147199317,0.304775727103806));
#2188=DIRECTION('',(1.0,0.0,-0.0));
#2189=ORIENTED_EDGE('',*,*,#3520,.F.);
#2190=ORIENTED_EDGE('',*,*,#3278,.F.);
#2191=ORIENTED_EDGE('',*,*,#3506,.T.);
#2192=ORIENTED_EDGE('',*,*,#3519,.F.);
#2193=CARTESIAN_POINT('',(6.0325,0.3175,-11.303));
#2194=DIRECTION('',(-0.0,1.0,0.0));
#2195=DIRECTION('',(1.0,0.0,0.0));
#2196=ORIENTED_EDGE('',*,*,#3510,.T.);
#2197=ORIENTED_EDGE('',*,*,#3361,.T.);
#2198=ORIENTED_EDGE('',*,*,#3521,.F.);
#2199=ORIENTED_EDGE('',*,*,#3522,.T.);
#2200=CARTESIAN_POINT('',(6.0325,0.3175,-11.303));
#2201=DIRECTION('',(-0.0,1.0,0.0));
#2202=DIRECTION('',(1.0,0.0,0.0));
#2203=ORIENTED_EDGE('',*,*,#3523,.T.);
#2204=ORIENTED_EDGE('',*,*,#3279,.T.);
#2205=ORIENTED_EDGE('',*,*,#3520,.T.);
#2206=ORIENTED_EDGE('',*,*,#3524,.T.);
#2207=CARTESIAN_POINT('',(6.6675,0.0,0.0));
#2208=DIRECTION('',(1.0,0.0,0.0));
#2209=DIRECTION('',(0.0,1.0,0.0));
#2210=ORIENTED_EDGE('',*,*,#3521,.T.);
#2211=ORIENTED_EDGE('',*,*,#3360,.F.);
#2212=ORIENTED_EDGE('',*,*,#3525,.T.);
#2213=ORIENTED_EDGE('',*,*,#3526,.T.);
#2214=CARTESIAN_POINT('',(6.6675,0.0,0.0));
#2215=DIRECTION('',(1.0,0.0,0.0));
#2216=DIRECTION('',(0.0,1.0,0.0));
#2217=ORIENTED_EDGE('',*,*,#3527,.F.);
#2218=ORIENTED_EDGE('',*,*,#3524,.F.);
#2219=ORIENTED_EDGE('',*,*,#3518,.F.);
#2220=ORIENTED_EDGE('',*,*,#3516,.T.);
#2221=CARTESIAN_POINT('',(6.5659,0.0,0.6985));
#2222=DIRECTION('',(0.952424147199317,0.0,0.304775727103806));
#2223=DIRECTION('',(0.0,-1.0,0.0));
#2224=ORIENTED_EDGE('',*,*,#3527,.T.);
#2225=ORIENTED_EDGE('',*,*,#3515,.T.);
#2226=ORIENTED_EDGE('',*,*,#3513,.T.);
#2227=ORIENTED_EDGE('',*,*,#3528,.F.);
#2228=CARTESIAN_POINT('',(6.35,-0.2159,0.6985));
#2229=DIRECTION('',(0.0,-0.952424147199317,0.304775727103806));
#2230=DIRECTION('',(-1.0,0.0,0.0));
#2231=ORIENTED_EDGE('',*,*,#3507,.T.);
#2232=ORIENTED_EDGE('',*,*,#3280,.T.);
#2233=ORIENTED_EDGE('',*,*,#3523,.F.);
#2234=ORIENTED_EDGE('',*,*,#3528,.T.);
#2235=CARTESIAN_POINT('',(6.0325,-0.3175,1.016));
#2236=DIRECTION('',(0.0,-1.0,0.0));
#2237=DIRECTION('',(0.0,0.0,-1.0));
#2238=ORIENTED_EDGE('',*,*,#3525,.F.);
#2239=ORIENTED_EDGE('',*,*,#3359,.F.);
#2240=ORIENTED_EDGE('',*,*,#3509,.T.);
#2241=ORIENTED_EDGE('',*,*,#3529,.F.);
#2242=CARTESIAN_POINT('',(6.0325,-0.3175,1.016));
#2243=DIRECTION('',(0.0,-1.0,0.0));
#2244=DIRECTION('',(0.0,0.0,-1.0));
#2245=ORIENTED_EDGE('',*,*,#3530,.F.);
#2246=ORIENTED_EDGE('',*,*,#3531,.F.);
#2247=ORIENTED_EDGE('',*,*,#3532,.T.);
#2248=ORIENTED_EDGE('',*,*,#3529,.T.);
#2249=CARTESIAN_POINT('',(6.35,-0.2159,-10.9855));
#2250=DIRECTION('',(0.0,-0.952424147199317,-0.304775727103806));
#2251=DIRECTION('',(0.0,0.304775727103806,-0.952424147199317));
#2252=ORIENTED_EDGE('',*,*,#3533,.F.);
#2253=ORIENTED_EDGE('',*,*,#3526,.F.);
#2254=ORIENTED_EDGE('',*,*,#3532,.F.);
#2255=ORIENTED_EDGE('',*,*,#3534,.T.);
#2256=CARTESIAN_POINT('',(6.5659,0.0,-10.9855));
#2257=DIRECTION('',(0.952424147199317,0.0,-0.304775727103806));
#2258=DIRECTION('',(0.0,-1.0,0.0));
#2259=ORIENTED_EDGE('',*,*,#3534,.F.);
#2260=ORIENTED_EDGE('',*,*,#3531,.T.);
#2261=ORIENTED_EDGE('',*,*,#3535,.F.);
#2262=ORIENTED_EDGE('',*,*,#3536,.F.);
#2263=CARTESIAN_POINT('',(6.0325,-0.3175,-11.303));
#2264=DIRECTION('',(0.0,0.0,-1.0));
#2265=DIRECTION('',(0.0,-1.0,0.0));
#2266=ORIENTED_EDGE('',*,*,#3533,.T.);
#2267=ORIENTED_EDGE('',*,*,#3536,.T.);
#2268=ORIENTED_EDGE('',*,*,#3537,.T.);
#2269=ORIENTED_EDGE('',*,*,#3522,.F.);
#2270=CARTESIAN_POINT('',(6.35,0.2159,-10.9855));
#2271=DIRECTION('',(0.0,0.952424147199317,-0.304775727103806));
#2272=DIRECTION('',(-1.0,0.0,0.0));
#2273=ORIENTED_EDGE('',*,*,#3537,.F.);
#2274=ORIENTED_EDGE('',*,*,#3535,.T.);
#2275=ORIENTED_EDGE('',*,*,#3530,.T.);
#2276=ORIENTED_EDGE('',*,*,#3511,.F.);
#2277=CARTESIAN_POINT('',(6.1341,0.0,-10.9855));
#2278=DIRECTION('',(-0.952424147199317,0.0,-0.304775727103806));
#2279=DIRECTION('',(-0.304775727103806,0.0,0.952424147199317));
#2280=ORIENTED_EDGE('',*,*,#3538,.F.);
#2281=ORIENTED_EDGE('',*,*,#3285,.F.);
#2282=ORIENTED_EDGE('',*,*,#3539,.F.);
#2283=ORIENTED_EDGE('',*,*,#3540,.T.);
#2284=CARTESIAN_POINT('',(3.4925,0.0,0.0));
#2285=DIRECTION('',(1.0,0.0,0.0));
#2286=DIRECTION('',(0.0,1.0,0.0));
#2287=ORIENTED_EDGE('',*,*,#3541,.F.);
#2288=ORIENTED_EDGE('',*,*,#3366,.T.);
#2289=ORIENTED_EDGE('',*,*,#3542,.F.);
#2290=ORIENTED_EDGE('',*,*,#3543,.T.);
#2291=CARTESIAN_POINT('',(3.4925,0.0,0.0));
#2292=DIRECTION('',(1.0,0.0,0.0));
#2293=DIRECTION('',(0.0,1.0,0.0));
#2294=ORIENTED_EDGE('',*,*,#3544,.F.);
#2295=ORIENTED_EDGE('',*,*,#3540,.F.);
#2296=ORIENTED_EDGE('',*,*,#3545,.F.);
#2297=ORIENTED_EDGE('',*,*,#3546,.T.);
#2298=CARTESIAN_POINT('',(3.5941,0.0,0.6985));
#2299=DIRECTION('',(-0.952424147199317,0.0,0.304775727103806));
#2300=DIRECTION('',(0.0,1.0,0.0));
#2301=ORIENTED_EDGE('',*,*,#3546,.F.);
#2302=ORIENTED_EDGE('',*,*,#3547,.F.);
#2303=ORIENTED_EDGE('',*,*,#3548,.F.);
#2304=ORIENTED_EDGE('',*,*,#3549,.T.);
#2305=CARTESIAN_POINT('',(3.4925,0.3175,1.016));
#2306=DIRECTION('',(0.0,0.0,1.0));
#2307=DIRECTION('',(1.0,0.0,0.0));
#2308=ORIENTED_EDGE('',*,*,#3550,.T.);
#2309=ORIENTED_EDGE('',*,*,#3551,.T.);
#2310=ORIENTED_EDGE('',*,*,#3544,.T.);
#2311=ORIENTED_EDGE('',*,*,#3549,.F.);
#2312=CARTESIAN_POINT('',(3.81,0.2159,0.6985));
#2313=DIRECTION('',(0.0,0.952424147199317,0.304775727103806));
#2314=DIRECTION('',(1.0,0.0,-0.0));
#2315=ORIENTED_EDGE('',*,*,#3552,.F.);
#2316=ORIENTED_EDGE('',*,*,#3282,.F.);
#2317=ORIENTED_EDGE('',*,*,#3538,.T.);
#2318=ORIENTED_EDGE('',*,*,#3551,.F.);
#2319=CARTESIAN_POINT('',(3.4925,0.3175,-11.303));
#2320=DIRECTION('',(-0.0,1.0,0.0));
#2321=DIRECTION('',(1.0,0.0,0.0));
#2322=ORIENTED_EDGE('',*,*,#3542,.T.);
#2323=ORIENTED_EDGE('',*,*,#3365,.T.);
#2324=ORIENTED_EDGE('',*,*,#3553,.F.);
#2325=ORIENTED_EDGE('',*,*,#3554,.T.);
#2326=CARTESIAN_POINT('',(3.4925,0.3175,-11.303));
#2327=DIRECTION('',(-0.0,1.0,0.0));
#2328=DIRECTION('',(1.0,0.0,0.0));
#2329=ORIENTED_EDGE('',*,*,#3555,.T.);
#2330=ORIENTED_EDGE('',*,*,#3283,.T.);
#2331=ORIENTED_EDGE('',*,*,#3552,.T.);
#2332=ORIENTED_EDGE('',*,*,#3556,.T.);
#2333=CARTESIAN_POINT('',(4.1275,0.0,0.0));
#2334=DIRECTION('',(1.0,0.0,0.0));
#2335=DIRECTION('',(0.0,1.0,0.0));
#2336=ORIENTED_EDGE('',*,*,#3553,.T.);
#2337=ORIENTED_EDGE('',*,*,#3364,.F.);
#2338=ORIENTED_EDGE('',*,*,#3557,.T.);
#2339=ORIENTED_EDGE('',*,*,#3558,.T.);
#2340=CARTESIAN_POINT('',(4.1275,0.0,0.0));
#2341=DIRECTION('',(1.0,0.0,0.0));
#2342=DIRECTION('',(0.0,1.0,0.0));
#2343=ORIENTED_EDGE('',*,*,#3559,.F.);
#2344=ORIENTED_EDGE('',*,*,#3556,.F.);
#2345=ORIENTED_EDGE('',*,*,#3550,.F.);
#2346=ORIENTED_EDGE('',*,*,#3548,.T.);
#2347=CARTESIAN_POINT('',(4.0259,0.0,0.6985));
#2348=DIRECTION('',(0.952424147199317,0.0,0.304775727103806));
#2349=DIRECTION('',(0.0,-1.0,0.0));
#2350=ORIENTED_EDGE('',*,*,#3559,.T.);
#2351=ORIENTED_EDGE('',*,*,#3547,.T.);
#2352=ORIENTED_EDGE('',*,*,#3545,.T.);
#2353=ORIENTED_EDGE('',*,*,#3560,.F.);
#2354=CARTESIAN_POINT('',(3.81,-0.2159,0.6985));
#2355=DIRECTION('',(0.0,-0.952424147199317,0.304775727103806));
#2356=DIRECTION('',(-1.0,0.0,0.0));
#2357=ORIENTED_EDGE('',*,*,#3539,.T.);
#2358=ORIENTED_EDGE('',*,*,#3284,.T.);
#2359=ORIENTED_EDGE('',*,*,#3555,.F.);
#2360=ORIENTED_EDGE('',*,*,#3560,.T.);
#2361=CARTESIAN_POINT('',(3.4925,-0.3175,1.016));
#2362=DIRECTION('',(0.0,-1.0,0.0));
#2363=DIRECTION('',(0.0,0.0,-1.0));
#2364=ORIENTED_EDGE('',*,*,#3557,.F.);
#2365=ORIENTED_EDGE('',*,*,#3363,.F.);
#2366=ORIENTED_EDGE('',*,*,#3541,.T.);
#2367=ORIENTED_EDGE('',*,*,#3561,.F.);
#2368=CARTESIAN_POINT('',(3.4925,-0.3175,1.016));
#2369=DIRECTION('',(0.0,-1.0,0.0));
#2370=DIRECTION('',(0.0,0.0,-1.0));
#2371=ORIENTED_EDGE('',*,*,#3562,.F.);
#2372=ORIENTED_EDGE('',*,*,#3563,.F.);
#2373=ORIENTED_EDGE('',*,*,#3564,.T.);
#2374=ORIENTED_EDGE('',*,*,#3561,.T.);
#2375=CARTESIAN_POINT('',(3.81,-0.2159,-10.9855));
#2376=DIRECTION('',(0.0,-0.952424147199317,-0.304775727103806));
#2377=DIRECTION('',(0.0,0.304775727103806,-0.952424147199317));
#2378=ORIENTED_EDGE('',*,*,#3565,.F.);
#2379=ORIENTED_EDGE('',*,*,#3558,.F.);
#2380=ORIENTED_EDGE('',*,*,#3564,.F.);
#2381=ORIENTED_EDGE('',*,*,#3566,.T.);
#2382=CARTESIAN_POINT('',(4.0259,0.0,-10.9855));
#2383=DIRECTION('',(0.952424147199317,0.0,-0.304775727103806));
#2384=DIRECTION('',(0.0,-1.0,0.0));
#2385=ORIENTED_EDGE('',*,*,#3566,.F.);
#2386=ORIENTED_EDGE('',*,*,#3563,.T.);
#2387=ORIENTED_EDGE('',*,*,#3567,.F.);
#2388=ORIENTED_EDGE('',*,*,#3568,.F.);
#2389=CARTESIAN_POINT('',(3.4925,-0.3175,-11.303));
#2390=DIRECTION('',(0.0,0.0,-1.0));
#2391=DIRECTION('',(0.0,-1.0,0.0));
#2392=ORIENTED_EDGE('',*,*,#3565,.T.);
#2393=ORIENTED_EDGE('',*,*,#3568,.T.);
#2394=ORIENTED_EDGE('',*,*,#3569,.T.);
#2395=ORIENTED_EDGE('',*,*,#3554,.F.);
#2396=CARTESIAN_POINT('',(3.81,0.2159,-10.9855));
#2397=DIRECTION('',(0.0,0.952424147199317,-0.304775727103806));
#2398=DIRECTION('',(-1.0,0.0,0.0));
#2399=ORIENTED_EDGE('',*,*,#3569,.F.);
#2400=ORIENTED_EDGE('',*,*,#3567,.T.);
#2401=ORIENTED_EDGE('',*,*,#3562,.T.);
#2402=ORIENTED_EDGE('',*,*,#3543,.F.);
#2403=CARTESIAN_POINT('',(3.5941,0.0,-10.9855));
#2404=DIRECTION('',(-0.952424147199317,0.0,-0.304775727103806));
#2405=DIRECTION('',(-0.304775727103806,0.0,0.952424147199317));
#2406=ORIENTED_EDGE('',*,*,#3570,.F.);
#2407=ORIENTED_EDGE('',*,*,#3289,.F.);
#2408=ORIENTED_EDGE('',*,*,#3571,.F.);
#2409=ORIENTED_EDGE('',*,*,#3572,.T.);
#2410=CARTESIAN_POINT('',(0.9525,0.0,0.0));
#2411=DIRECTION('',(1.0,0.0,0.0));
#2412=DIRECTION('',(0.0,1.0,0.0));
#2413=ORIENTED_EDGE('',*,*,#3573,.F.);
#2414=ORIENTED_EDGE('',*,*,#3370,.T.);
#2415=ORIENTED_EDGE('',*,*,#3574,.F.);
#2416=ORIENTED_EDGE('',*,*,#3575,.T.);
#2417=CARTESIAN_POINT('',(0.9525,0.0,0.0));
#2418=DIRECTION('',(1.0,0.0,0.0));
#2419=DIRECTION('',(0.0,1.0,0.0));
#2420=ORIENTED_EDGE('',*,*,#3576,.F.);
#2421=ORIENTED_EDGE('',*,*,#3572,.F.);
#2422=ORIENTED_EDGE('',*,*,#3577,.F.);
#2423=ORIENTED_EDGE('',*,*,#3578,.T.);
#2424=CARTESIAN_POINT('',(1.0541,0.0,0.6985));
#2425=DIRECTION('',(-0.952424147199317,0.0,0.304775727103806));
#2426=DIRECTION('',(0.0,1.0,0.0));
#2427=ORIENTED_EDGE('',*,*,#3578,.F.);
#2428=ORIENTED_EDGE('',*,*,#3579,.F.);
#2429=ORIENTED_EDGE('',*,*,#3580,.F.);
#2430=ORIENTED_EDGE('',*,*,#3581,.T.);
#2431=CARTESIAN_POINT('',(0.9525,0.3175,1.016));
#2432=DIRECTION('',(0.0,0.0,1.0));
#2433=DIRECTION('',(1.0,0.0,0.0));
#2434=ORIENTED_EDGE('',*,*,#3582,.T.);
#2435=ORIENTED_EDGE('',*,*,#3583,.T.);
#2436=ORIENTED_EDGE('',*,*,#3576,.T.);
#2437=ORIENTED_EDGE('',*,*,#3581,.F.);
#2438=CARTESIAN_POINT('',(1.27,0.2159,0.6985));
#2439=DIRECTION('',(0.0,0.952424147199317,0.304775727103806));
#2440=DIRECTION('',(1.0,0.0,-0.0));
#2441=ORIENTED_EDGE('',*,*,#3584,.F.);
#2442=ORIENTED_EDGE('',*,*,#3286,.F.);
#2443=ORIENTED_EDGE('',*,*,#3570,.T.);
#2444=ORIENTED_EDGE('',*,*,#3583,.F.);
#2445=CARTESIAN_POINT('',(0.9525,0.3175,-11.303));
#2446=DIRECTION('',(-0.0,1.0,0.0));
#2447=DIRECTION('',(1.0,0.0,0.0));
#2448=ORIENTED_EDGE('',*,*,#3574,.T.);
#2449=ORIENTED_EDGE('',*,*,#3369,.T.);
#2450=ORIENTED_EDGE('',*,*,#3585,.F.);
#2451=ORIENTED_EDGE('',*,*,#3586,.T.);
#2452=CARTESIAN_POINT('',(0.9525,0.3175,-11.303));
#2453=DIRECTION('',(-0.0,1.0,0.0));
#2454=DIRECTION('',(1.0,0.0,0.0));
#2455=ORIENTED_EDGE('',*,*,#3587,.T.);
#2456=ORIENTED_EDGE('',*,*,#3287,.T.);
#2457=ORIENTED_EDGE('',*,*,#3584,.T.);
#2458=ORIENTED_EDGE('',*,*,#3588,.T.);
#2459=CARTESIAN_POINT('',(1.5875,0.0,0.0));
#2460=DIRECTION('',(1.0,0.0,0.0));
#2461=DIRECTION('',(0.0,1.0,0.0));
#2462=ORIENTED_EDGE('',*,*,#3585,.T.);
#2463=ORIENTED_EDGE('',*,*,#3368,.F.);
#2464=ORIENTED_EDGE('',*,*,#3589,.T.);
#2465=ORIENTED_EDGE('',*,*,#3590,.T.);
#2466=CARTESIAN_POINT('',(1.5875,0.0,0.0));
#2467=DIRECTION('',(1.0,0.0,0.0));
#2468=DIRECTION('',(0.0,1.0,0.0));
#2469=ORIENTED_EDGE('',*,*,#3591,.F.);
#2470=ORIENTED_EDGE('',*,*,#3588,.F.);
#2471=ORIENTED_EDGE('',*,*,#3582,.F.);
#2472=ORIENTED_EDGE('',*,*,#3580,.T.);
#2473=CARTESIAN_POINT('',(1.4859,0.0,0.6985));
#2474=DIRECTION('',(0.952424147199317,0.0,0.304775727103806));
#2475=DIRECTION('',(0.0,-1.0,0.0));
#2476=ORIENTED_EDGE('',*,*,#3591,.T.);
#2477=ORIENTED_EDGE('',*,*,#3579,.T.);
#2478=ORIENTED_EDGE('',*,*,#3577,.T.);
#2479=ORIENTED_EDGE('',*,*,#3592,.F.);
#2480=CARTESIAN_POINT('',(1.27,-0.2159,0.6985));
#2481=DIRECTION('',(0.0,-0.952424147199317,0.304775727103806));
#2482=DIRECTION('',(-1.0,0.0,0.0));
#2483=ORIENTED_EDGE('',*,*,#3571,.T.);
#2484=ORIENTED_EDGE('',*,*,#3288,.T.);
#2485=ORIENTED_EDGE('',*,*,#3587,.F.);
#2486=ORIENTED_EDGE('',*,*,#3592,.T.);
#2487=CARTESIAN_POINT('',(0.9525,-0.3175,1.016));
#2488=DIRECTION('',(0.0,-1.0,0.0));
#2489=DIRECTION('',(0.0,0.0,-1.0));
#2490=ORIENTED_EDGE('',*,*,#3589,.F.);
#2491=ORIENTED_EDGE('',*,*,#3367,.F.);
#2492=ORIENTED_EDGE('',*,*,#3573,.T.);
#2493=ORIENTED_EDGE('',*,*,#3593,.F.);
#2494=CARTESIAN_POINT('',(0.9525,-0.3175,1.016));
#2495=DIRECTION('',(0.0,-1.0,0.0));
#2496=DIRECTION('',(0.0,0.0,-1.0));
#2497=ORIENTED_EDGE('',*,*,#3594,.F.);
#2498=ORIENTED_EDGE('',*,*,#3595,.F.);
#2499=ORIENTED_EDGE('',*,*,#3596,.T.);
#2500=ORIENTED_EDGE('',*,*,#3593,.T.);
#2501=CARTESIAN_POINT('',(1.27,-0.2159,-10.9855));
#2502=DIRECTION('',(0.0,-0.952424147199317,-0.304775727103806));
#2503=DIRECTION('',(0.0,0.304775727103806,-0.952424147199317));
#2504=ORIENTED_EDGE('',*,*,#3597,.F.);
#2505=ORIENTED_EDGE('',*,*,#3590,.F.);
#2506=ORIENTED_EDGE('',*,*,#3596,.F.);
#2507=ORIENTED_EDGE('',*,*,#3598,.T.);
#2508=CARTESIAN_POINT('',(1.4859,0.0,-10.9855));
#2509=DIRECTION('',(0.952424147199317,0.0,-0.304775727103806));
#2510=DIRECTION('',(0.0,-1.0,0.0));
#2511=ORIENTED_EDGE('',*,*,#3598,.F.);
#2512=ORIENTED_EDGE('',*,*,#3595,.T.);
#2513=ORIENTED_EDGE('',*,*,#3599,.F.);
#2514=ORIENTED_EDGE('',*,*,#3600,.F.);
#2515=CARTESIAN_POINT('',(0.9525,-0.3175,-11.303));
#2516=DIRECTION('',(0.0,0.0,-1.0));
#2517=DIRECTION('',(0.0,-1.0,0.0));
#2518=ORIENTED_EDGE('',*,*,#3597,.T.);
#2519=ORIENTED_EDGE('',*,*,#3600,.T.);
#2520=ORIENTED_EDGE('',*,*,#3601,.T.);
#2521=ORIENTED_EDGE('',*,*,#3586,.F.);
#2522=CARTESIAN_POINT('',(1.27,0.2159,-10.9855));
#2523=DIRECTION('',(0.0,0.952424147199317,-0.304775727103806));
#2524=DIRECTION('',(-1.0,0.0,0.0));
#2525=ORIENTED_EDGE('',*,*,#3601,.F.);
#2526=ORIENTED_EDGE('',*,*,#3599,.T.);
#2527=ORIENTED_EDGE('',*,*,#3594,.T.);
#2528=ORIENTED_EDGE('',*,*,#3575,.F.);
#2529=CARTESIAN_POINT('',(1.0541,0.0,-10.9855));
#2530=DIRECTION('',(-0.952424147199317,0.0,-0.304775727103806));
#2531=DIRECTION('',(-0.304775727103806,0.0,0.952424147199317));
#2532=ORIENTED_EDGE('',*,*,#3602,.F.);
#2533=ORIENTED_EDGE('',*,*,#3293,.F.);
#2534=ORIENTED_EDGE('',*,*,#3603,.F.);
#2535=ORIENTED_EDGE('',*,*,#3604,.T.);
#2536=CARTESIAN_POINT('',(-1.5875,0.0,0.0));
#2537=DIRECTION('',(1.0,0.0,0.0));
#2538=DIRECTION('',(0.0,1.0,0.0));
#2539=ORIENTED_EDGE('',*,*,#3605,.F.);
#2540=ORIENTED_EDGE('',*,*,#3374,.T.);
#2541=ORIENTED_EDGE('',*,*,#3606,.F.);
#2542=ORIENTED_EDGE('',*,*,#3607,.T.);
#2543=CARTESIAN_POINT('',(-1.5875,0.0,0.0));
#2544=DIRECTION('',(1.0,0.0,0.0));
#2545=DIRECTION('',(0.0,1.0,0.0));
#2546=ORIENTED_EDGE('',*,*,#3608,.F.);
#2547=ORIENTED_EDGE('',*,*,#3604,.F.);
#2548=ORIENTED_EDGE('',*,*,#3609,.F.);
#2549=ORIENTED_EDGE('',*,*,#3610,.T.);
#2550=CARTESIAN_POINT('',(-1.4859,0.0,0.6985));
#2551=DIRECTION('',(-0.952424147199317,0.0,0.304775727103806));
#2552=DIRECTION('',(0.0,1.0,0.0));
#2553=ORIENTED_EDGE('',*,*,#3610,.F.);
#2554=ORIENTED_EDGE('',*,*,#3611,.F.);
#2555=ORIENTED_EDGE('',*,*,#3612,.F.);
#2556=ORIENTED_EDGE('',*,*,#3613,.T.);
#2557=CARTESIAN_POINT('',(-1.5875,0.3175,1.016));
#2558=DIRECTION('',(0.0,0.0,1.0));
#2559=DIRECTION('',(1.0,0.0,0.0));
#2560=ORIENTED_EDGE('',*,*,#3614,.T.);
#2561=ORIENTED_EDGE('',*,*,#3615,.T.);
#2562=ORIENTED_EDGE('',*,*,#3608,.T.);
#2563=ORIENTED_EDGE('',*,*,#3613,.F.);
#2564=CARTESIAN_POINT('',(-1.27,0.2159,0.6985));
#2565=DIRECTION('',(0.0,0.952424147199317,0.304775727103806));
#2566=DIRECTION('',(1.0,0.0,-0.0));
#2567=ORIENTED_EDGE('',*,*,#3616,.F.);
#2568=ORIENTED_EDGE('',*,*,#3290,.F.);
#2569=ORIENTED_EDGE('',*,*,#3602,.T.);
#2570=ORIENTED_EDGE('',*,*,#3615,.F.);
#2571=CARTESIAN_POINT('',(-1.5875,0.3175,-11.303));
#2572=DIRECTION('',(-0.0,1.0,0.0));
#2573=DIRECTION('',(1.0,0.0,0.0));
#2574=ORIENTED_EDGE('',*,*,#3606,.T.);
#2575=ORIENTED_EDGE('',*,*,#3373,.T.);
#2576=ORIENTED_EDGE('',*,*,#3617,.F.);
#2577=ORIENTED_EDGE('',*,*,#3618,.T.);
#2578=CARTESIAN_POINT('',(-1.5875,0.3175,-11.303));
#2579=DIRECTION('',(-0.0,1.0,0.0));
#2580=DIRECTION('',(1.0,0.0,0.0));
#2581=ORIENTED_EDGE('',*,*,#3619,.T.);
#2582=ORIENTED_EDGE('',*,*,#3291,.T.);
#2583=ORIENTED_EDGE('',*,*,#3616,.T.);
#2584=ORIENTED_EDGE('',*,*,#3620,.T.);
#2585=CARTESIAN_POINT('',(-0.9525,0.0,0.0));
#2586=DIRECTION('',(1.0,0.0,0.0));
#2587=DIRECTION('',(0.0,1.0,0.0));
#2588=ORIENTED_EDGE('',*,*,#3617,.T.);
#2589=ORIENTED_EDGE('',*,*,#3372,.F.);
#2590=ORIENTED_EDGE('',*,*,#3621,.T.);
#2591=ORIENTED_EDGE('',*,*,#3622,.T.);
#2592=CARTESIAN_POINT('',(-0.9525,0.0,0.0));
#2593=DIRECTION('',(1.0,0.0,0.0));
#2594=DIRECTION('',(0.0,1.0,0.0));
#2595=ORIENTED_EDGE('',*,*,#3623,.F.);
#2596=ORIENTED_EDGE('',*,*,#3620,.F.);
#2597=ORIENTED_EDGE('',*,*,#3614,.F.);
#2598=ORIENTED_EDGE('',*,*,#3612,.T.);
#2599=CARTESIAN_POINT('',(-1.0541,0.0,0.6985));
#2600=DIRECTION('',(0.952424147199317,0.0,0.304775727103806));
#2601=DIRECTION('',(0.0,-1.0,0.0));
#2602=ORIENTED_EDGE('',*,*,#3623,.T.);
#2603=ORIENTED_EDGE('',*,*,#3611,.T.);
#2604=ORIENTED_EDGE('',*,*,#3609,.T.);
#2605=ORIENTED_EDGE('',*,*,#3624,.F.);
#2606=CARTESIAN_POINT('',(-1.27,-0.2159,0.6985));
#2607=DIRECTION('',(0.0,-0.952424147199317,0.304775727103806));
#2608=DIRECTION('',(-1.0,0.0,0.0));
#2609=ORIENTED_EDGE('',*,*,#3603,.T.);
#2610=ORIENTED_EDGE('',*,*,#3292,.T.);
#2611=ORIENTED_EDGE('',*,*,#3619,.F.);
#2612=ORIENTED_EDGE('',*,*,#3624,.T.);
#2613=CARTESIAN_POINT('',(-1.5875,-0.3175,1.016));
#2614=DIRECTION('',(0.0,-1.0,0.0));
#2615=DIRECTION('',(0.0,0.0,-1.0));
#2616=ORIENTED_EDGE('',*,*,#3621,.F.);
#2617=ORIENTED_EDGE('',*,*,#3371,.F.);
#2618=ORIENTED_EDGE('',*,*,#3605,.T.);
#2619=ORIENTED_EDGE('',*,*,#3625,.F.);
#2620=CARTESIAN_POINT('',(-1.5875,-0.3175,1.016));
#2621=DIRECTION('',(0.0,-1.0,0.0));
#2622=DIRECTION('',(0.0,0.0,-1.0));
#2623=ORIENTED_EDGE('',*,*,#3626,.F.);
#2624=ORIENTED_EDGE('',*,*,#3627,.F.);
#2625=ORIENTED_EDGE('',*,*,#3628,.T.);
#2626=ORIENTED_EDGE('',*,*,#3625,.T.);
#2627=CARTESIAN_POINT('',(-1.27,-0.2159,-10.9855));
#2628=DIRECTION('',(0.0,-0.952424147199317,-0.304775727103806));
#2629=DIRECTION('',(0.0,0.304775727103806,-0.952424147199317));
#2630=ORIENTED_EDGE('',*,*,#3629,.F.);
#2631=ORIENTED_EDGE('',*,*,#3622,.F.);
#2632=ORIENTED_EDGE('',*,*,#3628,.F.);
#2633=ORIENTED_EDGE('',*,*,#3630,.T.);
#2634=CARTESIAN_POINT('',(-1.0541,0.0,-10.9855));
#2635=DIRECTION('',(0.952424147199317,0.0,-0.304775727103806));
#2636=DIRECTION('',(0.0,-1.0,0.0));
#2637=ORIENTED_EDGE('',*,*,#3630,.F.);
#2638=ORIENTED_EDGE('',*,*,#3627,.T.);
#2639=ORIENTED_EDGE('',*,*,#3631,.F.);
#2640=ORIENTED_EDGE('',*,*,#3632,.F.);
#2641=CARTESIAN_POINT('',(-1.5875,-0.3175,-11.303));
#2642=DIRECTION('',(0.0,0.0,-1.0));
#2643=DIRECTION('',(0.0,-1.0,0.0));
#2644=ORIENTED_EDGE('',*,*,#3629,.T.);
#2645=ORIENTED_EDGE('',*,*,#3632,.T.);
#2646=ORIENTED_EDGE('',*,*,#3633,.T.);
#2647=ORIENTED_EDGE('',*,*,#3618,.F.);
#2648=CARTESIAN_POINT('',(-1.27,0.2159,-10.9855));
#2649=DIRECTION('',(0.0,0.952424147199317,-0.304775727103806));
#2650=DIRECTION('',(-1.0,0.0,0.0));
#2651=ORIENTED_EDGE('',*,*,#3633,.F.);
#2652=ORIENTED_EDGE('',*,*,#3631,.T.);
#2653=ORIENTED_EDGE('',*,*,#3626,.T.);
#2654=ORIENTED_EDGE('',*,*,#3607,.F.);
#2655=CARTESIAN_POINT('',(-1.4859,0.0,-10.9855));
#2656=DIRECTION('',(-0.952424147199317,0.0,-0.304775727103806));
#2657=DIRECTION('',(-0.304775727103806,0.0,0.952424147199317));
#2658=ORIENTED_EDGE('',*,*,#3634,.F.);
#2659=ORIENTED_EDGE('',*,*,#3297,.F.);
#2660=ORIENTED_EDGE('',*,*,#3635,.F.);
#2661=ORIENTED_EDGE('',*,*,#3636,.T.);
#2662=CARTESIAN_POINT('',(-4.1275,0.0,0.0));
#2663=DIRECTION('',(1.0,0.0,0.0));
#2664=DIRECTION('',(0.0,1.0,0.0));
#2665=ORIENTED_EDGE('',*,*,#3637,.F.);
#2666=ORIENTED_EDGE('',*,*,#3378,.T.);
#2667=ORIENTED_EDGE('',*,*,#3638,.F.);
#2668=ORIENTED_EDGE('',*,*,#3639,.T.);
#2669=CARTESIAN_POINT('',(-4.1275,0.0,0.0));
#2670=DIRECTION('',(1.0,0.0,0.0));
#2671=DIRECTION('',(0.0,1.0,0.0));
#2672=ORIENTED_EDGE('',*,*,#3640,.F.);
#2673=ORIENTED_EDGE('',*,*,#3636,.F.);
#2674=ORIENTED_EDGE('',*,*,#3641,.F.);
#2675=ORIENTED_EDGE('',*,*,#3642,.T.);
#2676=CARTESIAN_POINT('',(-4.0259,0.0,0.6985));
#2677=DIRECTION('',(-0.952424147199317,0.0,0.304775727103806));
#2678=DIRECTION('',(0.0,1.0,0.0));
#2679=ORIENTED_EDGE('',*,*,#3642,.F.);
#2680=ORIENTED_EDGE('',*,*,#3643,.F.);
#2681=ORIENTED_EDGE('',*,*,#3644,.F.);
#2682=ORIENTED_EDGE('',*,*,#3645,.T.);
#2683=CARTESIAN_POINT('',(-4.1275,0.3175,1.016));
#2684=DIRECTION('',(0.0,0.0,1.0));
#2685=DIRECTION('',(1.0,0.0,0.0));
#2686=ORIENTED_EDGE('',*,*,#3646,.T.);
#2687=ORIENTED_EDGE('',*,*,#3647,.T.);
#2688=ORIENTED_EDGE('',*,*,#3640,.T.);
#2689=ORIENTED_EDGE('',*,*,#3645,.F.);
#2690=CARTESIAN_POINT('',(-3.81,0.2159,0.6985));
#2691=DIRECTION('',(0.0,0.952424147199317,0.304775727103806));
#2692=DIRECTION('',(1.0,0.0,-0.0));
#2693=ORIENTED_EDGE('',*,*,#3648,.F.);
#2694=ORIENTED_EDGE('',*,*,#3294,.F.);
#2695=ORIENTED_EDGE('',*,*,#3634,.T.);
#2696=ORIENTED_EDGE('',*,*,#3647,.F.);
#2697=CARTESIAN_POINT('',(-4.1275,0.3175,-11.303));
#2698=DIRECTION('',(-0.0,1.0,0.0));
#2699=DIRECTION('',(1.0,0.0,0.0));
#2700=ORIENTED_EDGE('',*,*,#3638,.T.);
#2701=ORIENTED_EDGE('',*,*,#3377,.T.);
#2702=ORIENTED_EDGE('',*,*,#3649,.F.);
#2703=ORIENTED_EDGE('',*,*,#3650,.T.);
#2704=CARTESIAN_POINT('',(-4.1275,0.3175,-11.303));
#2705=DIRECTION('',(-0.0,1.0,0.0));
#2706=DIRECTION('',(1.0,0.0,0.0));
#2707=ORIENTED_EDGE('',*,*,#3651,.T.);
#2708=ORIENTED_EDGE('',*,*,#3295,.T.);
#2709=ORIENTED_EDGE('',*,*,#3648,.T.);
#2710=ORIENTED_EDGE('',*,*,#3652,.T.);
#2711=CARTESIAN_POINT('',(-3.4925,0.0,0.0));
#2712=DIRECTION('',(1.0,0.0,0.0));
#2713=DIRECTION('',(0.0,1.0,0.0));
#2714=ORIENTED_EDGE('',*,*,#3649,.T.);
#2715=ORIENTED_EDGE('',*,*,#3376,.F.);
#2716=ORIENTED_EDGE('',*,*,#3653,.T.);
#2717=ORIENTED_EDGE('',*,*,#3654,.T.);
#2718=CARTESIAN_POINT('',(-3.4925,0.0,0.0));
#2719=DIRECTION('',(1.0,0.0,0.0));
#2720=DIRECTION('',(0.0,1.0,0.0));
#2721=ORIENTED_EDGE('',*,*,#3655,.F.);
#2722=ORIENTED_EDGE('',*,*,#3652,.F.);
#2723=ORIENTED_EDGE('',*,*,#3646,.F.);
#2724=ORIENTED_EDGE('',*,*,#3644,.T.);
#2725=CARTESIAN_POINT('',(-3.5941,0.0,0.6985));
#2726=DIRECTION('',(0.952424147199317,0.0,0.304775727103806));
#2727=DIRECTION('',(0.0,-1.0,0.0));
#2728=ORIENTED_EDGE('',*,*,#3655,.T.);
#2729=ORIENTED_EDGE('',*,*,#3643,.T.);
#2730=ORIENTED_EDGE('',*,*,#3641,.T.);
#2731=ORIENTED_EDGE('',*,*,#3656,.F.);
#2732=CARTESIAN_POINT('',(-3.81,-0.2159,0.6985));
#2733=DIRECTION('',(0.0,-0.952424147199317,0.304775727103806));
#2734=DIRECTION('',(-1.0,0.0,0.0));
#2735=ORIENTED_EDGE('',*,*,#3635,.T.);
#2736=ORIENTED_EDGE('',*,*,#3296,.T.);
#2737=ORIENTED_EDGE('',*,*,#3651,.F.);
#2738=ORIENTED_EDGE('',*,*,#3656,.T.);
#2739=CARTESIAN_POINT('',(-4.1275,-0.3175,1.016));
#2740=DIRECTION('',(0.0,-1.0,0.0));
#2741=DIRECTION('',(0.0,0.0,-1.0));
#2742=ORIENTED_EDGE('',*,*,#3653,.F.);
#2743=ORIENTED_EDGE('',*,*,#3375,.F.);
#2744=ORIENTED_EDGE('',*,*,#3637,.T.);
#2745=ORIENTED_EDGE('',*,*,#3657,.F.);
#2746=CARTESIAN_POINT('',(-4.1275,-0.3175,1.016));
#2747=DIRECTION('',(0.0,-1.0,0.0));
#2748=DIRECTION('',(0.0,0.0,-1.0));
#2749=ORIENTED_EDGE('',*,*,#3658,.F.);
#2750=ORIENTED_EDGE('',*,*,#3659,.F.);
#2751=ORIENTED_EDGE('',*,*,#3660,.T.);
#2752=ORIENTED_EDGE('',*,*,#3657,.T.);
#2753=CARTESIAN_POINT('',(-3.81,-0.2159,-10.9855));
#2754=DIRECTION('',(0.0,-0.952424147199317,-0.304775727103806));
#2755=DIRECTION('',(0.0,0.304775727103806,-0.952424147199317));
#2756=ORIENTED_EDGE('',*,*,#3661,.F.);
#2757=ORIENTED_EDGE('',*,*,#3654,.F.);
#2758=ORIENTED_EDGE('',*,*,#3660,.F.);
#2759=ORIENTED_EDGE('',*,*,#3662,.T.);
#2760=CARTESIAN_POINT('',(-3.5941,0.0,-10.9855));
#2761=DIRECTION('',(0.952424147199317,0.0,-0.304775727103806));
#2762=DIRECTION('',(0.0,-1.0,0.0));
#2763=ORIENTED_EDGE('',*,*,#3662,.F.);
#2764=ORIENTED_EDGE('',*,*,#3659,.T.);
#2765=ORIENTED_EDGE('',*,*,#3663,.F.);
#2766=ORIENTED_EDGE('',*,*,#3664,.F.);
#2767=CARTESIAN_POINT('',(-4.1275,-0.3175,-11.303));
#2768=DIRECTION('',(0.0,0.0,-1.0));
#2769=DIRECTION('',(0.0,-1.0,0.0));
#2770=ORIENTED_EDGE('',*,*,#3661,.T.);
#2771=ORIENTED_EDGE('',*,*,#3664,.T.);
#2772=ORIENTED_EDGE('',*,*,#3665,.T.);
#2773=ORIENTED_EDGE('',*,*,#3650,.F.);
#2774=CARTESIAN_POINT('',(-3.81,0.2159,-10.9855));
#2775=DIRECTION('',(0.0,0.952424147199317,-0.304775727103806));
#2776=DIRECTION('',(-1.0,0.0,0.0));
#2777=ORIENTED_EDGE('',*,*,#3665,.F.);
#2778=ORIENTED_EDGE('',*,*,#3663,.T.);
#2779=ORIENTED_EDGE('',*,*,#3658,.T.);
#2780=ORIENTED_EDGE('',*,*,#3639,.F.);
#2781=CARTESIAN_POINT('',(-4.0259,0.0,-10.9855));
#2782=DIRECTION('',(-0.952424147199317,0.0,-0.304775727103806));
#2783=DIRECTION('',(-0.304775727103806,0.0,0.952424147199317));
#2784=ORIENTED_EDGE('',*,*,#3666,.F.);
#2785=ORIENTED_EDGE('',*,*,#3301,.F.);
#2786=ORIENTED_EDGE('',*,*,#3667,.F.);
#2787=ORIENTED_EDGE('',*,*,#3668,.T.);
#2788=CARTESIAN_POINT('',(-6.6675,0.0,0.0));
#2789=DIRECTION('',(1.0,0.0,0.0));
#2790=DIRECTION('',(0.0,1.0,0.0));
#2791=ORIENTED_EDGE('',*,*,#3669,.F.);
#2792=ORIENTED_EDGE('',*,*,#3382,.T.);
#2793=ORIENTED_EDGE('',*,*,#3670,.F.);
#2794=ORIENTED_EDGE('',*,*,#3671,.T.);
#2795=CARTESIAN_POINT('',(-6.6675,0.0,0.0));
#2796=DIRECTION('',(1.0,0.0,0.0));
#2797=DIRECTION('',(0.0,1.0,0.0));
#2798=ORIENTED_EDGE('',*,*,#3672,.F.);
#2799=ORIENTED_EDGE('',*,*,#3668,.F.);
#2800=ORIENTED_EDGE('',*,*,#3673,.F.);
#2801=ORIENTED_EDGE('',*,*,#3674,.T.);
#2802=CARTESIAN_POINT('',(-6.5659,0.0,0.6985));
#2803=DIRECTION('',(-0.952424147199317,0.0,0.304775727103806));
#2804=DIRECTION('',(0.0,1.0,0.0));
#2805=ORIENTED_EDGE('',*,*,#3674,.F.);
#2806=ORIENTED_EDGE('',*,*,#3675,.F.);
#2807=ORIENTED_EDGE('',*,*,#3676,.F.);
#2808=ORIENTED_EDGE('',*,*,#3677,.T.);
#2809=CARTESIAN_POINT('',(-6.6675,0.3175,1.016));
#2810=DIRECTION('',(0.0,0.0,1.0));
#2811=DIRECTION('',(1.0,0.0,0.0));
#2812=ORIENTED_EDGE('',*,*,#3678,.T.);
#2813=ORIENTED_EDGE('',*,*,#3679,.T.);
#2814=ORIENTED_EDGE('',*,*,#3672,.T.);
#2815=ORIENTED_EDGE('',*,*,#3677,.F.);
#2816=CARTESIAN_POINT('',(-6.35,0.2159,0.6985));
#2817=DIRECTION('',(0.0,0.952424147199317,0.304775727103806));
#2818=DIRECTION('',(1.0,0.0,-0.0));
#2819=ORIENTED_EDGE('',*,*,#3680,.F.);
#2820=ORIENTED_EDGE('',*,*,#3298,.F.);
#2821=ORIENTED_EDGE('',*,*,#3666,.T.);
#2822=ORIENTED_EDGE('',*,*,#3679,.F.);
#2823=CARTESIAN_POINT('',(-6.6675,0.3175,-11.303));
#2824=DIRECTION('',(-0.0,1.0,0.0));
#2825=DIRECTION('',(1.0,0.0,0.0));
#2826=ORIENTED_EDGE('',*,*,#3670,.T.);
#2827=ORIENTED_EDGE('',*,*,#3381,.T.);
#2828=ORIENTED_EDGE('',*,*,#3681,.F.);
#2829=ORIENTED_EDGE('',*,*,#3682,.T.);
#2830=CARTESIAN_POINT('',(-6.6675,0.3175,-11.303));
#2831=DIRECTION('',(-0.0,1.0,0.0));
#2832=DIRECTION('',(1.0,0.0,0.0));
#2833=ORIENTED_EDGE('',*,*,#3683,.T.);
#2834=ORIENTED_EDGE('',*,*,#3299,.T.);
#2835=ORIENTED_EDGE('',*,*,#3680,.T.);
#2836=ORIENTED_EDGE('',*,*,#3684,.T.);
#2837=CARTESIAN_POINT('',(-6.0325,0.0,0.0));
#2838=DIRECTION('',(1.0,0.0,0.0));
#2839=DIRECTION('',(0.0,1.0,0.0));
#2840=ORIENTED_EDGE('',*,*,#3681,.T.);
#2841=ORIENTED_EDGE('',*,*,#3380,.F.);
#2842=ORIENTED_EDGE('',*,*,#3685,.T.);
#2843=ORIENTED_EDGE('',*,*,#3686,.T.);
#2844=CARTESIAN_POINT('',(-6.0325,0.0,0.0));
#2845=DIRECTION('',(1.0,0.0,0.0));
#2846=DIRECTION('',(0.0,1.0,0.0));
#2847=ORIENTED_EDGE('',*,*,#3687,.F.);
#2848=ORIENTED_EDGE('',*,*,#3684,.F.);
#2849=ORIENTED_EDGE('',*,*,#3678,.F.);
#2850=ORIENTED_EDGE('',*,*,#3676,.T.);
#2851=CARTESIAN_POINT('',(-6.1341,0.0,0.6985));
#2852=DIRECTION('',(0.952424147199317,0.0,0.304775727103806));
#2853=DIRECTION('',(0.0,-1.0,0.0));
#2854=ORIENTED_EDGE('',*,*,#3687,.T.);
#2855=ORIENTED_EDGE('',*,*,#3675,.T.);
#2856=ORIENTED_EDGE('',*,*,#3673,.T.);
#2857=ORIENTED_EDGE('',*,*,#3688,.F.);
#2858=CARTESIAN_POINT('',(-6.35,-0.2159,0.6985));
#2859=DIRECTION('',(0.0,-0.952424147199317,0.304775727103806));
#2860=DIRECTION('',(-1.0,0.0,0.0));
#2861=ORIENTED_EDGE('',*,*,#3667,.T.);
#2862=ORIENTED_EDGE('',*,*,#3300,.T.);
#2863=ORIENTED_EDGE('',*,*,#3683,.F.);
#2864=ORIENTED_EDGE('',*,*,#3688,.T.);
#2865=CARTESIAN_POINT('',(-6.6675,-0.3175,1.016));
#2866=DIRECTION('',(0.0,-1.0,0.0));
#2867=DIRECTION('',(0.0,0.0,-1.0));
#2868=ORIENTED_EDGE('',*,*,#3685,.F.);
#2869=ORIENTED_EDGE('',*,*,#3379,.F.);
#2870=ORIENTED_EDGE('',*,*,#3669,.T.);
#2871=ORIENTED_EDGE('',*,*,#3689,.F.);
#2872=CARTESIAN_POINT('',(-6.6675,-0.3175,1.016));
#2873=DIRECTION('',(0.0,-1.0,0.0));
#2874=DIRECTION('',(0.0,0.0,-1.0));
#2875=ORIENTED_EDGE('',*,*,#3690,.F.);
#2876=ORIENTED_EDGE('',*,*,#3691,.F.);
#2877=ORIENTED_EDGE('',*,*,#3692,.T.);
#2878=ORIENTED_EDGE('',*,*,#3689,.T.);
#2879=CARTESIAN_POINT('',(-6.35,-0.2159,-10.9855));
#2880=DIRECTION('',(0.0,-0.952424147199317,-0.304775727103806));
#2881=DIRECTION('',(0.0,0.304775727103806,-0.952424147199317));
#2882=ORIENTED_EDGE('',*,*,#3693,.F.);
#2883=ORIENTED_EDGE('',*,*,#3686,.F.);
#2884=ORIENTED_EDGE('',*,*,#3692,.F.);
#2885=ORIENTED_EDGE('',*,*,#3694,.T.);
#2886=CARTESIAN_POINT('',(-6.1341,0.0,-10.9855));
#2887=DIRECTION('',(0.952424147199317,0.0,-0.304775727103806));
#2888=DIRECTION('',(0.0,-1.0,0.0));
#2889=ORIENTED_EDGE('',*,*,#3694,.F.);
#2890=ORIENTED_EDGE('',*,*,#3691,.T.);
#2891=ORIENTED_EDGE('',*,*,#3695,.F.);
#2892=ORIENTED_EDGE('',*,*,#3696,.F.);
#2893=CARTESIAN_POINT('',(-6.6675,-0.3175,-11.303));
#2894=DIRECTION('',(0.0,0.0,-1.0));
#2895=DIRECTION('',(0.0,-1.0,0.0));
#2896=ORIENTED_EDGE('',*,*,#3693,.T.);
#2897=ORIENTED_EDGE('',*,*,#3696,.T.);
#2898=ORIENTED_EDGE('',*,*,#3697,.T.);
#2899=ORIENTED_EDGE('',*,*,#3682,.F.);
#2900=CARTESIAN_POINT('',(-6.35,0.2159,-10.9855));
#2901=DIRECTION('',(0.0,0.952424147199317,-0.304775727103806));
#2902=DIRECTION('',(-1.0,0.0,0.0));
#2903=ORIENTED_EDGE('',*,*,#3697,.F.);
#2904=ORIENTED_EDGE('',*,*,#3695,.T.);
#2905=ORIENTED_EDGE('',*,*,#3690,.T.);
#2906=ORIENTED_EDGE('',*,*,#3671,.F.);
#2907=CARTESIAN_POINT('',(-6.5659,0.0,-10.9855));
#2908=DIRECTION('',(-0.952424147199317,0.0,-0.304775727103806));
#2909=DIRECTION('',(-0.304775727103806,0.0,0.952424147199317));
#2910=ORIENTED_EDGE('',*,*,#3698,.F.);
#2911=ORIENTED_EDGE('',*,*,#3305,.F.);
#2912=ORIENTED_EDGE('',*,*,#3699,.F.);
#2913=ORIENTED_EDGE('',*,*,#3700,.T.);
#2914=CARTESIAN_POINT('',(-9.2075,0.0,0.0));
#2915=DIRECTION('',(1.0,0.0,0.0));
#2916=DIRECTION('',(0.0,1.0,0.0));
#2917=ORIENTED_EDGE('',*,*,#3701,.F.);
#2918=ORIENTED_EDGE('',*,*,#3386,.T.);
#2919=ORIENTED_EDGE('',*,*,#3702,.F.);
#2920=ORIENTED_EDGE('',*,*,#3703,.T.);
#2921=CARTESIAN_POINT('',(-9.2075,0.0,0.0));
#2922=DIRECTION('',(1.0,0.0,0.0));
#2923=DIRECTION('',(0.0,1.0,0.0));
#2924=ORIENTED_EDGE('',*,*,#3704,.F.);
#2925=ORIENTED_EDGE('',*,*,#3700,.F.);
#2926=ORIENTED_EDGE('',*,*,#3705,.F.);
#2927=ORIENTED_EDGE('',*,*,#3706,.T.);
#2928=CARTESIAN_POINT('',(-9.1059,0.0,0.6985));
#2929=DIRECTION('',(-0.952424147199317,0.0,0.304775727103806));
#2930=DIRECTION('',(0.0,1.0,0.0));
#2931=ORIENTED_EDGE('',*,*,#3706,.F.);
#2932=ORIENTED_EDGE('',*,*,#3707,.F.);
#2933=ORIENTED_EDGE('',*,*,#3708,.F.);
#2934=ORIENTED_EDGE('',*,*,#3709,.T.);
#2935=CARTESIAN_POINT('',(-9.2075,0.3175,1.016));
#2936=DIRECTION('',(0.0,0.0,1.0));
#2937=DIRECTION('',(1.0,0.0,0.0));
#2938=ORIENTED_EDGE('',*,*,#3710,.T.);
#2939=ORIENTED_EDGE('',*,*,#3711,.T.);
#2940=ORIENTED_EDGE('',*,*,#3704,.T.);
#2941=ORIENTED_EDGE('',*,*,#3709,.F.);
#2942=CARTESIAN_POINT('',(-8.89,0.2159,0.6985));
#2943=DIRECTION('',(0.0,0.952424147199317,0.304775727103806));
#2944=DIRECTION('',(1.0,0.0,-0.0));
#2945=ORIENTED_EDGE('',*,*,#3712,.F.);
#2946=ORIENTED_EDGE('',*,*,#3302,.F.);
#2947=ORIENTED_EDGE('',*,*,#3698,.T.);
#2948=ORIENTED_EDGE('',*,*,#3711,.F.);
#2949=CARTESIAN_POINT('',(-9.2075,0.3175,-11.303));
#2950=DIRECTION('',(-0.0,1.0,0.0));
#2951=DIRECTION('',(1.0,0.0,0.0));
#2952=ORIENTED_EDGE('',*,*,#3702,.T.);
#2953=ORIENTED_EDGE('',*,*,#3385,.T.);
#2954=ORIENTED_EDGE('',*,*,#3713,.F.);
#2955=ORIENTED_EDGE('',*,*,#3714,.T.);
#2956=CARTESIAN_POINT('',(-9.2075,0.3175,-11.303));
#2957=DIRECTION('',(-0.0,1.0,0.0));
#2958=DIRECTION('',(1.0,0.0,0.0));
#2959=ORIENTED_EDGE('',*,*,#3715,.T.);
#2960=ORIENTED_EDGE('',*,*,#3303,.T.);
#2961=ORIENTED_EDGE('',*,*,#3712,.T.);
#2962=ORIENTED_EDGE('',*,*,#3716,.T.);
#2963=CARTESIAN_POINT('',(-8.5725,0.0,0.0));
#2964=DIRECTION('',(1.0,0.0,0.0));
#2965=DIRECTION('',(0.0,1.0,0.0));
#2966=ORIENTED_EDGE('',*,*,#3713,.T.);
#2967=ORIENTED_EDGE('',*,*,#3384,.F.);
#2968=ORIENTED_EDGE('',*,*,#3717,.T.);
#2969=ORIENTED_EDGE('',*,*,#3718,.T.);
#2970=CARTESIAN_POINT('',(-8.5725,0.0,0.0));
#2971=DIRECTION('',(1.0,0.0,0.0));
#2972=DIRECTION('',(0.0,1.0,0.0));
#2973=ORIENTED_EDGE('',*,*,#3719,.F.);
#2974=ORIENTED_EDGE('',*,*,#3716,.F.);
#2975=ORIENTED_EDGE('',*,*,#3710,.F.);
#2976=ORIENTED_EDGE('',*,*,#3708,.T.);
#2977=CARTESIAN_POINT('',(-8.6741,0.0,0.6985));
#2978=DIRECTION('',(0.952424147199317,0.0,0.304775727103806));
#2979=DIRECTION('',(0.0,-1.0,0.0));
#2980=ORIENTED_EDGE('',*,*,#3719,.T.);
#2981=ORIENTED_EDGE('',*,*,#3707,.T.);
#2982=ORIENTED_EDGE('',*,*,#3705,.T.);
#2983=ORIENTED_EDGE('',*,*,#3720,.F.);
#2984=CARTESIAN_POINT('',(-8.89,-0.2159,0.6985));
#2985=DIRECTION('',(0.0,-0.952424147199317,0.304775727103806));
#2986=DIRECTION('',(-1.0,0.0,0.0));
#2987=ORIENTED_EDGE('',*,*,#3699,.T.);
#2988=ORIENTED_EDGE('',*,*,#3304,.T.);
#2989=ORIENTED_EDGE('',*,*,#3715,.F.);
#2990=ORIENTED_EDGE('',*,*,#3720,.T.);
#2991=CARTESIAN_POINT('',(-9.2075,-0.3175,1.016));
#2992=DIRECTION('',(0.0,-1.0,0.0));
#2993=DIRECTION('',(0.0,0.0,-1.0));
#2994=ORIENTED_EDGE('',*,*,#3717,.F.);
#2995=ORIENTED_EDGE('',*,*,#3383,.F.);
#2996=ORIENTED_EDGE('',*,*,#3701,.T.);
#2997=ORIENTED_EDGE('',*,*,#3721,.F.);
#2998=CARTESIAN_POINT('',(-9.2075,-0.3175,1.016));
#2999=DIRECTION('',(0.0,-1.0,0.0));
#3000=DIRECTION('',(0.0,0.0,-1.0));
#3001=ORIENTED_EDGE('',*,*,#3722,.F.);
#3002=ORIENTED_EDGE('',*,*,#3723,.F.);
#3003=ORIENTED_EDGE('',*,*,#3724,.T.);
#3004=ORIENTED_EDGE('',*,*,#3721,.T.);
#3005=CARTESIAN_POINT('',(-8.89,-0.2159,-10.9855));
#3006=DIRECTION('',(0.0,-0.952424147199317,-0.304775727103806));
#3007=DIRECTION('',(0.0,0.304775727103806,-0.952424147199317));
#3008=ORIENTED_EDGE('',*,*,#3725,.F.);
#3009=ORIENTED_EDGE('',*,*,#3718,.F.);
#3010=ORIENTED_EDGE('',*,*,#3724,.F.);
#3011=ORIENTED_EDGE('',*,*,#3726,.T.);
#3012=CARTESIAN_POINT('',(-8.6741,0.0,-10.9855));
#3013=DIRECTION('',(0.952424147199317,0.0,-0.304775727103806));
#3014=DIRECTION('',(0.0,-1.0,0.0));
#3015=ORIENTED_EDGE('',*,*,#3726,.F.);
#3016=ORIENTED_EDGE('',*,*,#3723,.T.);
#3017=ORIENTED_EDGE('',*,*,#3727,.F.);
#3018=ORIENTED_EDGE('',*,*,#3728,.F.);
#3019=CARTESIAN_POINT('',(-9.2075,-0.3175,-11.303));
#3020=DIRECTION('',(0.0,0.0,-1.0));
#3021=DIRECTION('',(0.0,-1.0,0.0));
#3022=ORIENTED_EDGE('',*,*,#3725,.T.);
#3023=ORIENTED_EDGE('',*,*,#3728,.T.);
#3024=ORIENTED_EDGE('',*,*,#3729,.T.);
#3025=ORIENTED_EDGE('',*,*,#3714,.F.);
#3026=CARTESIAN_POINT('',(-8.89,0.2159,-10.9855));
#3027=DIRECTION('',(0.0,0.952424147199317,-0.304775727103806));
#3028=DIRECTION('',(-1.0,0.0,0.0));
#3029=ORIENTED_EDGE('',*,*,#3729,.F.);
#3030=ORIENTED_EDGE('',*,*,#3727,.T.);
#3031=ORIENTED_EDGE('',*,*,#3722,.T.);
#3032=ORIENTED_EDGE('',*,*,#3703,.F.);
#3033=CARTESIAN_POINT('',(-9.1059,0.0,-10.9855));
#3034=DIRECTION('',(-0.952424147199317,0.0,-0.304775727103806));
#3035=DIRECTION('',(-0.304775727103806,0.0,0.952424147199317));
#3036=ORIENTED_EDGE('',*,*,#3730,.F.);
#3037=ORIENTED_EDGE('',*,*,#3309,.F.);
#3038=ORIENTED_EDGE('',*,*,#3731,.F.);
#3039=ORIENTED_EDGE('',*,*,#3732,.T.);
#3040=CARTESIAN_POINT('',(-11.7475,0.0,0.0));
#3041=DIRECTION('',(1.0,0.0,0.0));
#3042=DIRECTION('',(0.0,1.0,0.0));
#3043=ORIENTED_EDGE('',*,*,#3733,.F.);
#3044=ORIENTED_EDGE('',*,*,#3390,.T.);
#3045=ORIENTED_EDGE('',*,*,#3734,.F.);
#3046=ORIENTED_EDGE('',*,*,#3735,.T.);
#3047=CARTESIAN_POINT('',(-11.7475,0.0,0.0));
#3048=DIRECTION('',(1.0,0.0,0.0));
#3049=DIRECTION('',(0.0,1.0,0.0));
#3050=ORIENTED_EDGE('',*,*,#3736,.F.);
#3051=ORIENTED_EDGE('',*,*,#3732,.F.);
#3052=ORIENTED_EDGE('',*,*,#3737,.F.);
#3053=ORIENTED_EDGE('',*,*,#3738,.T.);
#3054=CARTESIAN_POINT('',(-11.6459,0.0,0.6985));
#3055=DIRECTION('',(-0.952424147199317,0.0,0.304775727103806));
#3056=DIRECTION('',(0.0,1.0,0.0));
#3057=ORIENTED_EDGE('',*,*,#3738,.F.);
#3058=ORIENTED_EDGE('',*,*,#3739,.F.);
#3059=ORIENTED_EDGE('',*,*,#3740,.F.);
#3060=ORIENTED_EDGE('',*,*,#3741,.T.);
#3061=CARTESIAN_POINT('',(-11.7475,0.3175,1.016));
#3062=DIRECTION('',(0.0,0.0,1.0));
#3063=DIRECTION('',(1.0,0.0,0.0));
#3064=ORIENTED_EDGE('',*,*,#3742,.T.);
#3065=ORIENTED_EDGE('',*,*,#3743,.T.);
#3066=ORIENTED_EDGE('',*,*,#3736,.T.);
#3067=ORIENTED_EDGE('',*,*,#3741,.F.);
#3068=CARTESIAN_POINT('',(-11.43,0.2159,0.6985));
#3069=DIRECTION('',(0.0,0.952424147199317,0.304775727103806));
#3070=DIRECTION('',(1.0,0.0,-0.0));
#3071=ORIENTED_EDGE('',*,*,#3744,.F.);
#3072=ORIENTED_EDGE('',*,*,#3306,.F.);
#3073=ORIENTED_EDGE('',*,*,#3730,.T.);
#3074=ORIENTED_EDGE('',*,*,#3743,.F.);
#3075=CARTESIAN_POINT('',(-11.7475,0.3175,-11.303));
#3076=DIRECTION('',(-0.0,1.0,0.0));
#3077=DIRECTION('',(1.0,0.0,0.0));
#3078=ORIENTED_EDGE('',*,*,#3734,.T.);
#3079=ORIENTED_EDGE('',*,*,#3389,.T.);
#3080=ORIENTED_EDGE('',*,*,#3745,.F.);
#3081=ORIENTED_EDGE('',*,*,#3746,.T.);
#3082=CARTESIAN_POINT('',(-11.7475,0.3175,-11.303));
#3083=DIRECTION('',(-0.0,1.0,0.0));
#3084=DIRECTION('',(1.0,0.0,0.0));
#3085=ORIENTED_EDGE('',*,*,#3747,.T.);
#3086=ORIENTED_EDGE('',*,*,#3307,.T.);
#3087=ORIENTED_EDGE('',*,*,#3744,.T.);
#3088=ORIENTED_EDGE('',*,*,#3748,.T.);
#3089=CARTESIAN_POINT('',(-11.1125,0.0,0.0));
#3090=DIRECTION('',(1.0,0.0,0.0));
#3091=DIRECTION('',(0.0,1.0,0.0));
#3092=ORIENTED_EDGE('',*,*,#3745,.T.);
#3093=ORIENTED_EDGE('',*,*,#3388,.F.);
#3094=ORIENTED_EDGE('',*,*,#3749,.T.);
#3095=ORIENTED_EDGE('',*,*,#3750,.T.);
#3096=CARTESIAN_POINT('',(-11.1125,0.0,0.0));
#3097=DIRECTION('',(1.0,0.0,0.0));
#3098=DIRECTION('',(0.0,1.0,0.0));
#3099=ORIENTED_EDGE('',*,*,#3751,.F.);
#3100=ORIENTED_EDGE('',*,*,#3748,.F.);
#3101=ORIENTED_EDGE('',*,*,#3742,.F.);
#3102=ORIENTED_EDGE('',*,*,#3740,.T.);
#3103=CARTESIAN_POINT('',(-11.2141,0.0,0.6985));
#3104=DIRECTION('',(0.952424147199317,0.0,0.304775727103806));
#3105=DIRECTION('',(0.0,-1.0,0.0));
#3106=ORIENTED_EDGE('',*,*,#3751,.T.);
#3107=ORIENTED_EDGE('',*,*,#3739,.T.);
#3108=ORIENTED_EDGE('',*,*,#3737,.T.);
#3109=ORIENTED_EDGE('',*,*,#3752,.F.);
#3110=CARTESIAN_POINT('',(-11.43,-0.2159,0.6985));
#3111=DIRECTION('',(0.0,-0.952424147199317,0.304775727103806));
#3112=DIRECTION('',(-1.0,0.0,0.0));
#3113=ORIENTED_EDGE('',*,*,#3731,.T.);
#3114=ORIENTED_EDGE('',*,*,#3308,.T.);
#3115=ORIENTED_EDGE('',*,*,#3747,.F.);
#3116=ORIENTED_EDGE('',*,*,#3752,.T.);
#3117=CARTESIAN_POINT('',(-11.7475,-0.3175,1.016));
#3118=DIRECTION('',(0.0,-1.0,0.0));
#3119=DIRECTION('',(0.0,0.0,-1.0));
#3120=ORIENTED_EDGE('',*,*,#3749,.F.);
#3121=ORIENTED_EDGE('',*,*,#3387,.F.);
#3122=ORIENTED_EDGE('',*,*,#3733,.T.);
#3123=ORIENTED_EDGE('',*,*,#3753,.F.);
#3124=CARTESIAN_POINT('',(-11.7475,-0.3175,1.016));
#3125=DIRECTION('',(0.0,-1.0,0.0));
#3126=DIRECTION('',(0.0,0.0,-1.0));
#3127=ORIENTED_EDGE('',*,*,#3754,.F.);
#3128=ORIENTED_EDGE('',*,*,#3755,.F.);
#3129=ORIENTED_EDGE('',*,*,#3756,.T.);
#3130=ORIENTED_EDGE('',*,*,#3753,.T.);
#3131=CARTESIAN_POINT('',(-11.43,-0.2159,-10.9855));
#3132=DIRECTION('',(0.0,-0.952424147199317,-0.304775727103806));
#3133=DIRECTION('',(0.0,0.304775727103806,-0.952424147199317));
#3134=ORIENTED_EDGE('',*,*,#3757,.F.);
#3135=ORIENTED_EDGE('',*,*,#3750,.F.);
#3136=ORIENTED_EDGE('',*,*,#3756,.F.);
#3137=ORIENTED_EDGE('',*,*,#3758,.T.);
#3138=CARTESIAN_POINT('',(-11.2141,0.0,-10.9855));
#3139=DIRECTION('',(0.952424147199317,0.0,-0.304775727103806));
#3140=DIRECTION('',(0.0,-1.0,0.0));
#3141=ORIENTED_EDGE('',*,*,#3758,.F.);
#3142=ORIENTED_EDGE('',*,*,#3755,.T.);
#3143=ORIENTED_EDGE('',*,*,#3759,.F.);
#3144=ORIENTED_EDGE('',*,*,#3760,.F.);
#3145=CARTESIAN_POINT('',(-11.7475,-0.3175,-11.303));
#3146=DIRECTION('',(0.0,0.0,-1.0));
#3147=DIRECTION('',(0.0,-1.0,0.0));
#3148=ORIENTED_EDGE('',*,*,#3757,.T.);
#3149=ORIENTED_EDGE('',*,*,#3760,.T.);
#3150=ORIENTED_EDGE('',*,*,#3761,.T.);
#3151=ORIENTED_EDGE('',*,*,#3746,.F.);
#3152=CARTESIAN_POINT('',(-11.43,0.2159,-10.9855));
#3153=DIRECTION('',(0.0,0.952424147199317,-0.304775727103806));
#3154=DIRECTION('',(-1.0,0.0,0.0));
#3155=ORIENTED_EDGE('',*,*,#3761,.F.);
#3156=ORIENTED_EDGE('',*,*,#3759,.T.);
#3157=ORIENTED_EDGE('',*,*,#3754,.T.);
#3158=ORIENTED_EDGE('',*,*,#3735,.F.);
#3159=CARTESIAN_POINT('',(-11.6459,0.0,-10.9855));
#3160=DIRECTION('',(-0.952424147199317,0.0,-0.304775727103806));
#3161=DIRECTION('',(-0.304775727103806,0.0,0.952424147199317));
#3162=ORIENTED_EDGE('',*,*,#3326,.F.);
#3163=ORIENTED_EDGE('',*,*,#3315,.F.);
#3164=ORIENTED_EDGE('',*,*,#3334,.F.);
#3165=ORIENTED_EDGE('',*,*,#3332,.T.);
#3166=CARTESIAN_POINT('',(11.2141,0.0,0.6985));
#3167=DIRECTION('',(-0.952424147199317,0.0,0.304775727103806));
#3168=DIRECTION('',(0.0,1.0,0.0));
#3169=ORIENTED_EDGE('',*,*,#3231,.T.);
#3170=ORIENTED_EDGE('',*,*,#3762,.T.);
#3171=ORIENTED_EDGE('',*,*,#3255,.T.);
#3172=CARTESIAN_POINT('',(-13.97,2.5146,0.0));
#3173=DIRECTION('',(-0.0,1.0,0.0));
#3174=DIRECTION('',(1.0,0.0,0.0));
#3175=ORIENTED_EDGE('',*,*,#3237,.F.);
#3176=ORIENTED_EDGE('',*,*,#3762,.F.);
#3177=ORIENTED_EDGE('',*,*,#3230,.F.);
#3178=ORIENTED_EDGE('',*,*,#3228,.T.);
#3179=CARTESIAN_POINT('',(12.446,2.54,1.778));
#3180=DIRECTION('',(-0.928476690885266,0.0,-0.371390676354086));
#3181=DIRECTION('',(-0.371390676354086,0.0,0.928476690885266));
#3182=AXIS2_PLACEMENT_3D('',#3763,#3764,#3765);
#3183=AXIS2_PLACEMENT_3D('',#3766,#3767,#3768);
#3184=AXIS2_PLACEMENT_3D('',#3769,#3770,#3771);
#3185=AXIS2_PLACEMENT_3D('',#3772,#3773,#3774);
#3186=AXIS2_PLACEMENT_3D('',#3775,#3776,#3777);
#3187=AXIS2_PLACEMENT_3D('',#3778,#3779,#3780);
#3188=AXIS2_PLACEMENT_3D('',#3781,#3782,#3783);
#3189=AXIS2_PLACEMENT_3D('',#3784,#3785,#3786);
#3190=AXIS2_PLACEMENT_3D('',#3787,#3788,#3789);
#3191=AXIS2_PLACEMENT_3D('',#3790,#3791,#3792);
#3192=AXIS2_PLACEMENT_3D('',#3793,#3794,#3795);
#3193=AXIS2_PLACEMENT_3D('',#3796,#3797,#3798);
#3194=AXIS2_PLACEMENT_3D('',#3799,#3800,#3801);
#3195=AXIS2_PLACEMENT_3D('',#3802,#3803,#3804);
#3196=AXIS2_PLACEMENT_3D('',#3805,#3806,#3807);
#3197=AXIS2_PLACEMENT_3D('',#3808,#3809,#3810);
#3198=AXIS2_PLACEMENT_3D('',#3811,#3812,#3813);
#3199=AXIS2_PLACEMENT_3D('',#3814,#3815,#3816);
#3200=AXIS2_PLACEMENT_3D('',#3817,#3818,#3819);
#3201=AXIS2_PLACEMENT_3D('',#3820,#3821,#3822);
#3202=EDGE_CURVE('',#3823,#3824,#3825,.T.);
#3203=EDGE_CURVE('',#3826,#3823,#3827,.T.);
#3204=EDGE_CURVE('',#3828,#3826,#3829,.T.);
#3205=EDGE_CURVE('',#3828,#3824,#3830,.T.);
#3206=EDGE_CURVE('',#3831,#3832,#3833,.T.);
#3207=EDGE_CURVE('',#3834,#3831,#3835,.T.);
#3208=EDGE_CURVE('',#3836,#3834,#3837,.T.);
#3209=EDGE_CURVE('',#3836,#3838,#3839,.T.);
#3210=EDGE_CURVE('',#3838,#3840,#3841,.T.);
#3211=EDGE_CURVE('',#3840,#3842,#3843,.T.);
#3212=EDGE_CURVE('',#3844,#3842,#3845,.T.);
#3213=EDGE_CURVE('',#3844,#3846,#3847,.T.);
#3214=EDGE_CURVE('',#3846,#3848,#3849,.T.);
#3215=EDGE_CURVE('',#3848,#3850,#3851,.T.);
#3216=EDGE_CURVE('',#3824,#3850,#3852,.T.);
#3217=EDGE_CURVE('',#3828,#3853,#3854,.T.);
#3218=EDGE_CURVE('',#3853,#3855,#3856,.T.);
#3219=EDGE_CURVE('',#3855,#3857,#3858,.T.);
#3220=EDGE_CURVE('',#3857,#3859,#3860,.T.);
#3221=EDGE_CURVE('',#3859,#3861,#3862,.T.);
#3222=EDGE_CURVE('',#3861,#3863,#3864,.T.);
#3223=EDGE_CURVE('',#3865,#3863,#3866,.T.);
#3224=EDGE_CURVE('',#3865,#3867,#3868,.T.);
#3225=EDGE_CURVE('',#3867,#3869,#3870,.T.);
#3226=EDGE_CURVE('',#3871,#3869,#3872,.T.);
#3227=EDGE_CURVE('',#3873,#3871,#3874,.T.);
#3228=EDGE_CURVE('',#3875,#3873,#3876,.T.);
#3229=EDGE_CURVE('',#3832,#3875,#3877,.T.);
#3230=EDGE_CURVE('',#3875,#3878,#3879,.T.);
#3231=EDGE_CURVE('',#3880,#3878,#3881,.T.);
#3232=EDGE_CURVE('',#3880,#3832,#3882,.T.);
#3233=EDGE_CURVE('',#3883,#3884,#3885,.T.);
#3234=EDGE_CURVE('',#3884,#3886,#3887,.T.);
#3235=EDGE_CURVE('',#3886,#3888,#3889,.T.);
#3236=EDGE_CURVE('',#3883,#3888,#3890,.T.);
#3237=EDGE_CURVE('',#3891,#3873,#3892,.T.);
#3238=EDGE_CURVE('',#3893,#3871,#3894,.T.);
#3239=EDGE_CURVE('',#3895,#3893,#3896,.T.);
#3240=EDGE_CURVE('',#3895,#3853,#3897,.T.);
#3241=EDGE_CURVE('',#3826,#3898,#3899,.T.);
#3242=EDGE_CURVE('',#3898,#3900,#3901,.T.);
#3243=EDGE_CURVE('',#3900,#3902,#3903,.T.);
#3244=EDGE_CURVE('',#3902,#3904,#3905,.T.);
#3245=EDGE_CURVE('',#3904,#3906,#3907,.T.);
#3246=EDGE_CURVE('',#3906,#3908,#3909,.T.);
#3247=EDGE_CURVE('',#3908,#3910,#3911,.T.);
#3248=EDGE_CURVE('',#3910,#3912,#3913,.T.);
#3249=EDGE_CURVE('',#3912,#3914,#3915,.T.);
#3250=EDGE_CURVE('',#3914,#3916,#3917,.T.);
#3251=EDGE_CURVE('',#3916,#3918,#3919,.T.);
#3252=EDGE_CURVE('',#3920,#3918,#3921,.T.);
#3253=EDGE_CURVE('',#3920,#3922,#3923,.T.);
#3254=EDGE_CURVE('',#3831,#3922,#3924,.T.);
#3255=EDGE_CURVE('',#3891,#3880,#3925,.T.);
#3256=EDGE_CURVE('',#3883,#3926,#3927,.T.);
#3257=EDGE_CURVE('',#3888,#3928,#3929,.T.);
#3258=EDGE_CURVE('',#3930,#3928,#3931,.T.);
#3259=EDGE_CURVE('',#3930,#3926,#3932,.T.);
#3260=EDGE_CURVE('',#3933,#3934,#3935,.T.);
#3261=EDGE_CURVE('',#3934,#3936,#3937,.T.);
#3262=EDGE_CURVE('',#3936,#3938,#3939,.T.);
#3263=EDGE_CURVE('',#3938,#3940,#3941,.T.);
#3264=EDGE_CURVE('',#3940,#3942,#3943,.T.);
#3265=EDGE_CURVE('',#3942,#3944,#3945,.T.);
#3266=EDGE_CURVE('',#3944,#3863,#3946,.T.);
#3267=EDGE_CURVE('',#3861,#3947,#3948,.T.);
#3268=EDGE_CURVE('',#3947,#3949,#3950,.T.);
#3269=EDGE_CURVE('',#3949,#3951,#3952,.T.);
#3270=EDGE_CURVE('',#3951,#3953,#3954,.T.);
#3271=EDGE_CURVE('',#3955,#3953,#3956,.T.);
#3272=EDGE_CURVE('',#3926,#3955,#3957,.T.);
#3273=EDGE_CURVE('',#3930,#3933,#3958,.T.);
#3274=EDGE_CURVE('',#3959,#3960,#3961,.T.);
#3275=EDGE_CURVE('',#3962,#3960,#3963,.T.);
#3276=EDGE_CURVE('',#3964,#3962,#3965,.T.);
#3277=EDGE_CURVE('',#3964,#3959,#3966,.T.);
#3278=EDGE_CURVE('',#3967,#3968,#3969,.T.);
#3279=EDGE_CURVE('',#3970,#3968,#3971,.T.);
#3280=EDGE_CURVE('',#3972,#3970,#3973,.T.);
#3281=EDGE_CURVE('',#3972,#3967,#3974,.T.);
#3282=EDGE_CURVE('',#3975,#3976,#3977,.T.);
#3283=EDGE_CURVE('',#3978,#3976,#3979,.T.);
#3284=EDGE_CURVE('',#3980,#3978,#3981,.T.);
#3285=EDGE_CURVE('',#3980,#3975,#3982,.T.);
#3286=EDGE_CURVE('',#3983,#3984,#3985,.T.);
#3287=EDGE_CURVE('',#3986,#3984,#3987,.T.);
#3288=EDGE_CURVE('',#3988,#3986,#3989,.T.);
#3289=EDGE_CURVE('',#3988,#3983,#3990,.T.);
#3290=EDGE_CURVE('',#3991,#3992,#3993,.T.);
#3291=EDGE_CURVE('',#3994,#3992,#3995,.T.);
#3292=EDGE_CURVE('',#3996,#3994,#3997,.T.);
#3293=EDGE_CURVE('',#3996,#3991,#3998,.T.);
#3294=EDGE_CURVE('',#3999,#4000,#4001,.T.);
#3295=EDGE_CURVE('',#4002,#4000,#4003,.T.);
#3296=EDGE_CURVE('',#4004,#4002,#4005,.T.);
#3297=EDGE_CURVE('',#4004,#3999,#4006,.T.);
#3298=EDGE_CURVE('',#4007,#4008,#4009,.T.);
#3299=EDGE_CURVE('',#4010,#4008,#4011,.T.);
#3300=EDGE_CURVE('',#4012,#4010,#4013,.T.);
#3301=EDGE_CURVE('',#4012,#4007,#4014,.T.);
#3302=EDGE_CURVE('',#4015,#4016,#4017,.T.);
#3303=EDGE_CURVE('',#4018,#4016,#4019,.T.);
#3304=EDGE_CURVE('',#4020,#4018,#4021,.T.);
#3305=EDGE_CURVE('',#4020,#4015,#4022,.T.);
#3306=EDGE_CURVE('',#4023,#4024,#4025,.T.);
#3307=EDGE_CURVE('',#4026,#4024,#4027,.T.);
#3308=EDGE_CURVE('',#4028,#4026,#4029,.T.);
#3309=EDGE_CURVE('',#4028,#4023,#4030,.T.);
#3310=EDGE_CURVE('',#4031,#4032,#4033,.T.);
#3311=EDGE_CURVE('',#4034,#4032,#4035,.T.);
#3312=EDGE_CURVE('',#4036,#4034,#4037,.T.);
#3313=EDGE_CURVE('',#4036,#4031,#4038,.T.);
#3314=EDGE_CURVE('',#4039,#4036,#4040,.T.);
#3315=EDGE_CURVE('',#4039,#4041,#4042,.T.);
#3316=EDGE_CURVE('',#4031,#4041,#4043,.T.);
#3317=EDGE_CURVE('',#4044,#4045,#4046,.T.);
#3318=EDGE_CURVE('',#4044,#4047,#4048,.T.);
#3319=EDGE_CURVE('',#4049,#4047,#4050,.T.);
#3320=EDGE_CURVE('',#4049,#4045,#4051,.T.);
#3321=EDGE_CURVE('',#4032,#4052,#4053,.T.);
#3322=EDGE_CURVE('',#4052,#4041,#4054,.T.);
#3323=EDGE_CURVE('',#4047,#4055,#4056,.T.);
#3324=EDGE_CURVE('',#4057,#4055,#4058,.T.);
#3325=EDGE_CURVE('',#4057,#4049,#4059,.T.);
#3326=EDGE_CURVE('',#4041,#4060,#4061,.T.);
#3327=EDGE_CURVE('',#4062,#4060,#4063,.T.);
#3328=EDGE_CURVE('',#4062,#4052,#4064,.T.);
#3329=EDGE_CURVE('',#4065,#4066,#4067,.T.);
#3330=EDGE_CURVE('',#4052,#4065,#4068,.T.);
#3331=EDGE_CURVE('',#4062,#4066,#4069,.T.);
#3332=EDGE_CURVE('',#4070,#4060,#4071,.T.);
#3333=EDGE_CURVE('',#4066,#4070,#4072,.T.);
#3334=EDGE_CURVE('',#4070,#4039,#4073,.T.);
#3335=EDGE_CURVE('',#4065,#4039,#4074,.T.);
#3336=EDGE_CURVE('',#4065,#4034,#4075,.T.);
#3337=EDGE_CURVE('',#4076,#4077,#4078,.T.);
#3338=EDGE_CURVE('',#4044,#4076,#4079,.T.);
#3339=EDGE_CURVE('',#4077,#4045,#4080,.T.);
#3340=EDGE_CURVE('',#4076,#4055,#4081,.T.);
#3341=EDGE_CURVE('',#4077,#4057,#4082,.T.);
#3342=EDGE_CURVE('',#4057,#4083,#4084,.T.);
#3343=EDGE_CURVE('',#4085,#4077,#4086,.T.);
#3344=EDGE_CURVE('',#4085,#4083,#4087,.T.);
#3345=EDGE_CURVE('',#4085,#4088,#4089,.T.);
#3346=EDGE_CURVE('',#4090,#4088,#4091,.T.);
#3347=EDGE_CURVE('',#4083,#4090,#4092,.T.);
#3348=EDGE_CURVE('',#4090,#4049,#4093,.T.);
#3349=EDGE_CURVE('',#4088,#4045,#4094,.T.);
#3350=EDGE_CURVE('',#3823,#4095,#4096,.T.);
#3351=EDGE_CURVE('',#4095,#3850,#4097,.T.);
#3352=EDGE_CURVE('',#4098,#3842,#4099,.T.);
#3353=EDGE_CURVE('',#4100,#4098,#4101,.T.);
#3354=EDGE_CURVE('',#4100,#3844,#4102,.T.);
#3355=EDGE_CURVE('',#4103,#4104,#4105,.T.);
#3356=EDGE_CURVE('',#4103,#4106,#4107,.T.);
#3357=EDGE_CURVE('',#4106,#4108,#4109,.T.);
#3358=EDGE_CURVE('',#4104,#4108,#4110,.T.);
#3359=EDGE_CURVE('',#4111,#4112,#4113,.T.);
#3360=EDGE_CURVE('',#4112,#4114,#4115,.T.);
#3361=EDGE_CURVE('',#4116,#4114,#4117,.T.);
#3362=EDGE_CURVE('',#4111,#4116,#4118,.T.);
#3363=EDGE_CURVE('',#4119,#4120,#4121,.T.);
#3364=EDGE_CURVE('',#4120,#4122,#4123,.T.);
#3365=EDGE_CURVE('',#4124,#4122,#4125,.T.);
#3366=EDGE_CURVE('',#4119,#4124,#4126,.T.);
#3367=EDGE_CURVE('',#4127,#4128,#4129,.T.);
#3368=EDGE_CURVE('',#4128,#4130,#4131,.T.);
#3369=EDGE_CURVE('',#4132,#4130,#4133,.T.);
#3370=EDGE_CURVE('',#4127,#4132,#4134,.T.);
#3371=EDGE_CURVE('',#4135,#4136,#4137,.T.);
#3372=EDGE_CURVE('',#4136,#4138,#4139,.T.);
#3373=EDGE_CURVE('',#4140,#4138,#4141,.T.);
#3374=EDGE_CURVE('',#4135,#4140,#4142,.T.);
#3375=EDGE_CURVE('',#4143,#4144,#4145,.T.);
#3376=EDGE_CURVE('',#4144,#4146,#4147,.T.);
#3377=EDGE_CURVE('',#4148,#4146,#4149,.T.);
#3378=EDGE_CURVE('',#4143,#4148,#4150,.T.);
#3379=EDGE_CURVE('',#4151,#4152,#4153,.T.);
#3380=EDGE_CURVE('',#4152,#4154,#4155,.T.);
#3381=EDGE_CURVE('',#4156,#4154,#4157,.T.);
#3382=EDGE_CURVE('',#4151,#4156,#4158,.T.);
#3383=EDGE_CURVE('',#4159,#4160,#4161,.T.);
#3384=EDGE_CURVE('',#4160,#4162,#4163,.T.);
#3385=EDGE_CURVE('',#4164,#4162,#4165,.T.);
#3386=EDGE_CURVE('',#4159,#4164,#4166,.T.);
#3387=EDGE_CURVE('',#4167,#4168,#4169,.T.);
#3388=EDGE_CURVE('',#4168,#4170,#4171,.T.);
#3389=EDGE_CURVE('',#4172,#4170,#4173,.T.);
#3390=EDGE_CURVE('',#4167,#4172,#4174,.T.);
#3391=EDGE_CURVE('',#4175,#3834,#4176,.T.);
#3392=EDGE_CURVE('',#4177,#4175,#4178,.T.);
#3393=EDGE_CURVE('',#4177,#3836,#4179,.T.);
#3394=EDGE_CURVE('',#3848,#4180,#4181,.T.);
#3395=EDGE_CURVE('',#4180,#4095,#4182,.T.);
#3396=EDGE_CURVE('',#3898,#3955,#4183,.T.);
#3397=EDGE_CURVE('',#4184,#4180,#4185,.T.);
#3398=EDGE_CURVE('',#4100,#4184,#4186,.T.);
#3399=EDGE_CURVE('',#4187,#4098,#4188,.T.);
#3400=EDGE_CURVE('',#4189,#4187,#4190,.T.);
#3401=EDGE_CURVE('',#4177,#4189,#4191,.T.);
#3402=EDGE_CURVE('',#3922,#4175,#4192,.T.);
#3403=EDGE_CURVE('',#3920,#3936,#4193,.T.);
#3404=EDGE_CURVE('',#3884,#3934,#4194,.T.);
#3405=EDGE_CURVE('',#3933,#4195,#4196,.T.);
#3406=EDGE_CURVE('',#3886,#4195,#4197,.T.);
#3407=EDGE_CURVE('',#4198,#3916,#4199,.T.);
#3408=EDGE_CURVE('',#4198,#4200,#4201,.T.);
#3409=EDGE_CURVE('',#3918,#4200,#4202,.T.);
#3410=EDGE_CURVE('',#4195,#3928,#4203,.T.);
#3411=EDGE_CURVE('',#4204,#4205,#4206,.T.);
#3412=EDGE_CURVE('',#4205,#3902,#4207,.T.);
#3413=EDGE_CURVE('',#3900,#4204,#4208,.T.);
#3414=EDGE_CURVE('',#3938,#4200,#4209,.T.);
#3415=EDGE_CURVE('',#4198,#3940,#4210,.T.);
#3416=EDGE_CURVE('',#4205,#3951,#4211,.T.);
#3417=EDGE_CURVE('',#3953,#4204,#4212,.T.);
#3418=EDGE_CURVE('',#3942,#4213,#4214,.T.);
#3419=EDGE_CURVE('',#4213,#4198,#4215,.T.);
#3420=EDGE_CURVE('',#4213,#3914,#4216,.T.);
#3421=EDGE_CURVE('',#4217,#3912,#4218,.T.);
#3422=EDGE_CURVE('',#4217,#4213,#4219,.T.);
#3423=EDGE_CURVE('',#4217,#4220,#4221,.T.);
#3424=EDGE_CURVE('',#4222,#4220,#4223,.T.);
#3425=EDGE_CURVE('',#4222,#3944,#4224,.T.);
#3426=EDGE_CURVE('',#4222,#4225,#4226,.T.);
#3427=EDGE_CURVE('',#3865,#4225,#4227,.T.);
#3428=EDGE_CURVE('',#3857,#4228,#4229,.T.);
#3429=EDGE_CURVE('',#4228,#4230,#4231,.T.);
#3430=EDGE_CURVE('',#3859,#4230,#4232,.T.);
#3431=EDGE_CURVE('',#4225,#4233,#4234,.T.);
#3432=EDGE_CURVE('',#4233,#3867,#4235,.T.);
#3433=EDGE_CURVE('',#4230,#4236,#4237,.T.);
#3434=EDGE_CURVE('',#4236,#3947,#4238,.T.);
#3435=EDGE_CURVE('',#4239,#4236,#4240,.T.);
#3436=EDGE_CURVE('',#4239,#4241,#4242,.T.);
#3437=EDGE_CURVE('',#4243,#4241,#4244,.T.);
#3438=EDGE_CURVE('',#4243,#3949,#4245,.T.);
#3439=EDGE_CURVE('',#4205,#4243,#4246,.T.);
#3440=EDGE_CURVE('',#4243,#3904,#4247,.T.);
#3441=EDGE_CURVE('',#4241,#3906,#4248,.T.);
#3442=EDGE_CURVE('',#4241,#4249,#4250,.T.);
#3443=EDGE_CURVE('',#4249,#3908,#4251,.T.);
#3444=EDGE_CURVE('',#4252,#3910,#4253,.T.);
#3445=EDGE_CURVE('',#4249,#4252,#4254,.T.);
#3446=EDGE_CURVE('',#4252,#4255,#4256,.T.);
#3447=EDGE_CURVE('',#4249,#4257,#4258,.T.);
#3448=EDGE_CURVE('',#4257,#4259,#4260,.T.);
#3449=EDGE_CURVE('',#4259,#4261,#4262,.T.);
#3450=EDGE_CURVE('',#4261,#4255,#4263,.T.);
#3451=EDGE_CURVE('',#4264,#4255,#4265,.T.);
#3452=EDGE_CURVE('',#4266,#4261,#4267,.T.);
#3453=EDGE_CURVE('',#4266,#4264,#4268,.T.);
#3454=EDGE_CURVE('',#4269,#4266,#4270,.T.);
#3455=EDGE_CURVE('',#4271,#4269,#4272,.T.);
#3456=EDGE_CURVE('',#4273,#4271,#4274,.T.);
#3457=EDGE_CURVE('',#4275,#4273,#4276,.T.);
#3458=EDGE_CURVE('',#4275,#3895,#4277,.T.);
#3459=EDGE_CURVE('',#4278,#3893,#4279,.T.);
#3460=EDGE_CURVE('',#4280,#4278,#4281,.T.);
#3461=EDGE_CURVE('',#4280,#4264,#4282,.T.);
#3462=EDGE_CURVE('',#4233,#4220,#4283,.T.);
#3463=EDGE_CURVE('',#4252,#4217,#4284,.T.);
#3464=EDGE_CURVE('',#3867,#4280,#4285,.T.);
#3465=EDGE_CURVE('',#3869,#4278,#4286,.T.);
#3466=EDGE_CURVE('',#3855,#4275,#4287,.T.);
#3467=EDGE_CURVE('',#4273,#3857,#4288,.T.);
#3468=EDGE_CURVE('',#4239,#4228,#4289,.T.);
#3469=EDGE_CURVE('',#4271,#4257,#4290,.T.);
#3470=EDGE_CURVE('',#4269,#4259,#4291,.T.);
#3471=EDGE_CURVE('',#3838,#4189,#4292,.T.);
#3472=EDGE_CURVE('',#3840,#4187,#4293,.T.);
#3473=EDGE_CURVE('',#3846,#4184,#4294,.T.);
#3474=EDGE_CURVE('',#3959,#4295,#4296,.T.);
#3475=EDGE_CURVE('',#4297,#3964,#4298,.T.);
#3476=EDGE_CURVE('',#4297,#4295,#4299,.T.);
#3477=EDGE_CURVE('',#4104,#4300,#4301,.T.);
#3478=EDGE_CURVE('',#4302,#4108,#4303,.T.);
#3479=EDGE_CURVE('',#4302,#4300,#4304,.T.);
#3480=EDGE_CURVE('',#4295,#4305,#4306,.T.);
#3481=EDGE_CURVE('',#4307,#4297,#4308,.T.);
#3482=EDGE_CURVE('',#4307,#4305,#4309,.T.);
#3483=EDGE_CURVE('',#4310,#4307,#4311,.T.);
#3484=EDGE_CURVE('',#4312,#4310,#4313,.T.);
#3485=EDGE_CURVE('',#4312,#4305,#4314,.T.);
#3486=EDGE_CURVE('',#4312,#4315,#4316,.T.);
#3487=EDGE_CURVE('',#4315,#4295,#4317,.T.);
#3488=EDGE_CURVE('',#3960,#4315,#4318,.T.);
#3489=EDGE_CURVE('',#4319,#4106,#4320,.T.);
#3490=EDGE_CURVE('',#4319,#4302,#4321,.T.);
#3491=EDGE_CURVE('',#4322,#3962,#4323,.T.);
#3492=EDGE_CURVE('',#4315,#4322,#4324,.T.);
#3493=EDGE_CURVE('',#4103,#4325,#4326,.T.);
#3494=EDGE_CURVE('',#4325,#4319,#4327,.T.);
#3495=EDGE_CURVE('',#4322,#4310,#4328,.T.);
#3496=EDGE_CURVE('',#4322,#4297,#4329,.T.);
#3497=EDGE_CURVE('',#4325,#4300,#4330,.T.);
#3498=EDGE_CURVE('',#4331,#4300,#4332,.T.);
#3499=EDGE_CURVE('',#4333,#4331,#4334,.T.);
#3500=EDGE_CURVE('',#4333,#4325,#4335,.T.);
#3501=EDGE_CURVE('',#4319,#4336,#4337,.T.);
#3502=EDGE_CURVE('',#4333,#4336,#4338,.T.);
#3503=EDGE_CURVE('',#4339,#4331,#4340,.T.);
#3504=EDGE_CURVE('',#4336,#4339,#4341,.T.);
#3505=EDGE_CURVE('',#4339,#4302,#4342,.T.);
#3506=EDGE_CURVE('',#3967,#4343,#4344,.T.);
#3507=EDGE_CURVE('',#4345,#3972,#4346,.T.);
#3508=EDGE_CURVE('',#4345,#4343,#4347,.T.);
#3509=EDGE_CURVE('',#4111,#4348,#4349,.T.);
#3510=EDGE_CURVE('',#4350,#4116,#4351,.T.);
#3511=EDGE_CURVE('',#4350,#4348,#4352,.T.);
#3512=EDGE_CURVE('',#4343,#4353,#4354,.T.);
#3513=EDGE_CURVE('',#4355,#4345,#4356,.T.);
#3514=EDGE_CURVE('',#4355,#4353,#4357,.T.);
#3515=EDGE_CURVE('',#4358,#4355,#4359,.T.);
#3516=EDGE_CURVE('',#4360,#4358,#4361,.T.);
#3517=EDGE_CURVE('',#4360,#4353,#4362,.T.);
#3518=EDGE_CURVE('',#4360,#4363,#4364,.T.);
#3519=EDGE_CURVE('',#4363,#4343,#4365,.T.);
#3520=EDGE_CURVE('',#3968,#4363,#4366,.T.);
#3521=EDGE_CURVE('',#4367,#4114,#4368,.T.);
#3522=EDGE_CURVE('',#4367,#4350,#4369,.T.);
#3523=EDGE_CURVE('',#4370,#3970,#4371,.T.);
#3524=EDGE_CURVE('',#4363,#4370,#4372,.T.);
#3525=EDGE_CURVE('',#4112,#4373,#4374,.T.);
#3526=EDGE_CURVE('',#4373,#4367,#4375,.T.);
#3527=EDGE_CURVE('',#4370,#4358,#4376,.T.);
#3528=EDGE_CURVE('',#4370,#4345,#4377,.T.);
#3529=EDGE_CURVE('',#4373,#4348,#4378,.T.);
#3530=EDGE_CURVE('',#4379,#4348,#4380,.T.);
#3531=EDGE_CURVE('',#4381,#4379,#4382,.T.);
#3532=EDGE_CURVE('',#4381,#4373,#4383,.T.);
#3533=EDGE_CURVE('',#4367,#4384,#4385,.T.);
#3534=EDGE_CURVE('',#4381,#4384,#4386,.T.);
#3535=EDGE_CURVE('',#4387,#4379,#4388,.T.);
#3536=EDGE_CURVE('',#4384,#4387,#4389,.T.);
#3537=EDGE_CURVE('',#4387,#4350,#4390,.T.);
#3538=EDGE_CURVE('',#3975,#4391,#4392,.T.);
#3539=EDGE_CURVE('',#4393,#3980,#4394,.T.);
#3540=EDGE_CURVE('',#4393,#4391,#4395,.T.);
#3541=EDGE_CURVE('',#4119,#4396,#4397,.T.);
#3542=EDGE_CURVE('',#4398,#4124,#4399,.T.);
#3543=EDGE_CURVE('',#4398,#4396,#4400,.T.);
#3544=EDGE_CURVE('',#4391,#4401,#4402,.T.);
#3545=EDGE_CURVE('',#4403,#4393,#4404,.T.);
#3546=EDGE_CURVE('',#4403,#4401,#4405,.T.);
#3547=EDGE_CURVE('',#4406,#4403,#4407,.T.);
#3548=EDGE_CURVE('',#4408,#4406,#4409,.T.);
#3549=EDGE_CURVE('',#4408,#4401,#4410,.T.);
#3550=EDGE_CURVE('',#4408,#4411,#4412,.T.);
#3551=EDGE_CURVE('',#4411,#4391,#4413,.T.);
#3552=EDGE_CURVE('',#3976,#4411,#4414,.T.);
#3553=EDGE_CURVE('',#4415,#4122,#4416,.T.);
#3554=EDGE_CURVE('',#4415,#4398,#4417,.T.);
#3555=EDGE_CURVE('',#4418,#3978,#4419,.T.);
#3556=EDGE_CURVE('',#4411,#4418,#4420,.T.);
#3557=EDGE_CURVE('',#4120,#4421,#4422,.T.);
#3558=EDGE_CURVE('',#4421,#4415,#4423,.T.);
#3559=EDGE_CURVE('',#4418,#4406,#4424,.T.);
#3560=EDGE_CURVE('',#4418,#4393,#4425,.T.);
#3561=EDGE_CURVE('',#4421,#4396,#4426,.T.);
#3562=EDGE_CURVE('',#4427,#4396,#4428,.T.);
#3563=EDGE_CURVE('',#4429,#4427,#4430,.T.);
#3564=EDGE_CURVE('',#4429,#4421,#4431,.T.);
#3565=EDGE_CURVE('',#4415,#4432,#4433,.T.);
#3566=EDGE_CURVE('',#4429,#4432,#4434,.T.);
#3567=EDGE_CURVE('',#4435,#4427,#4436,.T.);
#3568=EDGE_CURVE('',#4432,#4435,#4437,.T.);
#3569=EDGE_CURVE('',#4435,#4398,#4438,.T.);
#3570=EDGE_CURVE('',#3983,#4439,#4440,.T.);
#3571=EDGE_CURVE('',#4441,#3988,#4442,.T.);
#3572=EDGE_CURVE('',#4441,#4439,#4443,.T.);
#3573=EDGE_CURVE('',#4127,#4444,#4445,.T.);
#3574=EDGE_CURVE('',#4446,#4132,#4447,.T.);
#3575=EDGE_CURVE('',#4446,#4444,#4448,.T.);
#3576=EDGE_CURVE('',#4439,#4449,#4450,.T.);
#3577=EDGE_CURVE('',#4451,#4441,#4452,.T.);
#3578=EDGE_CURVE('',#4451,#4449,#4453,.T.);
#3579=EDGE_CURVE('',#4454,#4451,#4455,.T.);
#3580=EDGE_CURVE('',#4456,#4454,#4457,.T.);
#3581=EDGE_CURVE('',#4456,#4449,#4458,.T.);
#3582=EDGE_CURVE('',#4456,#4459,#4460,.T.);
#3583=EDGE_CURVE('',#4459,#4439,#4461,.T.);
#3584=EDGE_CURVE('',#3984,#4459,#4462,.T.);
#3585=EDGE_CURVE('',#4463,#4130,#4464,.T.);
#3586=EDGE_CURVE('',#4463,#4446,#4465,.T.);
#3587=EDGE_CURVE('',#4466,#3986,#4467,.T.);
#3588=EDGE_CURVE('',#4459,#4466,#4468,.T.);
#3589=EDGE_CURVE('',#4128,#4469,#4470,.T.);
#3590=EDGE_CURVE('',#4469,#4463,#4471,.T.);
#3591=EDGE_CURVE('',#4466,#4454,#4472,.T.);
#3592=EDGE_CURVE('',#4466,#4441,#4473,.T.);
#3593=EDGE_CURVE('',#4469,#4444,#4474,.T.);
#3594=EDGE_CURVE('',#4475,#4444,#4476,.T.);
#3595=EDGE_CURVE('',#4477,#4475,#4478,.T.);
#3596=EDGE_CURVE('',#4477,#4469,#4479,.T.);
#3597=EDGE_CURVE('',#4463,#4480,#4481,.T.);
#3598=EDGE_CURVE('',#4477,#4480,#4482,.T.);
#3599=EDGE_CURVE('',#4483,#4475,#4484,.T.);
#3600=EDGE_CURVE('',#4480,#4483,#4485,.T.);
#3601=EDGE_CURVE('',#4483,#4446,#4486,.T.);
#3602=EDGE_CURVE('',#3991,#4487,#4488,.T.);
#3603=EDGE_CURVE('',#4489,#3996,#4490,.T.);
#3604=EDGE_CURVE('',#4489,#4487,#4491,.T.);
#3605=EDGE_CURVE('',#4135,#4492,#4493,.T.);
#3606=EDGE_CURVE('',#4494,#4140,#4495,.T.);
#3607=EDGE_CURVE('',#4494,#4492,#4496,.T.);
#3608=EDGE_CURVE('',#4487,#4497,#4498,.T.);
#3609=EDGE_CURVE('',#4499,#4489,#4500,.T.);
#3610=EDGE_CURVE('',#4499,#4497,#4501,.T.);
#3611=EDGE_CURVE('',#4502,#4499,#4503,.T.);
#3612=EDGE_CURVE('',#4504,#4502,#4505,.T.);
#3613=EDGE_CURVE('',#4504,#4497,#4506,.T.);
#3614=EDGE_CURVE('',#4504,#4507,#4508,.T.);
#3615=EDGE_CURVE('',#4507,#4487,#4509,.T.);
#3616=EDGE_CURVE('',#3992,#4507,#4510,.T.);
#3617=EDGE_CURVE('',#4511,#4138,#4512,.T.);
#3618=EDGE_CURVE('',#4511,#4494,#4513,.T.);
#3619=EDGE_CURVE('',#4514,#3994,#4515,.T.);
#3620=EDGE_CURVE('',#4507,#4514,#4516,.T.);
#3621=EDGE_CURVE('',#4136,#4517,#4518,.T.);
#3622=EDGE_CURVE('',#4517,#4511,#4519,.T.);
#3623=EDGE_CURVE('',#4514,#4502,#4520,.T.);
#3624=EDGE_CURVE('',#4514,#4489,#4521,.T.);
#3625=EDGE_CURVE('',#4517,#4492,#4522,.T.);
#3626=EDGE_CURVE('',#4523,#4492,#4524,.T.);
#3627=EDGE_CURVE('',#4525,#4523,#4526,.T.);
#3628=EDGE_CURVE('',#4525,#4517,#4527,.T.);
#3629=EDGE_CURVE('',#4511,#4528,#4529,.T.);
#3630=EDGE_CURVE('',#4525,#4528,#4530,.T.);
#3631=EDGE_CURVE('',#4531,#4523,#4532,.T.);
#3632=EDGE_CURVE('',#4528,#4531,#4533,.T.);
#3633=EDGE_CURVE('',#4531,#4494,#4534,.T.);
#3634=EDGE_CURVE('',#3999,#4535,#4536,.T.);
#3635=EDGE_CURVE('',#4537,#4004,#4538,.T.);
#3636=EDGE_CURVE('',#4537,#4535,#4539,.T.);
#3637=EDGE_CURVE('',#4143,#4540,#4541,.T.);
#3638=EDGE_CURVE('',#4542,#4148,#4543,.T.);
#3639=EDGE_CURVE('',#4542,#4540,#4544,.T.);
#3640=EDGE_CURVE('',#4535,#4545,#4546,.T.);
#3641=EDGE_CURVE('',#4547,#4537,#4548,.T.);
#3642=EDGE_CURVE('',#4547,#4545,#4549,.T.);
#3643=EDGE_CURVE('',#4550,#4547,#4551,.T.);
#3644=EDGE_CURVE('',#4552,#4550,#4553,.T.);
#3645=EDGE_CURVE('',#4552,#4545,#4554,.T.);
#3646=EDGE_CURVE('',#4552,#4555,#4556,.T.);
#3647=EDGE_CURVE('',#4555,#4535,#4557,.T.);
#3648=EDGE_CURVE('',#4000,#4555,#4558,.T.);
#3649=EDGE_CURVE('',#4559,#4146,#4560,.T.);
#3650=EDGE_CURVE('',#4559,#4542,#4561,.T.);
#3651=EDGE_CURVE('',#4562,#4002,#4563,.T.);
#3652=EDGE_CURVE('',#4555,#4562,#4564,.T.);
#3653=EDGE_CURVE('',#4144,#4565,#4566,.T.);
#3654=EDGE_CURVE('',#4565,#4559,#4567,.T.);
#3655=EDGE_CURVE('',#4562,#4550,#4568,.T.);
#3656=EDGE_CURVE('',#4562,#4537,#4569,.T.);
#3657=EDGE_CURVE('',#4565,#4540,#4570,.T.);
#3658=EDGE_CURVE('',#4571,#4540,#4572,.T.);
#3659=EDGE_CURVE('',#4573,#4571,#4574,.T.);
#3660=EDGE_CURVE('',#4573,#4565,#4575,.T.);
#3661=EDGE_CURVE('',#4559,#4576,#4577,.T.);
#3662=EDGE_CURVE('',#4573,#4576,#4578,.T.);
#3663=EDGE_CURVE('',#4579,#4571,#4580,.T.);
#3664=EDGE_CURVE('',#4576,#4579,#4581,.T.);
#3665=EDGE_CURVE('',#4579,#4542,#4582,.T.);
#3666=EDGE_CURVE('',#4007,#4583,#4584,.T.);
#3667=EDGE_CURVE('',#4585,#4012,#4586,.T.);
#3668=EDGE_CURVE('',#4585,#4583,#4587,.T.);
#3669=EDGE_CURVE('',#4151,#4588,#4589,.T.);
#3670=EDGE_CURVE('',#4590,#4156,#4591,.T.);
#3671=EDGE_CURVE('',#4590,#4588,#4592,.T.);
#3672=EDGE_CURVE('',#4583,#4593,#4594,.T.);
#3673=EDGE_CURVE('',#4595,#4585,#4596,.T.);
#3674=EDGE_CURVE('',#4595,#4593,#4597,.T.);
#3675=EDGE_CURVE('',#4598,#4595,#4599,.T.);
#3676=EDGE_CURVE('',#4600,#4598,#4601,.T.);
#3677=EDGE_CURVE('',#4600,#4593,#4602,.T.);
#3678=EDGE_CURVE('',#4600,#4603,#4604,.T.);
#3679=EDGE_CURVE('',#4603,#4583,#4605,.T.);
#3680=EDGE_CURVE('',#4008,#4603,#4606,.T.);
#3681=EDGE_CURVE('',#4607,#4154,#4608,.T.);
#3682=EDGE_CURVE('',#4607,#4590,#4609,.T.);
#3683=EDGE_CURVE('',#4610,#4010,#4611,.T.);
#3684=EDGE_CURVE('',#4603,#4610,#4612,.T.);
#3685=EDGE_CURVE('',#4152,#4613,#4614,.T.);
#3686=EDGE_CURVE('',#4613,#4607,#4615,.T.);
#3687=EDGE_CURVE('',#4610,#4598,#4616,.T.);
#3688=EDGE_CURVE('',#4610,#4585,#4617,.T.);
#3689=EDGE_CURVE('',#4613,#4588,#4618,.T.);
#3690=EDGE_CURVE('',#4619,#4588,#4620,.T.);
#3691=EDGE_CURVE('',#4621,#4619,#4622,.T.);
#3692=EDGE_CURVE('',#4621,#4613,#4623,.T.);
#3693=EDGE_CURVE('',#4607,#4624,#4625,.T.);
#3694=EDGE_CURVE('',#4621,#4624,#4626,.T.);
#3695=EDGE_CURVE('',#4627,#4619,#4628,.T.);
#3696=EDGE_CURVE('',#4624,#4627,#4629,.T.);
#3697=EDGE_CURVE('',#4627,#4590,#4630,.T.);
#3698=EDGE_CURVE('',#4015,#4631,#4632,.T.);
#3699=EDGE_CURVE('',#4633,#4020,#4634,.T.);
#3700=EDGE_CURVE('',#4633,#4631,#4635,.T.);
#3701=EDGE_CURVE('',#4159,#4636,#4637,.T.);
#3702=EDGE_CURVE('',#4638,#4164,#4639,.T.);
#3703=EDGE_CURVE('',#4638,#4636,#4640,.T.);
#3704=EDGE_CURVE('',#4631,#4641,#4642,.T.);
#3705=EDGE_CURVE('',#4643,#4633,#4644,.T.);
#3706=EDGE_CURVE('',#4643,#4641,#4645,.T.);
#3707=EDGE_CURVE('',#4646,#4643,#4647,.T.);
#3708=EDGE_CURVE('',#4648,#4646,#4649,.T.);
#3709=EDGE_CURVE('',#4648,#4641,#4650,.T.);
#3710=EDGE_CURVE('',#4648,#4651,#4652,.T.);
#3711=EDGE_CURVE('',#4651,#4631,#4653,.T.);
#3712=EDGE_CURVE('',#4016,#4651,#4654,.T.);
#3713=EDGE_CURVE('',#4655,#4162,#4656,.T.);
#3714=EDGE_CURVE('',#4655,#4638,#4657,.T.);
#3715=EDGE_CURVE('',#4658,#4018,#4659,.T.);
#3716=EDGE_CURVE('',#4651,#4658,#4660,.T.);
#3717=EDGE_CURVE('',#4160,#4661,#4662,.T.);
#3718=EDGE_CURVE('',#4661,#4655,#4663,.T.);
#3719=EDGE_CURVE('',#4658,#4646,#4664,.T.);
#3720=EDGE_CURVE('',#4658,#4633,#4665,.T.);
#3721=EDGE_CURVE('',#4661,#4636,#4666,.T.);
#3722=EDGE_CURVE('',#4667,#4636,#4668,.T.);
#3723=EDGE_CURVE('',#4669,#4667,#4670,.T.);
#3724=EDGE_CURVE('',#4669,#4661,#4671,.T.);
#3725=EDGE_CURVE('',#4655,#4672,#4673,.T.);
#3726=EDGE_CURVE('',#4669,#4672,#4674,.T.);
#3727=EDGE_CURVE('',#4675,#4667,#4676,.T.);
#3728=EDGE_CURVE('',#4672,#4675,#4677,.T.);
#3729=EDGE_CURVE('',#4675,#4638,#4678,.T.);
#3730=EDGE_CURVE('',#4023,#4679,#4680,.T.);
#3731=EDGE_CURVE('',#4681,#4028,#4682,.T.);
#3732=EDGE_CURVE('',#4681,#4679,#4683,.T.);
#3733=EDGE_CURVE('',#4167,#4684,#4685,.T.);
#3734=EDGE_CURVE('',#4686,#4172,#4687,.T.);
#3735=EDGE_CURVE('',#4686,#4684,#4688,.T.);
#3736=EDGE_CURVE('',#4679,#4689,#4690,.T.);
#3737=EDGE_CURVE('',#4691,#4681,#4692,.T.);
#3738=EDGE_CURVE('',#4691,#4689,#4693,.T.);
#3739=EDGE_CURVE('',#4694,#4691,#4695,.T.);
#3740=EDGE_CURVE('',#4696,#4694,#4697,.T.);
#3741=EDGE_CURVE('',#4696,#4689,#4698,.T.);
#3742=EDGE_CURVE('',#4696,#4699,#4700,.T.);
#3743=EDGE_CURVE('',#4699,#4679,#4701,.T.);
#3744=EDGE_CURVE('',#4024,#4699,#4702,.T.);
#3745=EDGE_CURVE('',#4703,#4170,#4704,.T.);
#3746=EDGE_CURVE('',#4703,#4686,#4705,.T.);
#3747=EDGE_CURVE('',#4706,#4026,#4707,.T.);
#3748=EDGE_CURVE('',#4699,#4706,#4708,.T.);
#3749=EDGE_CURVE('',#4168,#4709,#4710,.T.);
#3750=EDGE_CURVE('',#4709,#4703,#4711,.T.);
#3751=EDGE_CURVE('',#4706,#4694,#4712,.T.);
#3752=EDGE_CURVE('',#4706,#4681,#4713,.T.);
#3753=EDGE_CURVE('',#4709,#4684,#4714,.T.);
#3754=EDGE_CURVE('',#4715,#4684,#4716,.T.);
#3755=EDGE_CURVE('',#4717,#4715,#4718,.T.);
#3756=EDGE_CURVE('',#4717,#4709,#4719,.T.);
#3757=EDGE_CURVE('',#4703,#4720,#4721,.T.);
#3758=EDGE_CURVE('',#4717,#4720,#4722,.T.);
#3759=EDGE_CURVE('',#4723,#4715,#4724,.T.);
#3760=EDGE_CURVE('',#4720,#4723,#4725,.T.);
#3761=EDGE_CURVE('',#4723,#4686,#4726,.T.);
#3762=EDGE_CURVE('',#3878,#3891,#4727,.T.);
#3763=CARTESIAN_POINT('',(11.43,0.0,-8.001));
#3764=DIRECTION('',(0.0,0.0,-1.0));
#3765=DIRECTION('',(1.0,0.0,0.0));
#3766=CARTESIAN_POINT('',(11.43,0.0,-8.001));
#3767=DIRECTION('',(0.0,0.0,-1.0));
#3768=DIRECTION('',(-1.0,0.0,0.0));
#3769=CARTESIAN_POINT('',(8.89,0.0,-8.001));
#3770=DIRECTION('',(0.0,0.0,-1.0));
#3771=DIRECTION('',(1.0,0.0,0.0));
#3772=CARTESIAN_POINT('',(8.89,0.0,-8.001));
#3773=DIRECTION('',(0.0,0.0,-1.0));
#3774=DIRECTION('',(-1.0,0.0,0.0));
#3775=CARTESIAN_POINT('',(6.35,0.0,-8.001));
#3776=DIRECTION('',(0.0,0.0,-1.0));
#3777=DIRECTION('',(1.0,0.0,0.0));
#3778=CARTESIAN_POINT('',(6.35,0.0,-8.001));
#3779=DIRECTION('',(0.0,0.0,-1.0));
#3780=DIRECTION('',(-1.0,0.0,0.0));
#3781=CARTESIAN_POINT('',(3.81,0.0,-8.001));
#3782=DIRECTION('',(0.0,0.0,-1.0));
#3783=DIRECTION('',(1.0,0.0,0.0));
#3784=CARTESIAN_POINT('',(3.81,0.0,-8.001));
#3785=DIRECTION('',(0.0,0.0,-1.0));
#3786=DIRECTION('',(-1.0,0.0,0.0));
#3787=CARTESIAN_POINT('',(1.27,0.0,-8.001));
#3788=DIRECTION('',(0.0,0.0,-1.0));
#3789=DIRECTION('',(1.0,0.0,0.0));
#3790=CARTESIAN_POINT('',(1.27,0.0,-8.001));
#3791=DIRECTION('',(0.0,0.0,-1.0));
#3792=DIRECTION('',(-1.0,0.0,0.0));
#3793=CARTESIAN_POINT('',(-1.27,0.0,-8.001));
#3794=DIRECTION('',(0.0,0.0,-1.0));
#3795=DIRECTION('',(1.0,0.0,0.0));
#3796=CARTESIAN_POINT('',(-1.27,0.0,-8.001));
#3797=DIRECTION('',(0.0,0.0,-1.0));
#3798=DIRECTION('',(-1.0,0.0,0.0));
#3799=CARTESIAN_POINT('',(-3.81,0.0,-8.001));
#3800=DIRECTION('',(0.0,0.0,-1.0));
#3801=DIRECTION('',(1.0,0.0,0.0));
#3802=CARTESIAN_POINT('',(-3.81,0.0,-8.001));
#3803=DIRECTION('',(0.0,0.0,-1.0));
#3804=DIRECTION('',(-1.0,0.0,0.0));
#3805=CARTESIAN_POINT('',(-6.35,0.0,-8.001));
#3806=DIRECTION('',(0.0,0.0,-1.0));
#3807=DIRECTION('',(1.0,0.0,0.0));
#3808=CARTESIAN_POINT('',(-6.35,0.0,-8.001));
#3809=DIRECTION('',(0.0,0.0,-1.0));
#3810=DIRECTION('',(-1.0,0.0,0.0));
#3811=CARTESIAN_POINT('',(-8.89,0.0,-8.001));
#3812=DIRECTION('',(0.0,0.0,-1.0));
#3813=DIRECTION('',(1.0,0.0,0.0));
#3814=CARTESIAN_POINT('',(-8.89,0.0,-8.001));
#3815=DIRECTION('',(0.0,0.0,-1.0));
#3816=DIRECTION('',(-1.0,0.0,0.0));
#3817=CARTESIAN_POINT('',(-11.43,0.0,-8.001));
#3818=DIRECTION('',(0.0,0.0,-1.0));
#3819=DIRECTION('',(1.0,0.0,0.0));
#3820=CARTESIAN_POINT('',(-11.43,0.0,-8.001));
#3821=DIRECTION('',(0.0,0.0,-1.0));
#3822=DIRECTION('',(-1.0,0.0,0.0));
#3823=VERTEX_POINT('',#4728);
#3824=VERTEX_POINT('',#4729);
#3825=LINE('',#4730,#4731);
#3826=VERTEX_POINT('',#4732);
#3827=LINE('',#4733,#4734);
#3828=VERTEX_POINT('',#4735);
#3829=LINE('',#4736,#4737);
#3830=LINE('',#4738,#4739);
#3831=VERTEX_POINT('',#4740);
#3832=VERTEX_POINT('',#4741);
#3833=LINE('',#4742,#4743);
#3834=VERTEX_POINT('',#4744);
#3835=LINE('',#4745,#4746);
#3836=VERTEX_POINT('',#4747);
#3837=LINE('',#4748,#4749);
#3838=VERTEX_POINT('',#4750);
#3839=LINE('',#4751,#4752);
#3840=VERTEX_POINT('',#4753);
#3841=LINE('',#4754,#4755);
#3842=VERTEX_POINT('',#4756);
#3843=LINE('',#4757,#4758);
#3844=VERTEX_POINT('',#4759);
#3845=LINE('',#4760,#4761);
#3846=VERTEX_POINT('',#4762);
#3847=LINE('',#4763,#4764);
#3848=VERTEX_POINT('',#4765);
#3849=LINE('',#4766,#4767);
#3850=VERTEX_POINT('',#4768);
#3851=LINE('',#4769,#4770);
#3852=LINE('',#4771,#4772);
#3853=VERTEX_POINT('',#4773);
#3854=LINE('',#4774,#4775);
#3855=VERTEX_POINT('',#4776);
#3856=LINE('',#4777,#4778);
#3857=VERTEX_POINT('',#4779);
#3858=LINE('',#4780,#4781);
#3859=VERTEX_POINT('',#4782);
#3860=LINE('',#4783,#4784);
#3861=VERTEX_POINT('',#4785);
#3862=LINE('',#4786,#4787);
#3863=VERTEX_POINT('',#4788);
#3864=LINE('',#4789,#4790);
#3865=VERTEX_POINT('',#4791);
#3866=LINE('',#4792,#4793);
#3867=VERTEX_POINT('',#4794);
#3868=LINE('',#4795,#4796);
#3869=VERTEX_POINT('',#4797);
#3870=LINE('',#4798,#4799);
#3871=VERTEX_POINT('',#4800);
#3872=LINE('',#4801,#4802);
#3873=VERTEX_POINT('',#4803);
#3874=LINE('',#4804,#4805);
#3875=VERTEX_POINT('',#4806);
#3876=LINE('',#4807,#4808);
#3877=LINE('',#4809,#4810);
#3878=VERTEX_POINT('',#4811);
#3879=LINE('',#4812,#4813);
#3880=VERTEX_POINT('',#4814);
#3881=LINE('',#4815,#4816);
#3882=LINE('',#4817,#4818);
#3883=VERTEX_POINT('',#4819);
#3884=VERTEX_POINT('',#4820);
#3885=LINE('',#4821,#4822);
#3886=VERTEX_POINT('',#4823);
#3887=LINE('',#4824,#4825);
#3888=VERTEX_POINT('',#4826);
#3889=LINE('',#4827,#4828);
#3890=LINE('',#4829,#4830);
#3891=VERTEX_POINT('',#4831);
#3892=LINE('',#4832,#4833);
#3893=VERTEX_POINT('',#4834);
#3894=LINE('',#4835,#4836);
#3895=VERTEX_POINT('',#4837);
#3896=LINE('',#4838,#4839);
#3897=LINE('',#4840,#4841);
#3898=VERTEX_POINT('',#4842);
#3899=LINE('',#4843,#4844);
#3900=VERTEX_POINT('',#4845);
#3901=LINE('',#4846,#4847);
#3902=VERTEX_POINT('',#4848);
#3903=LINE('',#4849,#4850);
#3904=VERTEX_POINT('',#4851);
#3905=LINE('',#4852,#4853);
#3906=VERTEX_POINT('',#4854);
#3907=LINE('',#4855,#4856);
#3908=VERTEX_POINT('',#4857);
#3909=LINE('',#4858,#4859);
#3910=VERTEX_POINT('',#4860);
#3911=LINE('',#4861,#4862);
#3912=VERTEX_POINT('',#4863);
#3913=LINE('',#4864,#4865);
#3914=VERTEX_POINT('',#4866);
#3915=LINE('',#4867,#4868);
#3916=VERTEX_POINT('',#4869);
#3917=LINE('',#4870,#4871);
#3918=VERTEX_POINT('',#4872);
#3919=LINE('',#4873,#4874);
#3920=VERTEX_POINT('',#4875);
#3921=LINE('',#4876,#4877);
#3922=VERTEX_POINT('',#4878);
#3923=LINE('',#4879,#4880);
#3924=LINE('',#4881,#4882);
#3925=LINE('',#4883,#4884);
#3926=VERTEX_POINT('',#4885);
#3927=LINE('',#4886,#4887);
#3928=VERTEX_POINT('',#4888);
#3929=LINE('',#4889,#4890);
#3930=VERTEX_POINT('',#4891);
#3931=LINE('',#4892,#4893);
#3932=LINE('',#4894,#4895);
#3933=VERTEX_POINT('',#4896);
#3934=VERTEX_POINT('',#4897);
#3935=LINE('',#4898,#4899);
#3936=VERTEX_POINT('',#4900);
#3937=LINE('',#4901,#4902);
#3938=VERTEX_POINT('',#4903);
#3939=LINE('',#4904,#4905);
#3940=VERTEX_POINT('',#4906);
#3941=LINE('',#4907,#4908);
#3942=VERTEX_POINT('',#4909);
#3943=LINE('',#4910,#4911);
#3944=VERTEX_POINT('',#4912);
#3945=LINE('',#4913,#4914);
#3946=LINE('',#4915,#4916);
#3947=VERTEX_POINT('',#4917);
#3948=LINE('',#4918,#4919);
#3949=VERTEX_POINT('',#4920);
#3950=LINE('',#4921,#4922);
#3951=VERTEX_POINT('',#4923);
#3952=LINE('',#4924,#4925);
#3953=VERTEX_POINT('',#4926);
#3954=LINE('',#4927,#4928);
#3955=VERTEX_POINT('',#4929);
#3956=LINE('',#4930,#4931);
#3957=LINE('',#4932,#4933);
#3958=LINE('',#4934,#4935);
#3959=VERTEX_POINT('',#4936);
#3960=VERTEX_POINT('',#4937);
#3961=LINE('',#4938,#4939);
#3962=VERTEX_POINT('',#4940);
#3963=LINE('',#4941,#4942);
#3964=VERTEX_POINT('',#4943);
#3965=LINE('',#4944,#4945);
#3966=LINE('',#4946,#4947);
#3967=VERTEX_POINT('',#4948);
#3968=VERTEX_POINT('',#4949);
#3969=LINE('',#4950,#4951);
#3970=VERTEX_POINT('',#4952);
#3971=LINE('',#4953,#4954);
#3972=VERTEX_POINT('',#4955);
#3973=LINE('',#4956,#4957);
#3974=LINE('',#4958,#4959);
#3975=VERTEX_POINT('',#4960);
#3976=VERTEX_POINT('',#4961);
#3977=LINE('',#4962,#4963);
#3978=VERTEX_POINT('',#4964);
#3979=LINE('',#4965,#4966);
#3980=VERTEX_POINT('',#4967);
#3981=LINE('',#4968,#4969);
#3982=LINE('',#4970,#4971);
#3983=VERTEX_POINT('',#4972);
#3984=VERTEX_POINT('',#4973);
#3985=LINE('',#4974,#4975);
#3986=VERTEX_POINT('',#4976);
#3987=LINE('',#4977,#4978);
#3988=VERTEX_POINT('',#4979);
#3989=LINE('',#4980,#4981);
#3990=LINE('',#4982,#4983);
#3991=VERTEX_POINT('',#4984);
#3992=VERTEX_POINT('',#4985);
#3993=LINE('',#4986,#4987);
#3994=VERTEX_POINT('',#4988);
#3995=LINE('',#4989,#4990);
#3996=VERTEX_POINT('',#4991);
#3997=LINE('',#4992,#4993);
#3998=LINE('',#4994,#4995);
#3999=VERTEX_POINT('',#4996);
#4000=VERTEX_POINT('',#4997);
#4001=LINE('',#4998,#4999);
#4002=VERTEX_POINT('',#5000);
#4003=LINE('',#5001,#5002);
#4004=VERTEX_POINT('',#5003);
#4005=LINE('',#5004,#5005);
#4006=LINE('',#5006,#5007);
#4007=VERTEX_POINT('',#5008);
#4008=VERTEX_POINT('',#5009);
#4009=LINE('',#5010,#5011);
#4010=VERTEX_POINT('',#5012);
#4011=LINE('',#5013,#5014);
#4012=VERTEX_POINT('',#5015);
#4013=LINE('',#5016,#5017);
#4014=LINE('',#5018,#5019);
#4015=VERTEX_POINT('',#5020);
#4016=VERTEX_POINT('',#5021);
#4017=LINE('',#5022,#5023);
#4018=VERTEX_POINT('',#5024);
#4019=LINE('',#5025,#5026);
#4020=VERTEX_POINT('',#5027);
#4021=LINE('',#5028,#5029);
#4022=LINE('',#5030,#5031);
#4023=VERTEX_POINT('',#5032);
#4024=VERTEX_POINT('',#5033);
#4025=LINE('',#5034,#5035);
#4026=VERTEX_POINT('',#5036);
#4027=LINE('',#5037,#5038);
#4028=VERTEX_POINT('',#5039);
#4029=LINE('',#5040,#5041);
#4030=LINE('',#5042,#5043);
#4031=VERTEX_POINT('',#5044);
#4032=VERTEX_POINT('',#5045);
#4033=LINE('',#5046,#5047);
#4034=VERTEX_POINT('',#5048);
#4035=LINE('',#5049,#5050);
#4036=VERTEX_POINT('',#5051);
#4037=LINE('',#5052,#5053);
#4038=LINE('',#5054,#5055);
#4039=VERTEX_POINT('',#5056);
#4040=LINE('',#5057,#5058);
#4041=VERTEX_POINT('',#5059);
#4042=LINE('',#5060,#5061);
#4043=LINE('',#5062,#5063);
#4044=VERTEX_POINT('',#5064);
#4045=VERTEX_POINT('',#5065);
#4046=LINE('',#5066,#5067);
#4047=VERTEX_POINT('',#5068);
#4048=LINE('',#5069,#5070);
#4049=VERTEX_POINT('',#5071);
#4050=LINE('',#5072,#5073);
#4051=LINE('',#5074,#5075);
#4052=VERTEX_POINT('',#5076);
#4053=LINE('',#5077,#5078);
#4054=LINE('',#5079,#5080);
#4055=VERTEX_POINT('',#5081);
#4056=LINE('',#5082,#5083);
#4057=VERTEX_POINT('',#5084);
#4058=LINE('',#5085,#5086);
#4059=LINE('',#5087,#5088);
#4060=VERTEX_POINT('',#5089);
#4061=LINE('',#5090,#5091);
#4062=VERTEX_POINT('',#5092);
#4063=LINE('',#5093,#5094);
#4064=LINE('',#5095,#5096);
#4065=VERTEX_POINT('',#5097);
#4066=VERTEX_POINT('',#5098);
#4067=LINE('',#5099,#5100);
#4068=LINE('',#5101,#5102);
#4069=LINE('',#5103,#5104);
#4070=VERTEX_POINT('',#5105);
#4071=LINE('',#5106,#5107);
#4072=LINE('',#5108,#5109);
#4073=LINE('',#5110,#5111);
#4074=LINE('',#5112,#5113);
#4075=LINE('',#5114,#5115);
#4076=VERTEX_POINT('',#5116);
#4077=VERTEX_POINT('',#5117);
#4078=LINE('',#5118,#5119);
#4079=LINE('',#5120,#5121);
#4080=LINE('',#5122,#5123);
#4081=LINE('',#5124,#5125);
#4082=LINE('',#5126,#5127);
#4083=VERTEX_POINT('',#5128);
#4084=LINE('',#5129,#5130);
#4085=VERTEX_POINT('',#5131);
#4086=LINE('',#5132,#5133);
#4087=LINE('',#5134,#5135);
#4088=VERTEX_POINT('',#5136);
#4089=LINE('',#5137,#5138);
#4090=VERTEX_POINT('',#5139);
#4091=LINE('',#5140,#5141);
#4092=LINE('',#5142,#5143);
#4093=LINE('',#5144,#5145);
#4094=LINE('',#5146,#5147);
#4095=VERTEX_POINT('',#5148);
#4096=LINE('',#5149,#5150);
#4097=LINE('',#5151,#5152);
#4098=VERTEX_POINT('',#5153);
#4099=LINE('',#5154,#5155);
#4100=VERTEX_POINT('',#5156);
#4101=LINE('',#5157,#5158);
#4102=LINE('',#5159,#5160);
#4103=VERTEX_POINT('',#5161);
#4104=VERTEX_POINT('',#5162);
#4105=LINE('',#5163,#5164);
#4106=VERTEX_POINT('',#5165);
#4107=LINE('',#5166,#5167);
#4108=VERTEX_POINT('',#5168);
#4109=LINE('',#5169,#5170);
#4110=LINE('',#5171,#5172);
#4111=VERTEX_POINT('',#5173);
#4112=VERTEX_POINT('',#5174);
#4113=LINE('',#5175,#5176);
#4114=VERTEX_POINT('',#5177);
#4115=LINE('',#5178,#5179);
#4116=VERTEX_POINT('',#5180);
#4117=LINE('',#5181,#5182);
#4118=LINE('',#5183,#5184);
#4119=VERTEX_POINT('',#5185);
#4120=VERTEX_POINT('',#5186);
#4121=LINE('',#5187,#5188);
#4122=VERTEX_POINT('',#5189);
#4123=LINE('',#5190,#5191);
#4124=VERTEX_POINT('',#5192);
#4125=LINE('',#5193,#5194);
#4126=LINE('',#5195,#5196);
#4127=VERTEX_POINT('',#5197);
#4128=VERTEX_POINT('',#5198);
#4129=LINE('',#5199,#5200);
#4130=VERTEX_POINT('',#5201);
#4131=LINE('',#5202,#5203);
#4132=VERTEX_POINT('',#5204);
#4133=LINE('',#5205,#5206);
#4134=LINE('',#5207,#5208);
#4135=VERTEX_POINT('',#5209);
#4136=VERTEX_POINT('',#5210);
#4137=LINE('',#5211,#5212);
#4138=VERTEX_POINT('',#5213);
#4139=LINE('',#5214,#5215);
#4140=VERTEX_POINT('',#5216);
#4141=LINE('',#5217,#5218);
#4142=LINE('',#5219,#5220);
#4143=VERTEX_POINT('',#5221);
#4144=VERTEX_POINT('',#5222);
#4145=LINE('',#5223,#5224);
#4146=VERTEX_POINT('',#5225);
#4147=LINE('',#5226,#5227);
#4148=VERTEX_POINT('',#5228);
#4149=LINE('',#5229,#5230);
#4150=LINE('',#5231,#5232);
#4151=VERTEX_POINT('',#5233);
#4152=VERTEX_POINT('',#5234);
#4153=LINE('',#5235,#5236);
#4154=VERTEX_POINT('',#5237);
#4155=LINE('',#5238,#5239);
#4156=VERTEX_POINT('',#5240);
#4157=LINE('',#5241,#5242);
#4158=LINE('',#5243,#5244);
#4159=VERTEX_POINT('',#5245);
#4160=VERTEX_POINT('',#5246);
#4161=LINE('',#5247,#5248);
#4162=VERTEX_POINT('',#5249);
#4163=LINE('',#5250,#5251);
#4164=VERTEX_POINT('',#5252);
#4165=LINE('',#5253,#5254);
#4166=LINE('',#5255,#5256);
#4167=VERTEX_POINT('',#5257);
#4168=VERTEX_POINT('',#5258);
#4169=LINE('',#5259,#5260);
#4170=VERTEX_POINT('',#5261);
#4171=LINE('',#5262,#5263);
#4172=VERTEX_POINT('',#5264);
#4173=LINE('',#5265,#5266);
#4174=LINE('',#5267,#5268);
#4175=VERTEX_POINT('',#5269);
#4176=LINE('',#5270,#5271);
#4177=VERTEX_POINT('',#5272);
#4178=LINE('',#5273,#5274);
#4179=LINE('',#5275,#5276);
#4180=VERTEX_POINT('',#5277);
#4181=LINE('',#5278,#5279);
#4182=LINE('',#5280,#5281);
#4183=LINE('',#5282,#5283);
#4184=VERTEX_POINT('',#5284);
#4185=LINE('',#5285,#5286);
#4186=LINE('',#5287,#5288);
#4187=VERTEX_POINT('',#5289);
#4188=LINE('',#5290,#5291);
#4189=VERTEX_POINT('',#5292);
#4190=LINE('',#5293,#5294);
#4191=LINE('',#5295,#5296);
#4192=LINE('',#5297,#5298);
#4193=LINE('',#5299,#5300);
#4194=LINE('',#5301,#5302);
#4195=VERTEX_POINT('',#5303);
#4196=LINE('',#5304,#5305);
#4197=LINE('',#5306,#5307);
#4198=VERTEX_POINT('',#5308);
#4199=LINE('',#5309,#5310);
#4200=VERTEX_POINT('',#5311);
#4201=LINE('',#5312,#5313);
#4202=LINE('',#5314,#5315);
#4203=LINE('',#5316,#5317);
#4204=VERTEX_POINT('',#5318);
#4205=VERTEX_POINT('',#5319);
#4206=LINE('',#5320,#5321);
#4207=LINE('',#5322,#5323);
#4208=LINE('',#5324,#5325);
#4209=LINE('',#5326,#5327);
#4210=LINE('',#5328,#5329);
#4211=LINE('',#5330,#5331);
#4212=LINE('',#5332,#5333);
#4213=VERTEX_POINT('',#5334);
#4214=LINE('',#5335,#5336);
#4215=LINE('',#5337,#5338);
#4216=LINE('',#5339,#5340);
#4217=VERTEX_POINT('',#5341);
#4218=LINE('',#5342,#5343);
#4219=LINE('',#5344,#5345);
#4220=VERTEX_POINT('',#5346);
#4221=LINE('',#5347,#5348);
#4222=VERTEX_POINT('',#5349);
#4223=LINE('',#5350,#5351);
#4224=LINE('',#5352,#5353);
#4225=VERTEX_POINT('',#5354);
#4226=LINE('',#5355,#5356);
#4227=LINE('',#5357,#5358);
#4228=VERTEX_POINT('',#5359);
#4229=LINE('',#5360,#5361);
#4230=VERTEX_POINT('',#5362);
#4231=LINE('',#5363,#5364);
#4232=LINE('',#5365,#5366);
#4233=VERTEX_POINT('',#5367);
#4234=LINE('',#5368,#5369);
#4235=LINE('',#5370,#5371);
#4236=VERTEX_POINT('',#5372);
#4237=LINE('',#5373,#5374);
#4238=LINE('',#5375,#5376);
#4239=VERTEX_POINT('',#5377);
#4240=LINE('',#5378,#5379);
#4241=VERTEX_POINT('',#5380);
#4242=LINE('',#5381,#5382);
#4243=VERTEX_POINT('',#5383);
#4244=LINE('',#5384,#5385);
#4245=LINE('',#5386,#5387);
#4246=LINE('',#5388,#5389);
#4247=LINE('',#5390,#5391);
#4248=LINE('',#5392,#5393);
#4249=VERTEX_POINT('',#5394);
#4250=LINE('',#5395,#5396);
#4251=LINE('',#5397,#5398);
#4252=VERTEX_POINT('',#5399);
#4253=LINE('',#5400,#5401);
#4254=LINE('',#5402,#5403);
#4255=VERTEX_POINT('',#5404);
#4256=LINE('',#5405,#5406);
#4257=VERTEX_POINT('',#5407);
#4258=LINE('',#5408,#5409);
#4259=VERTEX_POINT('',#5410);
#4260=CIRCLE('',#5411,1.3462);
#4261=VERTEX_POINT('',#5412);
#4262=LINE('',#5413,#5414);
#4263=CIRCLE('',#5415,1.3462);
#4264=VERTEX_POINT('',#5416);
#4265=LINE('',#5417,#5418);
#4266=VERTEX_POINT('',#5419);
#4267=LINE('',#5420,#5421);
#4268=CIRCLE('',#5422,1.3462);
#4269=VERTEX_POINT('',#5423);
#4270=LINE('',#5424,#5425);
#4271=VERTEX_POINT('',#5426);
#4272=CIRCLE('',#5427,1.3462);
#4273=VERTEX_POINT('',#5428);
#4274=LINE('',#5429,#5430);
#4275=VERTEX_POINT('',#5431);
#4276=LINE('',#5432,#5433);
#4277=LINE('',#5434,#5435);
#4278=VERTEX_POINT('',#5436);
#4279=LINE('',#5437,#5438);
#4280=VERTEX_POINT('',#5439);
#4281=LINE('',#5440,#5441);
#4282=LINE('',#5442,#5443);
#4283=LINE('',#5444,#5445);
#4284=LINE('',#5446,#5447);
#4285=LINE('',#5448,#5449);
#4286=LINE('',#5450,#5451);
#4287=LINE('',#5452,#5453);
#4288=LINE('',#5454,#5455);
#4289=LINE('',#5456,#5457);
#4290=LINE('',#5458,#5459);
#4291=LINE('',#5460,#5461);
#4292=LINE('',#5462,#5463);
#4293=LINE('',#5464,#5465);
#4294=LINE('',#5466,#5467);
#4295=VERTEX_POINT('',#5468);
#4296=LINE('',#5469,#5470);
#4297=VERTEX_POINT('',#5471);
#4298=LINE('',#5472,#5473);
#4299=LINE('',#5474,#5475);
#4300=VERTEX_POINT('',#5476);
#4301=LINE('',#5477,#5478);
#4302=VERTEX_POINT('',#5479);
#4303=LINE('',#5480,#5481);
#4304=LINE('',#5482,#5483);
#4305=VERTEX_POINT('',#5484);
#4306=LINE('',#5485,#5486);
#4307=VERTEX_POINT('',#5487);
#4308=LINE('',#5488,#5489);
#4309=LINE('',#5490,#5491);
#4310=VERTEX_POINT('',#5492);
#4311=LINE('',#5493,#5494);
#4312=VERTEX_POINT('',#5495);
#4313=LINE('',#5496,#5497);
#4314=LINE('',#5498,#5499);
#4315=VERTEX_POINT('',#5500);
#4316=LINE('',#5501,#5502);
#4317=LINE('',#5503,#5504);
#4318=LINE('',#5505,#5506);
#4319=VERTEX_POINT('',#5507);
#4320=LINE('',#5508,#5509);
#4321=LINE('',#5510,#5511);
#4322=VERTEX_POINT('',#5512);
#4323=LINE('',#5513,#5514);
#4324=LINE('',#5515,#5516);
#4325=VERTEX_POINT('',#5517);
#4326=LINE('',#5518,#5519);
#4327=LINE('',#5520,#5521);
#4328=LINE('',#5522,#5523);
#4329=LINE('',#5524,#5525);
#4330=LINE('',#5526,#5527);
#4331=VERTEX_POINT('',#5528);
#4332=LINE('',#5529,#5530);
#4333=VERTEX_POINT('',#5531);
#4334=LINE('',#5532,#5533);
#4335=LINE('',#5534,#5535);
#4336=VERTEX_POINT('',#5536);
#4337=LINE('',#5537,#5538);
#4338=LINE('',#5539,#5540);
#4339=VERTEX_POINT('',#5541);
#4340=LINE('',#5542,#5543);
#4341=LINE('',#5544,#5545);
#4342=LINE('',#5546,#5547);
#4343=VERTEX_POINT('',#5548);
#4344=LINE('',#5549,#5550);
#4345=VERTEX_POINT('',#5551);
#4346=LINE('',#5552,#5553);
#4347=LINE('',#5554,#5555);
#4348=VERTEX_POINT('',#5556);
#4349=LINE('',#5557,#5558);
#4350=VERTEX_POINT('',#5559);
#4351=LINE('',#5560,#5561);
#4352=LINE('',#5562,#5563);
#4353=VERTEX_POINT('',#5564);
#4354=LINE('',#5565,#5566);
#4355=VERTEX_POINT('',#5567);
#4356=LINE('',#5568,#5569);
#4357=LINE('',#5570,#5571);
#4358=VERTEX_POINT('',#5572);
#4359=LINE('',#5573,#5574);
#4360=VERTEX_POINT('',#5575);
#4361=LINE('',#5576,#5577);
#4362=LINE('',#5578,#5579);
#4363=VERTEX_POINT('',#5580);
#4364=LINE('',#5581,#5582);
#4365=LINE('',#5583,#5584);
#4366=LINE('',#5585,#5586);
#4367=VERTEX_POINT('',#5587);
#4368=LINE('',#5588,#5589);
#4369=LINE('',#5590,#5591);
#4370=VERTEX_POINT('',#5592);
#4371=LINE('',#5593,#5594);
#4372=LINE('',#5595,#5596);
#4373=VERTEX_POINT('',#5597);
#4374=LINE('',#5598,#5599);
#4375=LINE('',#5600,#5601);
#4376=LINE('',#5602,#5603);
#4377=LINE('',#5604,#5605);
#4378=LINE('',#5606,#5607);
#4379=VERTEX_POINT('',#5608);
#4380=LINE('',#5609,#5610);
#4381=VERTEX_POINT('',#5611);
#4382=LINE('',#5612,#5613);
#4383=LINE('',#5614,#5615);
#4384=VERTEX_POINT('',#5616);
#4385=LINE('',#5617,#5618);
#4386=LINE('',#5619,#5620);
#4387=VERTEX_POINT('',#5621);
#4388=LINE('',#5622,#5623);
#4389=LINE('',#5624,#5625);
#4390=LINE('',#5626,#5627);
#4391=VERTEX_POINT('',#5628);
#4392=LINE('',#5629,#5630);
#4393=VERTEX_POINT('',#5631);
#4394=LINE('',#5632,#5633);
#4395=LINE('',#5634,#5635);
#4396=VERTEX_POINT('',#5636);
#4397=LINE('',#5637,#5638);
#4398=VERTEX_POINT('',#5639);
#4399=LINE('',#5640,#5641);
#4400=LINE('',#5642,#5643);
#4401=VERTEX_POINT('',#5644);
#4402=LINE('',#5645,#5646);
#4403=VERTEX_POINT('',#5647);
#4404=LINE('',#5648,#5649);
#4405=LINE('',#5650,#5651);
#4406=VERTEX_POINT('',#5652);
#4407=LINE('',#5653,#5654);
#4408=VERTEX_POINT('',#5655);
#4409=LINE('',#5656,#5657);
#4410=LINE('',#5658,#5659);
#4411=VERTEX_POINT('',#5660);
#4412=LINE('',#5661,#5662);
#4413=LINE('',#5663,#5664);
#4414=LINE('',#5665,#5666);
#4415=VERTEX_POINT('',#5667);
#4416=LINE('',#5668,#5669);
#4417=LINE('',#5670,#5671);
#4418=VERTEX_POINT('',#5672);
#4419=LINE('',#5673,#5674);
#4420=LINE('',#5675,#5676);
#4421=VERTEX_POINT('',#5677);
#4422=LINE('',#5678,#5679);
#4423=LINE('',#5680,#5681);
#4424=LINE('',#5682,#5683);
#4425=LINE('',#5684,#5685);
#4426=LINE('',#5686,#5687);
#4427=VERTEX_POINT('',#5688);
#4428=LINE('',#5689,#5690);
#4429=VERTEX_POINT('',#5691);
#4430=LINE('',#5692,#5693);
#4431=LINE('',#5694,#5695);
#4432=VERTEX_POINT('',#5696);
#4433=LINE('',#5697,#5698);
#4434=LINE('',#5699,#5700);
#4435=VERTEX_POINT('',#5701);
#4436=LINE('',#5702,#5703);
#4437=LINE('',#5704,#5705);
#4438=LINE('',#5706,#5707);
#4439=VERTEX_POINT('',#5708);
#4440=LINE('',#5709,#5710);
#4441=VERTEX_POINT('',#5711);
#4442=LINE('',#5712,#5713);
#4443=LINE('',#5714,#5715);
#4444=VERTEX_POINT('',#5716);
#4445=LINE('',#5717,#5718);
#4446=VERTEX_POINT('',#5719);
#4447=LINE('',#5720,#5721);
#4448=LINE('',#5722,#5723);
#4449=VERTEX_POINT('',#5724);
#4450=LINE('',#5725,#5726);
#4451=VERTEX_POINT('',#5727);
#4452=LINE('',#5728,#5729);
#4453=LINE('',#5730,#5731);
#4454=VERTEX_POINT('',#5732);
#4455=LINE('',#5733,#5734);
#4456=VERTEX_POINT('',#5735);
#4457=LINE('',#5736,#5737);
#4458=LINE('',#5738,#5739);
#4459=VERTEX_POINT('',#5740);
#4460=LINE('',#5741,#5742);
#4461=LINE('',#5743,#5744);
#4462=LINE('',#5745,#5746);
#4463=VERTEX_POINT('',#5747);
#4464=LINE('',#5748,#5749);
#4465=LINE('',#5750,#5751);
#4466=VERTEX_POINT('',#5752);
#4467=LINE('',#5753,#5754);
#4468=LINE('',#5755,#5756);
#4469=VERTEX_POINT('',#5757);
#4470=LINE('',#5758,#5759);
#4471=LINE('',#5760,#5761);
#4472=LINE('',#5762,#5763);
#4473=LINE('',#5764,#5765);
#4474=LINE('',#5766,#5767);
#4475=VERTEX_POINT('',#5768);
#4476=LINE('',#5769,#5770);
#4477=VERTEX_POINT('',#5771);
#4478=LINE('',#5772,#5773);
#4479=LINE('',#5774,#5775);
#4480=VERTEX_POINT('',#5776);
#4481=LINE('',#5777,#5778);
#4482=LINE('',#5779,#5780);
#4483=VERTEX_POINT('',#5781);
#4484=LINE('',#5782,#5783);
#4485=LINE('',#5784,#5785);
#4486=LINE('',#5786,#5787);
#4487=VERTEX_POINT('',#5788);
#4488=LINE('',#5789,#5790);
#4489=VERTEX_POINT('',#5791);
#4490=LINE('',#5792,#5793);
#4491=LINE('',#5794,#5795);
#4492=VERTEX_POINT('',#5796);
#4493=LINE('',#5797,#5798);
#4494=VERTEX_POINT('',#5799);
#4495=LINE('',#5800,#5801);
#4496=LINE('',#5802,#5803);
#4497=VERTEX_POINT('',#5804);
#4498=LINE('',#5805,#5806);
#4499=VERTEX_POINT('',#5807);
#4500=LINE('',#5808,#5809);
#4501=LINE('',#5810,#5811);
#4502=VERTEX_POINT('',#5812);
#4503=LINE('',#5813,#5814);
#4504=VERTEX_POINT('',#5815);
#4505=LINE('',#5816,#5817);
#4506=LINE('',#5818,#5819);
#4507=VERTEX_POINT('',#5820);
#4508=LINE('',#5821,#5822);
#4509=LINE('',#5823,#5824);
#4510=LINE('',#5825,#5826);
#4511=VERTEX_POINT('',#5827);
#4512=LINE('',#5828,#5829);
#4513=LINE('',#5830,#5831);
#4514=VERTEX_POINT('',#5832);
#4515=LINE('',#5833,#5834);
#4516=LINE('',#5835,#5836);
#4517=VERTEX_POINT('',#5837);
#4518=LINE('',#5838,#5839);
#4519=LINE('',#5840,#5841);
#4520=LINE('',#5842,#5843);
#4521=LINE('',#5844,#5845);
#4522=LINE('',#5846,#5847);
#4523=VERTEX_POINT('',#5848);
#4524=LINE('',#5849,#5850);
#4525=VERTEX_POINT('',#5851);
#4526=LINE('',#5852,#5853);
#4527=LINE('',#5854,#5855);
#4528=VERTEX_POINT('',#5856);
#4529=LINE('',#5857,#5858);
#4530=LINE('',#5859,#5860);
#4531=VERTEX_POINT('',#5861);
#4532=LINE('',#5862,#5863);
#4533=LINE('',#5864,#5865);
#4534=LINE('',#5866,#5867);
#4535=VERTEX_POINT('',#5868);
#4536=LINE('',#5869,#5870);
#4537=VERTEX_POINT('',#5871);
#4538=LINE('',#5872,#5873);
#4539=LINE('',#5874,#5875);
#4540=VERTEX_POINT('',#5876);
#4541=LINE('',#5877,#5878);
#4542=VERTEX_POINT('',#5879);
#4543=LINE('',#5880,#5881);
#4544=LINE('',#5882,#5883);
#4545=VERTEX_POINT('',#5884);
#4546=LINE('',#5885,#5886);
#4547=VERTEX_POINT('',#5887);
#4548=LINE('',#5888,#5889);
#4549=LINE('',#5890,#5891);
#4550=VERTEX_POINT('',#5892);
#4551=LINE('',#5893,#5894);
#4552=VERTEX_POINT('',#5895);
#4553=LINE('',#5896,#5897);
#4554=LINE('',#5898,#5899);
#4555=VERTEX_POINT('',#5900);
#4556=LINE('',#5901,#5902);
#4557=LINE('',#5903,#5904);
#4558=LINE('',#5905,#5906);
#4559=VERTEX_POINT('',#5907);
#4560=LINE('',#5908,#5909);
#4561=LINE('',#5910,#5911);
#4562=VERTEX_POINT('',#5912);
#4563=LINE('',#5913,#5914);
#4564=LINE('',#5915,#5916);
#4565=VERTEX_POINT('',#5917);
#4566=LINE('',#5918,#5919);
#4567=LINE('',#5920,#5921);
#4568=LINE('',#5922,#5923);
#4569=LINE('',#5924,#5925);
#4570=LINE('',#5926,#5927);
#4571=VERTEX_POINT('',#5928);
#4572=LINE('',#5929,#5930);
#4573=VERTEX_POINT('',#5931);
#4574=LINE('',#5932,#5933);
#4575=LINE('',#5934,#5935);
#4576=VERTEX_POINT('',#5936);
#4577=LINE('',#5937,#5938);
#4578=LINE('',#5939,#5940);
#4579=VERTEX_POINT('',#5941);
#4580=LINE('',#5942,#5943);
#4581=LINE('',#5944,#5945);
#4582=LINE('',#5946,#5947);
#4583=VERTEX_POINT('',#5948);
#4584=LINE('',#5949,#5950);
#4585=VERTEX_POINT('',#5951);
#4586=LINE('',#5952,#5953);
#4587=LINE('',#5954,#5955);
#4588=VERTEX_POINT('',#5956);
#4589=LINE('',#5957,#5958);
#4590=VERTEX_POINT('',#5959);
#4591=LINE('',#5960,#5961);
#4592=LINE('',#5962,#5963);
#4593=VERTEX_POINT('',#5964);
#4594=LINE('',#5965,#5966);
#4595=VERTEX_POINT('',#5967);
#4596=LINE('',#5968,#5969);
#4597=LINE('',#5970,#5971);
#4598=VERTEX_POINT('',#5972);
#4599=LINE('',#5973,#5974);
#4600=VERTEX_POINT('',#5975);
#4601=LINE('',#5976,#5977);
#4602=LINE('',#5978,#5979);
#4603=VERTEX_POINT('',#5980);
#4604=LINE('',#5981,#5982);
#4605=LINE('',#5983,#5984);
#4606=LINE('',#5985,#5986);
#4607=VERTEX_POINT('',#5987);
#4608=LINE('',#5988,#5989);
#4609=LINE('',#5990,#5991);
#4610=VERTEX_POINT('',#5992);
#4611=LINE('',#5993,#5994);
#4612=LINE('',#5995,#5996);
#4613=VERTEX_POINT('',#5997);
#4614=LINE('',#5998,#5999);
#4615=LINE('',#6000,#6001);
#4616=LINE('',#6002,#6003);
#4617=LINE('',#6004,#6005);
#4618=LINE('',#6006,#6007);
#4619=VERTEX_POINT('',#6008);
#4620=LINE('',#6009,#6010);
#4621=VERTEX_POINT('',#6011);
#4622=LINE('',#6012,#6013);
#4623=LINE('',#6014,#6015);
#4624=VERTEX_POINT('',#6016);
#4625=LINE('',#6017,#6018);
#4626=LINE('',#6019,#6020);
#4627=VERTEX_POINT('',#6021);
#4628=LINE('',#6022,#6023);
#4629=LINE('',#6024,#6025);
#4630=LINE('',#6026,#6027);
#4631=VERTEX_POINT('',#6028);
#4632=LINE('',#6029,#6030);
#4633=VERTEX_POINT('',#6031);
#4634=LINE('',#6032,#6033);
#4635=LINE('',#6034,#6035);
#4636=VERTEX_POINT('',#6036);
#4637=LINE('',#6037,#6038);
#4638=VERTEX_POINT('',#6039);
#4639=LINE('',#6040,#6041);
#4640=LINE('',#6042,#6043);
#4641=VERTEX_POINT('',#6044);
#4642=LINE('',#6045,#6046);
#4643=VERTEX_POINT('',#6047);
#4644=LINE('',#6048,#6049);
#4645=LINE('',#6050,#6051);
#4646=VERTEX_POINT('',#6052);
#4647=LINE('',#6053,#6054);
#4648=VERTEX_POINT('',#6055);
#4649=LINE('',#6056,#6057);
#4650=LINE('',#6058,#6059);
#4651=VERTEX_POINT('',#6060);
#4652=LINE('',#6061,#6062);
#4653=LINE('',#6063,#6064);
#4654=LINE('',#6065,#6066);
#4655=VERTEX_POINT('',#6067);
#4656=LINE('',#6068,#6069);
#4657=LINE('',#6070,#6071);
#4658=VERTEX_POINT('',#6072);
#4659=LINE('',#6073,#6074);
#4660=LINE('',#6075,#6076);
#4661=VERTEX_POINT('',#6077);
#4662=LINE('',#6078,#6079);
#4663=LINE('',#6080,#6081);
#4664=LINE('',#6082,#6083);
#4665=LINE('',#6084,#6085);
#4666=LINE('',#6086,#6087);
#4667=VERTEX_POINT('',#6088);
#4668=LINE('',#6089,#6090);
#4669=VERTEX_POINT('',#6091);
#4670=LINE('',#6092,#6093);
#4671=LINE('',#6094,#6095);
#4672=VERTEX_POINT('',#6096);
#4673=LINE('',#6097,#6098);
#4674=LINE('',#6099,#6100);
#4675=VERTEX_POINT('',#6101);
#4676=LINE('',#6102,#6103);
#4677=LINE('',#6104,#6105);
#4678=LINE('',#6106,#6107);
#4679=VERTEX_POINT('',#6108);
#4680=LINE('',#6109,#6110);
#4681=VERTEX_POINT('',#6111);
#4682=LINE('',#6112,#6113);
#4683=LINE('',#6114,#6115);
#4684=VERTEX_POINT('',#6116);
#4685=LINE('',#6117,#6118);
#4686=VERTEX_POINT('',#6119);
#4687=LINE('',#6120,#6121);
#4688=LINE('',#6122,#6123);
#4689=VERTEX_POINT('',#6124);
#4690=LINE('',#6125,#6126);
#4691=VERTEX_POINT('',#6127);
#4692=LINE('',#6128,#6129);
#4693=LINE('',#6130,#6131);
#4694=VERTEX_POINT('',#6132);
#4695=LINE('',#6133,#6134);
#4696=VERTEX_POINT('',#6135);
#4697=LINE('',#6136,#6137);
#4698=LINE('',#6138,#6139);
#4699=VERTEX_POINT('',#6140);
#4700=LINE('',#6141,#6142);
#4701=LINE('',#6143,#6144);
#4702=LINE('',#6145,#6146);
#4703=VERTEX_POINT('',#6147);
#4704=LINE('',#6148,#6149);
#4705=LINE('',#6150,#6151);
#4706=VERTEX_POINT('',#6152);
#4707=LINE('',#6153,#6154);
#4708=LINE('',#6155,#6156);
#4709=VERTEX_POINT('',#6157);
#4710=LINE('',#6158,#6159);
#4711=LINE('',#6160,#6161);
#4712=LINE('',#6162,#6163);
#4713=LINE('',#6164,#6165);
#4714=LINE('',#6166,#6167);
#4715=VERTEX_POINT('',#6168);
#4716=LINE('',#6169,#6170);
#4717=VERTEX_POINT('',#6171);
#4718=LINE('',#6172,#6173);
#4719=LINE('',#6174,#6175);
#4720=VERTEX_POINT('',#6176);
#4721=LINE('',#6177,#6178);
#4722=LINE('',#6179,#6180);
#4723=VERTEX_POINT('',#6181);
#4724=LINE('',#6182,#6183);
#4725=LINE('',#6184,#6185);
#4726=LINE('',#6186,#6187);
#4727=LINE('',#6188,#6189);
#4728=CARTESIAN_POINT('',(-13.97,-2.54,-7.62));
#4729=CARTESIAN_POINT('',(-13.97,2.54,-7.62));
#4730=CARTESIAN_POINT('',(-13.97,-2.54,-7.62));
#4731=VECTOR('',#6190,5.08);
#4732=CARTESIAN_POINT('',(-13.97,-2.54,3.81));
#4733=CARTESIAN_POINT('',(-13.97,-2.54,3.81));
#4734=VECTOR('',#6191,11.43);
#4735=CARTESIAN_POINT('',(-13.97,2.54,3.81));
#4736=CARTESIAN_POINT('',(-13.97,2.54,3.81));
#4737=VECTOR('',#6192,5.08);
#4738=CARTESIAN_POINT('',(-13.97,2.54,3.81));
#4739=VECTOR('',#6193,11.43);
#4740=CARTESIAN_POINT('',(13.97,2.54,3.81));
#4741=CARTESIAN_POINT('',(13.2588,2.54,3.81));
#4742=CARTESIAN_POINT('',(13.97,2.54,3.81));
#4743=VECTOR('',#6194,0.7112);
#4744=CARTESIAN_POINT('',(13.97,2.54,-7.62));
#4745=CARTESIAN_POINT('',(13.97,2.54,-7.62));
#4746=VECTOR('',#6195,11.43);
#4747=CARTESIAN_POINT('',(13.1445,2.54,-7.62));
#4748=CARTESIAN_POINT('',(13.1445,2.54,-7.62));
#4749=VECTOR('',#6196,0.8255);
#4750=CARTESIAN_POINT('',(12.7635,2.54,-8.001));
#4751=CARTESIAN_POINT('',(13.1445,2.54,-7.62));
#4752=VECTOR('',#6197,0.53881536726424);
#4753=CARTESIAN_POINT('',(12.6365,2.54,-8.001));
#4754=CARTESIAN_POINT('',(12.7635,2.54,-8.001));
#4755=VECTOR('',#6198,0.127);
#4756=CARTESIAN_POINT('',(12.2555,2.54,-7.62));
#4757=CARTESIAN_POINT('',(12.6365,2.54,-8.001));
#4758=VECTOR('',#6199,0.53881536726424);
#4759=CARTESIAN_POINT('',(-12.2555,2.54,-7.62));
#4760=CARTESIAN_POINT('',(-12.2555,2.54,-7.62));
#4761=VECTOR('',#6200,24.511);
#4762=CARTESIAN_POINT('',(-12.6365,2.54,-8.001));
#4763=CARTESIAN_POINT('',(-12.2555,2.54,-7.62));
#4764=VECTOR('',#6201,0.53881536726424);
#4765=CARTESIAN_POINT('',(-12.7635,2.54,-8.001));
#4766=CARTESIAN_POINT('',(-12.6365,2.54,-8.001));
#4767=VECTOR('',#6202,0.127);
#4768=CARTESIAN_POINT('',(-13.1445,2.54,-7.62));
#4769=CARTESIAN_POINT('',(-12.7635,2.54,-8.001));
#4770=VECTOR('',#6203,0.53881536726424);
#4771=CARTESIAN_POINT('',(-13.97,2.54,-7.62));
#4772=VECTOR('',#6204,0.8255);
#4773=CARTESIAN_POINT('',(-3.81,2.54,3.81));
#4774=CARTESIAN_POINT('',(-13.97,2.54,3.81));
#4775=VECTOR('',#6205,10.16);
#4776=CARTESIAN_POINT('',(-3.81,2.54,0.0));
#4777=CARTESIAN_POINT('',(-3.81,2.54,3.81));
#4778=VECTOR('',#6206,3.81);
#4779=CARTESIAN_POINT('',(-2.794,2.54,0.0));
#4780=CARTESIAN_POINT('',(-3.81,2.54,0.0));
#4781=VECTOR('',#6207,1.016);
#4782=CARTESIAN_POINT('',(-1.524,2.54,0.0));
#4783=CARTESIAN_POINT('',(-2.794,2.54,0.0));
#4784=VECTOR('',#6208,1.27);
#4785=CARTESIAN_POINT('',(-1.524,2.54,-5.08));
#4786=CARTESIAN_POINT('',(-1.524,2.54,0.0));
#4787=VECTOR('',#6209,5.08);
#4788=CARTESIAN_POINT('',(1.524,2.54,-5.08));
#4789=CARTESIAN_POINT('',(-1.524,2.54,-5.08));
#4790=VECTOR('',#6210,3.048);
#4791=CARTESIAN_POINT('',(1.524,2.54,0.0));
#4792=CARTESIAN_POINT('',(1.524,2.54,0.0));
#4793=VECTOR('',#6211,5.08);
#4794=CARTESIAN_POINT('',(2.794,2.54,0.0));
#4795=CARTESIAN_POINT('',(1.524,2.54,0.0));
#4796=VECTOR('',#6212,1.27);
#4797=CARTESIAN_POINT('',(3.81,2.54,0.0));
#4798=CARTESIAN_POINT('',(2.794,2.54,0.0));
#4799=VECTOR('',#6213,1.016);
#4800=CARTESIAN_POINT('',(3.81,2.54,3.81));
#4801=CARTESIAN_POINT('',(3.81,2.54,3.81));
#4802=VECTOR('',#6214,3.81);
#4803=CARTESIAN_POINT('',(11.6332,2.54,3.81));
#4804=CARTESIAN_POINT('',(11.6332,2.54,3.81));
#4805=VECTOR('',#6215,7.8232);
#4806=CARTESIAN_POINT('',(12.446,2.54,1.778));
#4807=CARTESIAN_POINT('',(12.446,2.54,1.778));
#4808=VECTOR('',#6216,2.18853097761941);
#4809=CARTESIAN_POINT('',(13.2588,2.54,3.81));
#4810=VECTOR('',#6217,2.18853097761941);
#4811=CARTESIAN_POINT('',(12.446,2.5146,1.778));
#4812=CARTESIAN_POINT('',(12.446,2.54,1.778));
#4813=VECTOR('',#6218,0.0254);
#4814=CARTESIAN_POINT('',(13.2588,2.5146,3.81));
#4815=CARTESIAN_POINT('',(13.2588,2.5146,3.81));
#4816=VECTOR('',#6219,2.18853097761941);
#4817=CARTESIAN_POINT('',(13.2588,2.5146,3.81));
#4818=VECTOR('',#6220,0.0254);
#4819=CARTESIAN_POINT('',(-9.525,-2.54,3.81));
#4820=CARTESIAN_POINT('',(9.525,-2.54,3.81));
#4821=CARTESIAN_POINT('',(-9.525,-2.54,3.81));
#4822=VECTOR('',#6221,19.05);
#4823=CARTESIAN_POINT('',(9.525,-2.032,3.81));
#4824=CARTESIAN_POINT('',(9.525,-2.54,3.81));
#4825=VECTOR('',#6222,0.508);
#4826=CARTESIAN_POINT('',(-9.525,-2.032,3.81));
#4827=CARTESIAN_POINT('',(9.525,-2.032,3.81));
#4828=VECTOR('',#6223,19.05);
#4829=CARTESIAN_POINT('',(-9.525,-2.54,3.81));
#4830=VECTOR('',#6224,0.508);
#4831=CARTESIAN_POINT('',(11.6332,2.5146,3.81));
#4832=CARTESIAN_POINT('',(11.6332,2.5146,3.81));
#4833=VECTOR('',#6225,0.0254);
#4834=CARTESIAN_POINT('',(3.81,4.064,3.81));
#4835=CARTESIAN_POINT('',(3.81,4.064,3.81));
#4836=VECTOR('',#6226,1.524);
#4837=CARTESIAN_POINT('',(-3.81,4.064,3.81));
#4838=CARTESIAN_POINT('',(-3.81,4.064,3.81));
#4839=VECTOR('',#6227,7.62);
#4840=CARTESIAN_POINT('',(-3.81,4.064,3.81));
#4841=VECTOR('',#6228,1.524);
#4842=CARTESIAN_POINT('',(-10.795,-2.54,3.81));
#4843=CARTESIAN_POINT('',(-13.97,-2.54,3.81));
#4844=VECTOR('',#6229,3.175);
#4845=CARTESIAN_POINT('',(-10.795,-2.032,3.81));
#4846=CARTESIAN_POINT('',(-10.795,-2.54,3.81));
#4847=VECTOR('',#6230,0.508);
#4848=CARTESIAN_POINT('',(-13.462,-2.032,3.81));
#4849=CARTESIAN_POINT('',(-10.795,-2.032,3.81));
#4850=VECTOR('',#6231,2.667);
#4851=CARTESIAN_POINT('',(-13.462,2.032,3.81));
#4852=CARTESIAN_POINT('',(-13.462,-2.032,3.81));
#4853=VECTOR('',#6232,4.064);
#4854=CARTESIAN_POINT('',(-3.302,2.032,3.81));
#4855=CARTESIAN_POINT('',(-13.462,2.032,3.81));
#4856=VECTOR('',#6233,10.16);
#4857=CARTESIAN_POINT('',(-3.302,3.556,3.81));
#4858=CARTESIAN_POINT('',(-3.302,2.032,3.81));
#4859=VECTOR('',#6234,1.524);
#4860=CARTESIAN_POINT('',(3.302,3.556,3.81));
#4861=CARTESIAN_POINT('',(-3.302,3.556,3.81));
#4862=VECTOR('',#6235,6.604);
#4863=CARTESIAN_POINT('',(3.302,2.032,3.81));
#4864=CARTESIAN_POINT('',(3.302,3.556,3.81));
#4865=VECTOR('',#6236,1.524);
#4866=CARTESIAN_POINT('',(13.462,2.032,3.81));
#4867=CARTESIAN_POINT('',(3.302,2.032,3.81));
#4868=VECTOR('',#6237,10.16);
#4869=CARTESIAN_POINT('',(13.462,-2.032,3.81));
#4870=CARTESIAN_POINT('',(13.462,2.032,3.81));
#4871=VECTOR('',#6238,4.064);
#4872=CARTESIAN_POINT('',(10.795,-2.032,3.81));
#4873=CARTESIAN_POINT('',(13.462,-2.032,3.81));
#4874=VECTOR('',#6239,2.667);
#4875=CARTESIAN_POINT('',(10.795,-2.54,3.81));
#4876=CARTESIAN_POINT('',(10.795,-2.54,3.81));
#4877=VECTOR('',#6240,0.508);
#4878=CARTESIAN_POINT('',(13.97,-2.54,3.81));
#4879=CARTESIAN_POINT('',(10.795,-2.54,3.81));
#4880=VECTOR('',#6241,3.175);
#4881=CARTESIAN_POINT('',(13.97,2.54,3.81));
#4882=VECTOR('',#6242,5.08);
#4883=CARTESIAN_POINT('',(11.6332,2.5146,3.81));
#4884=VECTOR('',#6243,1.6256);
#4885=CARTESIAN_POINT('',(-9.525,-2.54,-5.08));
#4886=CARTESIAN_POINT('',(-9.525,-2.54,3.81));
#4887=VECTOR('',#6244,8.89);
#4888=CARTESIAN_POINT('',(-9.525,-1.524,3.302));
#4889=CARTESIAN_POINT('',(-9.525,-2.032,3.81));
#4890=VECTOR('',#6245,0.718420489685484);
#4891=CARTESIAN_POINT('',(-9.525,-1.524,-5.08));
#4892=CARTESIAN_POINT('',(-9.525,-1.524,-5.08));
#4893=VECTOR('',#6246,8.382);
#4894=CARTESIAN_POINT('',(-9.525,-1.524,-5.08));
#4895=VECTOR('',#6247,1.016);
#4896=CARTESIAN_POINT('',(9.525,-1.524,-5.08));
#4897=CARTESIAN_POINT('',(9.525,-2.54,-5.08));
#4898=CARTESIAN_POINT('',(9.525,-1.524,-5.08));
#4899=VECTOR('',#6248,1.016);
#4900=CARTESIAN_POINT('',(10.795,-2.54,-5.08));
#4901=CARTESIAN_POINT('',(9.525,-2.54,-5.08));
#4902=VECTOR('',#6249,1.27);
#4903=CARTESIAN_POINT('',(10.795,-1.524,-5.08));
#4904=CARTESIAN_POINT('',(10.795,-2.54,-5.08));
#4905=VECTOR('',#6250,1.016);
#4906=CARTESIAN_POINT('',(12.954,-1.524,-5.08));
#4907=CARTESIAN_POINT('',(10.795,-1.524,-5.08));
#4908=VECTOR('',#6251,2.159);
#4909=CARTESIAN_POINT('',(12.954,1.524,-5.08));
#4910=CARTESIAN_POINT('',(12.954,-1.524,-5.08));
#4911=VECTOR('',#6252,3.048);
#4912=CARTESIAN_POINT('',(1.524,1.524,-5.08));
#4913=CARTESIAN_POINT('',(12.954,1.524,-5.08));
#4914=VECTOR('',#6253,11.43);
#4915=CARTESIAN_POINT('',(1.524,1.524,-5.08));
#4916=VECTOR('',#6254,1.016);
#4917=CARTESIAN_POINT('',(-1.524,1.524,-5.08));
#4918=CARTESIAN_POINT('',(-1.524,2.54,-5.08));
#4919=VECTOR('',#6255,1.016);
#4920=CARTESIAN_POINT('',(-12.954,1.524,-5.08));
#4921=CARTESIAN_POINT('',(-1.524,1.524,-5.08));
#4922=VECTOR('',#6256,11.43);
#4923=CARTESIAN_POINT('',(-12.954,-1.524,-5.08));
#4924=CARTESIAN_POINT('',(-12.954,1.524,-5.08));
#4925=VECTOR('',#6257,3.048);
#4926=CARTESIAN_POINT('',(-10.795,-1.524,-5.08));
#4927=CARTESIAN_POINT('',(-12.954,-1.524,-5.08));
#4928=VECTOR('',#6258,2.159);
#4929=CARTESIAN_POINT('',(-10.795,-2.54,-5.08));
#4930=CARTESIAN_POINT('',(-10.795,-2.54,-5.08));
#4931=VECTOR('',#6259,1.016);
#4932=CARTESIAN_POINT('',(-9.525,-2.54,-5.08));
#4933=VECTOR('',#6260,1.27);
#4934=CARTESIAN_POINT('',(-9.525,-1.524,-5.08));
#4935=VECTOR('',#6261,19.05);
#4936=CARTESIAN_POINT('',(8.5725,0.3175,-5.08));
#4937=CARTESIAN_POINT('',(9.2075,0.3175,-5.08));
#4938=CARTESIAN_POINT('',(8.5725,0.3175,-5.08));
#4939=VECTOR('',#6262,0.635);
#4940=CARTESIAN_POINT('',(9.2075,-0.3175,-5.08));
#4941=CARTESIAN_POINT('',(9.2075,-0.3175,-5.08));
#4942=VECTOR('',#6263,0.635);
#4943=CARTESIAN_POINT('',(8.5725,-0.3175,-5.08));
#4944=CARTESIAN_POINT('',(8.5725,-0.3175,-5.08));
#4945=VECTOR('',#6264,0.635);
#4946=CARTESIAN_POINT('',(8.5725,-0.3175,-5.08));
#4947=VECTOR('',#6265,0.635);
#4948=CARTESIAN_POINT('',(6.0325,0.3175,-5.08));
#4949=CARTESIAN_POINT('',(6.6675,0.3175,-5.08));
#4950=CARTESIAN_POINT('',(6.0325,0.3175,-5.08));
#4951=VECTOR('',#6266,0.635);
#4952=CARTESIAN_POINT('',(6.6675,-0.3175,-5.08));
#4953=CARTESIAN_POINT('',(6.6675,-0.3175,-5.08));
#4954=VECTOR('',#6267,0.635);
#4955=CARTESIAN_POINT('',(6.0325,-0.3175,-5.08));
#4956=CARTESIAN_POINT('',(6.0325,-0.3175,-5.08));
#4957=VECTOR('',#6268,0.635);
#4958=CARTESIAN_POINT('',(6.0325,-0.3175,-5.08));
#4959=VECTOR('',#6269,0.635);
#4960=CARTESIAN_POINT('',(3.4925,0.3175,-5.08));
#4961=CARTESIAN_POINT('',(4.1275,0.3175,-5.08));
#4962=CARTESIAN_POINT('',(3.4925,0.3175,-5.08));
#4963=VECTOR('',#6270,0.635);
#4964=CARTESIAN_POINT('',(4.1275,-0.3175,-5.08));
#4965=CARTESIAN_POINT('',(4.1275,-0.3175,-5.08));
#4966=VECTOR('',#6271,0.635);
#4967=CARTESIAN_POINT('',(3.4925,-0.3175,-5.08));
#4968=CARTESIAN_POINT('',(3.4925,-0.3175,-5.08));
#4969=VECTOR('',#6272,0.635);
#4970=CARTESIAN_POINT('',(3.4925,-0.3175,-5.08));
#4971=VECTOR('',#6273,0.635);
#4972=CARTESIAN_POINT('',(0.9525,0.3175,-5.08));
#4973=CARTESIAN_POINT('',(1.5875,0.3175,-5.08));
#4974=CARTESIAN_POINT('',(0.9525,0.3175,-5.08));
#4975=VECTOR('',#6274,0.635);
#4976=CARTESIAN_POINT('',(1.5875,-0.3175,-5.08));
#4977=CARTESIAN_POINT('',(1.5875,-0.3175,-5.08));
#4978=VECTOR('',#6275,0.635);
#4979=CARTESIAN_POINT('',(0.9525,-0.3175,-5.08));
#4980=CARTESIAN_POINT('',(0.9525,-0.3175,-5.08));
#4981=VECTOR('',#6276,0.635);
#4982=CARTESIAN_POINT('',(0.9525,-0.3175,-5.08));
#4983=VECTOR('',#6277,0.635);
#4984=CARTESIAN_POINT('',(-1.5875,0.3175,-5.08));
#4985=CARTESIAN_POINT('',(-0.9525,0.3175,-5.08));
#4986=CARTESIAN_POINT('',(-1.5875,0.3175,-5.08));
#4987=VECTOR('',#6278,0.635);
#4988=CARTESIAN_POINT('',(-0.9525,-0.3175,-5.08));
#4989=CARTESIAN_POINT('',(-0.9525,-0.3175,-5.08));
#4990=VECTOR('',#6279,0.635);
#4991=CARTESIAN_POINT('',(-1.5875,-0.3175,-5.08));
#4992=CARTESIAN_POINT('',(-1.5875,-0.3175,-5.08));
#4993=VECTOR('',#6280,0.635);
#4994=CARTESIAN_POINT('',(-1.5875,-0.3175,-5.08));
#4995=VECTOR('',#6281,0.635);
#4996=CARTESIAN_POINT('',(-4.1275,0.3175,-5.08));
#4997=CARTESIAN_POINT('',(-3.4925,0.3175,-5.08));
#4998=CARTESIAN_POINT('',(-4.1275,0.3175,-5.08));
#4999=VECTOR('',#6282,0.635);
#5000=CARTESIAN_POINT('',(-3.4925,-0.3175,-5.08));
#5001=CARTESIAN_POINT('',(-3.4925,-0.3175,-5.08));
#5002=VECTOR('',#6283,0.635);
#5003=CARTESIAN_POINT('',(-4.1275,-0.3175,-5.08));
#5004=CARTESIAN_POINT('',(-4.1275,-0.3175,-5.08));
#5005=VECTOR('',#6284,0.635);
#5006=CARTESIAN_POINT('',(-4.1275,-0.3175,-5.08));
#5007=VECTOR('',#6285,0.635);
#5008=CARTESIAN_POINT('',(-6.6675,0.3175,-5.08));
#5009=CARTESIAN_POINT('',(-6.0325,0.3175,-5.08));
#5010=CARTESIAN_POINT('',(-6.6675,0.3175,-5.08));
#5011=VECTOR('',#6286,0.635);
#5012=CARTESIAN_POINT('',(-6.0325,-0.3175,-5.08));
#5013=CARTESIAN_POINT('',(-6.0325,-0.3175,-5.08));
#5014=VECTOR('',#6287,0.635);
#5015=CARTESIAN_POINT('',(-6.6675,-0.3175,-5.08));
#5016=CARTESIAN_POINT('',(-6.6675,-0.3175,-5.08));
#5017=VECTOR('',#6288,0.635);
#5018=CARTESIAN_POINT('',(-6.6675,-0.3175,-5.08));
#5019=VECTOR('',#6289,0.635);
#5020=CARTESIAN_POINT('',(-9.2075,0.3175,-5.08));
#5021=CARTESIAN_POINT('',(-8.5725,0.3175,-5.08));
#5022=CARTESIAN_POINT('',(-9.2075,0.3175,-5.08));
#5023=VECTOR('',#6290,0.635);
#5024=CARTESIAN_POINT('',(-8.5725,-0.3175,-5.08));
#5025=CARTESIAN_POINT('',(-8.5725,-0.3175,-5.08));
#5026=VECTOR('',#6291,0.635);
#5027=CARTESIAN_POINT('',(-9.2075,-0.3175,-5.08));
#5028=CARTESIAN_POINT('',(-9.2075,-0.3175,-5.08));
#5029=VECTOR('',#6292,0.635);
#5030=CARTESIAN_POINT('',(-9.2075,-0.3175,-5.08));
#5031=VECTOR('',#6293,0.635);
#5032=CARTESIAN_POINT('',(-11.7475,0.3175,-5.08));
#5033=CARTESIAN_POINT('',(-11.1125,0.3175,-5.08));
#5034=CARTESIAN_POINT('',(-11.7475,0.3175,-5.08));
#5035=VECTOR('',#6294,0.635);
#5036=CARTESIAN_POINT('',(-11.1125,-0.3175,-5.08));
#5037=CARTESIAN_POINT('',(-11.1125,-0.3175,-5.08));
#5038=VECTOR('',#6295,0.635);
#5039=CARTESIAN_POINT('',(-11.7475,-0.3175,-5.08));
#5040=CARTESIAN_POINT('',(-11.7475,-0.3175,-5.08));
#5041=VECTOR('',#6296,0.635);
#5042=CARTESIAN_POINT('',(-11.7475,-0.3175,-5.08));
#5043=VECTOR('',#6297,0.635);
#5044=CARTESIAN_POINT('',(11.1125,0.3175,-5.08));
#5045=CARTESIAN_POINT('',(11.7475,0.3175,-5.08));
#5046=CARTESIAN_POINT('',(11.1125,0.3175,-5.08));
#5047=VECTOR('',#6298,0.635);
#5048=CARTESIAN_POINT('',(11.7475,-0.3175,-5.08));
#5049=CARTESIAN_POINT('',(11.7475,-0.3175,-5.08));
#5050=VECTOR('',#6299,0.635);
#5051=CARTESIAN_POINT('',(11.1125,-0.3175,-5.08));
#5052=CARTESIAN_POINT('',(11.1125,-0.3175,-5.08));
#5053=VECTOR('',#6300,0.635);
#5054=CARTESIAN_POINT('',(11.1125,-0.3175,-5.08));
#5055=VECTOR('',#6301,0.635);
#5056=CARTESIAN_POINT('',(11.1125,-0.3175,0.381));
#5057=CARTESIAN_POINT('',(11.1125,-0.3175,0.381));
#5058=VECTOR('',#6302,5.461);
#5059=CARTESIAN_POINT('',(11.1125,0.3175,0.381));
#5060=CARTESIAN_POINT('',(11.1125,-0.3175,0.381));
#5061=VECTOR('',#6303,0.635);
#5062=CARTESIAN_POINT('',(11.1125,0.3175,-5.08));
#5063=VECTOR('',#6304,5.461);
#5064=CARTESIAN_POINT('',(11.1125,-0.3175,-7.62));
#5065=CARTESIAN_POINT('',(11.1125,-0.3175,-10.668));
#5066=CARTESIAN_POINT('',(11.1125,-0.3175,-7.62));
#5067=VECTOR('',#6305,3.048);
#5068=CARTESIAN_POINT('',(11.1125,0.3175,-7.62));
#5069=CARTESIAN_POINT('',(11.1125,-0.3175,-7.62));
#5070=VECTOR('',#6306,0.635);
#5071=CARTESIAN_POINT('',(11.1125,0.3175,-10.668));
#5072=CARTESIAN_POINT('',(11.1125,0.3175,-10.668));
#5073=VECTOR('',#6307,3.048);
#5074=CARTESIAN_POINT('',(11.1125,0.3175,-10.668));
#5075=VECTOR('',#6308,0.635);
#5076=CARTESIAN_POINT('',(11.7475,0.3175,0.381));
#5077=CARTESIAN_POINT('',(11.7475,0.3175,-5.08));
#5078=VECTOR('',#6309,5.461);
#5079=CARTESIAN_POINT('',(11.7475,0.3175,0.381));
#5080=VECTOR('',#6310,0.635);
#5081=CARTESIAN_POINT('',(11.7475,0.3175,-7.62));
#5082=CARTESIAN_POINT('',(11.1125,0.3175,-7.62));
#5083=VECTOR('',#6311,0.635);
#5084=CARTESIAN_POINT('',(11.7475,0.3175,-10.668));
#5085=CARTESIAN_POINT('',(11.7475,0.3175,-10.668));
#5086=VECTOR('',#6312,3.048);
#5087=CARTESIAN_POINT('',(11.7475,0.3175,-10.668));
#5088=VECTOR('',#6313,0.635);
#5089=CARTESIAN_POINT('',(11.3157,0.1143,1.016));
#5090=CARTESIAN_POINT('',(11.1125,0.3175,0.381));
#5091=VECTOR('',#6314,0.696997474887708);
#5092=CARTESIAN_POINT('',(11.5443,0.1143,1.016));
#5093=CARTESIAN_POINT('',(11.5443,0.1143,1.016));
#5094=VECTOR('',#6315,0.2286);
#5095=CARTESIAN_POINT('',(11.5443,0.1143,1.016));
#5096=VECTOR('',#6316,0.696997474887708);
#5097=CARTESIAN_POINT('',(11.7475,-0.3175,0.381));
#5098=CARTESIAN_POINT('',(11.5443,-0.1143,1.016));
#5099=CARTESIAN_POINT('',(11.7475,-0.3175,0.381));
#5100=VECTOR('',#6317,0.696997474887708);
#5101=CARTESIAN_POINT('',(11.7475,0.3175,0.381));
#5102=VECTOR('',#6318,0.635);
#5103=CARTESIAN_POINT('',(11.5443,0.1143,1.016));
#5104=VECTOR('',#6319,0.2286);
#5105=CARTESIAN_POINT('',(11.3157,-0.1143,1.016));
#5106=CARTESIAN_POINT('',(11.3157,-0.1143,1.016));
#5107=VECTOR('',#6320,0.2286);
#5108=CARTESIAN_POINT('',(11.5443,-0.1143,1.016));
#5109=VECTOR('',#6321,0.2286);
#5110=CARTESIAN_POINT('',(11.3157,-0.1143,1.016));
#5111=VECTOR('',#6322,0.696997474887708);
#5112=CARTESIAN_POINT('',(11.7475,-0.3175,0.381));
#5113=VECTOR('',#6323,0.635);
#5114=CARTESIAN_POINT('',(11.7475,-0.3175,0.381));
#5115=VECTOR('',#6324,5.461);
#5116=CARTESIAN_POINT('',(11.7475,-0.3175,-7.62));
#5117=CARTESIAN_POINT('',(11.7475,-0.3175,-10.668));
#5118=CARTESIAN_POINT('',(11.7475,-0.3175,-7.62));
#5119=VECTOR('',#6325,3.048);
#5120=CARTESIAN_POINT('',(11.1125,-0.3175,-7.62));
#5121=VECTOR('',#6326,0.635);
#5122=CARTESIAN_POINT('',(11.7475,-0.3175,-10.668));
#5123=VECTOR('',#6327,0.635);
#5124=CARTESIAN_POINT('',(11.7475,-0.3175,-7.62));
#5125=VECTOR('',#6328,0.635);
#5126=CARTESIAN_POINT('',(11.7475,-0.3175,-10.668));
#5127=VECTOR('',#6329,0.635);
#5128=CARTESIAN_POINT('',(11.5443,0.1143,-11.303));
#5129=CARTESIAN_POINT('',(11.7475,0.3175,-10.668));
#5130=VECTOR('',#6330,0.696997474887708);
#5131=CARTESIAN_POINT('',(11.5443,-0.1143,-11.303));
#5132=CARTESIAN_POINT('',(11.5443,-0.1143,-11.303));
#5133=VECTOR('',#6331,0.696997474887708);
#5134=CARTESIAN_POINT('',(11.5443,-0.1143,-11.303));
#5135=VECTOR('',#6332,0.2286);
#5136=CARTESIAN_POINT('',(11.3157,-0.1143,-11.303));
#5137=CARTESIAN_POINT('',(11.5443,-0.1143,-11.303));
#5138=VECTOR('',#6333,0.2286);
#5139=CARTESIAN_POINT('',(11.3157,0.1143,-11.303));
#5140=CARTESIAN_POINT('',(11.3157,0.1143,-11.303));
#5141=VECTOR('',#6334,0.2286);
#5142=CARTESIAN_POINT('',(11.5443,0.1143,-11.303));
#5143=VECTOR('',#6335,0.2286);
#5144=CARTESIAN_POINT('',(11.3157,0.1143,-11.303));
#5145=VECTOR('',#6336,0.696997474887708);
#5146=CARTESIAN_POINT('',(11.3157,-0.1143,-11.303));
#5147=VECTOR('',#6337,0.696997474887708);
#5148=CARTESIAN_POINT('',(-13.1445,-2.54,-7.62));
#5149=CARTESIAN_POINT('',(-13.97,-2.54,-7.62));
#5150=VECTOR('',#6338,0.8255);
#5151=CARTESIAN_POINT('',(-13.1445,-2.54,-7.62));
#5152=VECTOR('',#6339,5.08);
#5153=CARTESIAN_POINT('',(12.2555,-2.54,-7.62));
#5154=CARTESIAN_POINT('',(12.2555,-2.54,-7.62));
#5155=VECTOR('',#6340,5.08);
#5156=CARTESIAN_POINT('',(-12.2555,-2.54,-7.62));
#5157=CARTESIAN_POINT('',(-12.2555,-2.54,-7.62));
#5158=VECTOR('',#6341,24.511);
#5159=CARTESIAN_POINT('',(-12.2555,-2.54,-7.62));
#5160=VECTOR('',#6342,5.08);
#5161=CARTESIAN_POINT('',(9.2075,-0.3175,-7.62));
#5162=CARTESIAN_POINT('',(8.5725,-0.3175,-7.62));
#5163=CARTESIAN_POINT('',(9.2075,-0.3175,-7.62));
#5164=VECTOR('',#6343,0.635);
#5165=CARTESIAN_POINT('',(9.2075,0.3175,-7.62));
#5166=CARTESIAN_POINT('',(9.2075,-0.3175,-7.62));
#5167=VECTOR('',#6344,0.635);
#5168=CARTESIAN_POINT('',(8.5725,0.3175,-7.62));
#5169=CARTESIAN_POINT('',(9.2075,0.3175,-7.62));
#5170=VECTOR('',#6345,0.635);
#5171=CARTESIAN_POINT('',(8.5725,-0.3175,-7.62));
#5172=VECTOR('',#6346,0.635);
#5173=CARTESIAN_POINT('',(6.0325,-0.3175,-7.62));
#5174=CARTESIAN_POINT('',(6.6675,-0.3175,-7.62));
#5175=CARTESIAN_POINT('',(6.0325,-0.3175,-7.62));
#5176=VECTOR('',#6347,0.635);
#5177=CARTESIAN_POINT('',(6.6675,0.3175,-7.62));
#5178=CARTESIAN_POINT('',(6.6675,-0.3175,-7.62));
#5179=VECTOR('',#6348,0.635);
#5180=CARTESIAN_POINT('',(6.0325,0.3175,-7.62));
#5181=CARTESIAN_POINT('',(6.0325,0.3175,-7.62));
#5182=VECTOR('',#6349,0.635);
#5183=CARTESIAN_POINT('',(6.0325,-0.3175,-7.62));
#5184=VECTOR('',#6350,0.635);
#5185=CARTESIAN_POINT('',(3.4925,-0.3175,-7.62));
#5186=CARTESIAN_POINT('',(4.1275,-0.3175,-7.62));
#5187=CARTESIAN_POINT('',(3.4925,-0.3175,-7.62));
#5188=VECTOR('',#6351,0.635);
#5189=CARTESIAN_POINT('',(4.1275,0.3175,-7.62));
#5190=CARTESIAN_POINT('',(4.1275,-0.3175,-7.62));
#5191=VECTOR('',#6352,0.635);
#5192=CARTESIAN_POINT('',(3.4925,0.3175,-7.62));
#5193=CARTESIAN_POINT('',(3.4925,0.3175,-7.62));
#5194=VECTOR('',#6353,0.635);
#5195=CARTESIAN_POINT('',(3.4925,-0.3175,-7.62));
#5196=VECTOR('',#6354,0.635);
#5197=CARTESIAN_POINT('',(0.9525,-0.3175,-7.62));
#5198=CARTESIAN_POINT('',(1.5875,-0.3175,-7.62));
#5199=CARTESIAN_POINT('',(0.9525,-0.3175,-7.62));
#5200=VECTOR('',#6355,0.635);
#5201=CARTESIAN_POINT('',(1.5875,0.3175,-7.62));
#5202=CARTESIAN_POINT('',(1.5875,-0.3175,-7.62));
#5203=VECTOR('',#6356,0.635);
#5204=CARTESIAN_POINT('',(0.9525,0.3175,-7.62));
#5205=CARTESIAN_POINT('',(0.9525,0.3175,-7.62));
#5206=VECTOR('',#6357,0.635);
#5207=CARTESIAN_POINT('',(0.9525,-0.3175,-7.62));
#5208=VECTOR('',#6358,0.635);
#5209=CARTESIAN_POINT('',(-1.5875,-0.3175,-7.62));
#5210=CARTESIAN_POINT('',(-0.9525,-0.3175,-7.62));
#5211=CARTESIAN_POINT('',(-1.5875,-0.3175,-7.62));
#5212=VECTOR('',#6359,0.635);
#5213=CARTESIAN_POINT('',(-0.9525,0.3175,-7.62));
#5214=CARTESIAN_POINT('',(-0.9525,-0.3175,-7.62));
#5215=VECTOR('',#6360,0.635);
#5216=CARTESIAN_POINT('',(-1.5875,0.3175,-7.62));
#5217=CARTESIAN_POINT('',(-1.5875,0.3175,-7.62));
#5218=VECTOR('',#6361,0.635);
#5219=CARTESIAN_POINT('',(-1.5875,-0.3175,-7.62));
#5220=VECTOR('',#6362,0.635);
#5221=CARTESIAN_POINT('',(-4.1275,-0.3175,-7.62));
#5222=CARTESIAN_POINT('',(-3.4925,-0.3175,-7.62));
#5223=CARTESIAN_POINT('',(-4.1275,-0.3175,-7.62));
#5224=VECTOR('',#6363,0.635);
#5225=CARTESIAN_POINT('',(-3.4925,0.3175,-7.62));
#5226=CARTESIAN_POINT('',(-3.4925,-0.3175,-7.62));
#5227=VECTOR('',#6364,0.635);
#5228=CARTESIAN_POINT('',(-4.1275,0.3175,-7.62));
#5229=CARTESIAN_POINT('',(-4.1275,0.3175,-7.62));
#5230=VECTOR('',#6365,0.635);
#5231=CARTESIAN_POINT('',(-4.1275,-0.3175,-7.62));
#5232=VECTOR('',#6366,0.635);
#5233=CARTESIAN_POINT('',(-6.6675,-0.3175,-7.62));
#5234=CARTESIAN_POINT('',(-6.0325,-0.3175,-7.62));
#5235=CARTESIAN_POINT('',(-6.6675,-0.3175,-7.62));
#5236=VECTOR('',#6367,0.635);
#5237=CARTESIAN_POINT('',(-6.0325,0.3175,-7.62));
#5238=CARTESIAN_POINT('',(-6.0325,-0.3175,-7.62));
#5239=VECTOR('',#6368,0.635);
#5240=CARTESIAN_POINT('',(-6.6675,0.3175,-7.62));
#5241=CARTESIAN_POINT('',(-6.6675,0.3175,-7.62));
#5242=VECTOR('',#6369,0.635);
#5243=CARTESIAN_POINT('',(-6.6675,-0.3175,-7.62));
#5244=VECTOR('',#6370,0.635);
#5245=CARTESIAN_POINT('',(-9.2075,-0.3175,-7.62));
#5246=CARTESIAN_POINT('',(-8.5725,-0.3175,-7.62));
#5247=CARTESIAN_POINT('',(-9.2075,-0.3175,-7.62));
#5248=VECTOR('',#6371,0.635);
#5249=CARTESIAN_POINT('',(-8.5725,0.3175,-7.62));
#5250=CARTESIAN_POINT('',(-8.5725,-0.3175,-7.62));
#5251=VECTOR('',#6372,0.635);
#5252=CARTESIAN_POINT('',(-9.2075,0.3175,-7.62));
#5253=CARTESIAN_POINT('',(-9.2075,0.3175,-7.62));
#5254=VECTOR('',#6373,0.635);
#5255=CARTESIAN_POINT('',(-9.2075,-0.3175,-7.62));
#5256=VECTOR('',#6374,0.635);
#5257=CARTESIAN_POINT('',(-11.7475,-0.3175,-7.62));
#5258=CARTESIAN_POINT('',(-11.1125,-0.3175,-7.62));
#5259=CARTESIAN_POINT('',(-11.7475,-0.3175,-7.62));
#5260=VECTOR('',#6375,0.635);
#5261=CARTESIAN_POINT('',(-11.1125,0.3175,-7.62));
#5262=CARTESIAN_POINT('',(-11.1125,-0.3175,-7.62));
#5263=VECTOR('',#6376,0.635);
#5264=CARTESIAN_POINT('',(-11.7475,0.3175,-7.62));
#5265=CARTESIAN_POINT('',(-11.7475,0.3175,-7.62));
#5266=VECTOR('',#6377,0.635);
#5267=CARTESIAN_POINT('',(-11.7475,-0.3175,-7.62));
#5268=VECTOR('',#6378,0.635);
#5269=CARTESIAN_POINT('',(13.97,-2.54,-7.62));
#5270=CARTESIAN_POINT('',(13.97,-2.54,-7.62));
#5271=VECTOR('',#6379,5.08);
#5272=CARTESIAN_POINT('',(13.1445,-2.54,-7.62));
#5273=CARTESIAN_POINT('',(13.1445,-2.54,-7.62));
#5274=VECTOR('',#6380,0.8255);
#5275=CARTESIAN_POINT('',(13.1445,-2.54,-7.62));
#5276=VECTOR('',#6381,5.08);
#5277=CARTESIAN_POINT('',(-12.7635,-2.54,-8.001));
#5278=CARTESIAN_POINT('',(-12.7635,2.54,-8.001));
#5279=VECTOR('',#6382,5.08);
#5280=CARTESIAN_POINT('',(-12.7635,-2.54,-8.001));
#5281=VECTOR('',#6383,0.53881536726424);
#5282=CARTESIAN_POINT('',(-10.795,-2.54,3.81));
#5283=VECTOR('',#6384,8.89);
#5284=CARTESIAN_POINT('',(-12.6365,-2.54,-8.001));
#5285=CARTESIAN_POINT('',(-12.6365,-2.54,-8.001));
#5286=VECTOR('',#6385,0.127);
#5287=CARTESIAN_POINT('',(-12.2555,-2.54,-7.62));
#5288=VECTOR('',#6386,0.53881536726424);
#5289=CARTESIAN_POINT('',(12.6365,-2.54,-8.001));
#5290=CARTESIAN_POINT('',(12.6365,-2.54,-8.001));
#5291=VECTOR('',#6387,0.53881536726424);
#5292=CARTESIAN_POINT('',(12.7635,-2.54,-8.001));
#5293=CARTESIAN_POINT('',(12.7635,-2.54,-8.001));
#5294=VECTOR('',#6388,0.127);
#5295=CARTESIAN_POINT('',(13.1445,-2.54,-7.62));
#5296=VECTOR('',#6389,0.53881536726424);
#5297=CARTESIAN_POINT('',(13.97,-2.54,3.81));
#5298=VECTOR('',#6390,11.43);
#5299=CARTESIAN_POINT('',(10.795,-2.54,3.81));
#5300=VECTOR('',#6391,8.89);
#5301=CARTESIAN_POINT('',(9.525,-2.54,3.81));
#5302=VECTOR('',#6392,8.89);
#5303=CARTESIAN_POINT('',(9.525,-1.524,3.302));
#5304=CARTESIAN_POINT('',(9.525,-1.524,-5.08));
#5305=VECTOR('',#6393,8.382);
#5306=CARTESIAN_POINT('',(9.525,-2.032,3.81));
#5307=VECTOR('',#6394,0.718420489685484);
#5308=CARTESIAN_POINT('',(12.954,-1.524,3.302));
#5309=CARTESIAN_POINT('',(12.954,-1.524,3.302));
#5310=VECTOR('',#6395,0.879881810245052);
#5311=CARTESIAN_POINT('',(10.795,-1.524,3.302));
#5312=CARTESIAN_POINT('',(12.954,-1.524,3.302));
#5313=VECTOR('',#6396,2.159);
#5314=CARTESIAN_POINT('',(10.795,-2.032,3.81));
#5315=VECTOR('',#6397,0.718420489685484);
#5316=CARTESIAN_POINT('',(9.525,-1.524,3.302));
#5317=VECTOR('',#6398,19.05);
#5318=CARTESIAN_POINT('',(-10.795,-1.524,3.302));
#5319=CARTESIAN_POINT('',(-12.954,-1.524,3.302));
#5320=CARTESIAN_POINT('',(-10.795,-1.524,3.302));
#5321=VECTOR('',#6399,2.159);
#5322=CARTESIAN_POINT('',(-12.954,-1.524,3.302));
#5323=VECTOR('',#6400,0.879881810245052);
#5324=CARTESIAN_POINT('',(-10.795,-2.032,3.81));
#5325=VECTOR('',#6401,0.718420489685484);
#5326=CARTESIAN_POINT('',(10.795,-1.524,-5.08));
#5327=VECTOR('',#6402,8.382);
#5328=CARTESIAN_POINT('',(12.954,-1.524,3.302));
#5329=VECTOR('',#6403,8.382);
#5330=CARTESIAN_POINT('',(-12.954,-1.524,3.302));
#5331=VECTOR('',#6404,8.382);
#5332=CARTESIAN_POINT('',(-10.795,-1.524,-5.08));
#5333=VECTOR('',#6405,8.382);
#5334=CARTESIAN_POINT('',(12.954,1.524,3.302));
#5335=CARTESIAN_POINT('',(12.954,1.524,-5.08));
#5336=VECTOR('',#6406,8.382);
#5337=CARTESIAN_POINT('',(12.954,1.524,3.302));
#5338=VECTOR('',#6407,3.048);
#5339=CARTESIAN_POINT('',(12.954,1.524,3.302));
#5340=VECTOR('',#6408,0.879881810245052);
#5341=CARTESIAN_POINT('',(2.794,1.524,3.302));
#5342=CARTESIAN_POINT('',(2.794,1.524,3.302));
#5343=VECTOR('',#6409,0.879881810245052);
#5344=CARTESIAN_POINT('',(2.794,1.524,3.302));
#5345=VECTOR('',#6410,10.16);
#5346=CARTESIAN_POINT('',(2.794,1.524,-0.508));
#5347=CARTESIAN_POINT('',(2.794,1.524,3.302));
#5348=VECTOR('',#6411,3.81);
#5349=CARTESIAN_POINT('',(1.524,1.524,-0.508));
#5350=CARTESIAN_POINT('',(1.524,1.524,-0.508));
#5351=VECTOR('',#6412,1.27);
#5352=CARTESIAN_POINT('',(1.524,1.524,-0.508));
#5353=VECTOR('',#6413,4.572);
#5354=CARTESIAN_POINT('',(1.524,2.032,0.0));
#5355=CARTESIAN_POINT('',(1.524,1.524,-0.508));
#5356=VECTOR('',#6414,0.718420489685484);
#5357=CARTESIAN_POINT('',(1.524,2.54,0.0));
#5358=VECTOR('',#6415,0.508);
#5359=CARTESIAN_POINT('',(-2.794,2.032,0.0));
#5360=CARTESIAN_POINT('',(-2.794,2.54,0.0));
#5361=VECTOR('',#6416,0.508);
#5362=CARTESIAN_POINT('',(-1.524,2.032,0.0));
#5363=CARTESIAN_POINT('',(-2.794,2.032,0.0));
#5364=VECTOR('',#6417,1.27);
#5365=CARTESIAN_POINT('',(-1.524,2.54,0.0));
#5366=VECTOR('',#6418,0.508);
#5367=CARTESIAN_POINT('',(2.794,2.032,0.0));
#5368=CARTESIAN_POINT('',(1.524,2.032,0.0));
#5369=VECTOR('',#6419,1.27);
#5370=CARTESIAN_POINT('',(2.794,2.032,0.0));
#5371=VECTOR('',#6420,0.508);
#5372=CARTESIAN_POINT('',(-1.524,1.524,-0.508));
#5373=CARTESIAN_POINT('',(-1.524,2.032,0.0));
#5374=VECTOR('',#6421,0.718420489685484);
#5375=CARTESIAN_POINT('',(-1.524,1.524,-0.508));
#5376=VECTOR('',#6422,4.572);
#5377=CARTESIAN_POINT('',(-2.794,1.524,-0.508));
#5378=CARTESIAN_POINT('',(-2.794,1.524,-0.508));
#5379=VECTOR('',#6423,1.27);
#5380=CARTESIAN_POINT('',(-2.794,1.524,3.302));
#5381=CARTESIAN_POINT('',(-2.794,1.524,-0.508));
#5382=VECTOR('',#6424,3.81);
#5383=CARTESIAN_POINT('',(-12.954,1.524,3.302));
#5384=CARTESIAN_POINT('',(-12.954,1.524,3.302));
#5385=VECTOR('',#6425,10.16);
#5386=CARTESIAN_POINT('',(-12.954,1.524,3.302));
#5387=VECTOR('',#6426,8.382);
#5388=CARTESIAN_POINT('',(-12.954,-1.524,3.302));
#5389=VECTOR('',#6427,3.048);
#5390=CARTESIAN_POINT('',(-12.954,1.524,3.302));
#5391=VECTOR('',#6428,0.879881810245052);
#5392=CARTESIAN_POINT('',(-2.794,1.524,3.302));
#5393=VECTOR('',#6429,0.879881810245052);
#5394=CARTESIAN_POINT('',(-2.794,3.048,3.302));
#5395=CARTESIAN_POINT('',(-2.794,1.524,3.302));
#5396=VECTOR('',#6430,1.524);
#5397=CARTESIAN_POINT('',(-2.794,3.048,3.302));
#5398=VECTOR('',#6431,0.879881810245052);
#5399=CARTESIAN_POINT('',(2.794,3.048,3.302));
#5400=CARTESIAN_POINT('',(2.794,3.048,3.302));
#5401=VECTOR('',#6432,0.879881810245052);
#5402=CARTESIAN_POINT('',(-2.794,3.048,3.302));
#5403=VECTOR('',#6433,5.588);
#5404=CARTESIAN_POINT('',(2.794,3.048,0.9398));
#5405=CARTESIAN_POINT('',(2.794,3.048,3.302));
#5406=VECTOR('',#6434,2.3622);
#5407=CARTESIAN_POINT('',(-2.794,3.048,0.9398));
#5408=CARTESIAN_POINT('',(-2.794,3.048,3.302));
#5409=VECTOR('',#6435,2.3622);
#5410=CARTESIAN_POINT('',(-1.4478,3.048,2.286));
#5411=AXIS2_PLACEMENT_3D('',#6436,#6437,#6438);
#5412=CARTESIAN_POINT('',(1.4478,3.048,2.286));
#5413=CARTESIAN_POINT('',(-1.4478,3.048,2.286));
#5414=VECTOR('',#6439,2.8956);
#5415=AXIS2_PLACEMENT_3D('',#6440,#6441,#6442);
#5416=CARTESIAN_POINT('',(2.794,4.064,0.9398));
#5417=CARTESIAN_POINT('',(2.794,4.064,0.9398));
#5418=VECTOR('',#6443,1.016);
#5419=CARTESIAN_POINT('',(1.4478,4.064,2.286));
#5420=CARTESIAN_POINT('',(1.4478,4.064,2.286));
#5421=VECTOR('',#6444,1.016);
#5422=AXIS2_PLACEMENT_3D('',#6445,#6446,#6447);
#5423=CARTESIAN_POINT('',(-1.4478,4.064,2.286));
#5424=CARTESIAN_POINT('',(-1.4478,4.064,2.286));
#5425=VECTOR('',#6448,2.8956);
#5426=CARTESIAN_POINT('',(-2.794,4.064,0.9398));
#5427=AXIS2_PLACEMENT_3D('',#6449,#6450,#6451);
#5428=CARTESIAN_POINT('',(-2.794,4.064,0.0));
#5429=CARTESIAN_POINT('',(-2.794,4.064,0.0));
#5430=VECTOR('',#6452,0.9398);
#5431=CARTESIAN_POINT('',(-3.81,4.064,0.0));
#5432=CARTESIAN_POINT('',(-3.81,4.064,0.0));
#5433=VECTOR('',#6453,1.016);
#5434=CARTESIAN_POINT('',(-3.81,4.064,0.0));
#5435=VECTOR('',#6454,3.81);
#5436=CARTESIAN_POINT('',(3.81,4.064,0.0));
#5437=CARTESIAN_POINT('',(3.81,4.064,0.0));
#5438=VECTOR('',#6455,3.81);
#5439=CARTESIAN_POINT('',(2.794,4.064,0.0));
#5440=CARTESIAN_POINT('',(2.794,4.064,0.0));
#5441=VECTOR('',#6456,1.016);
#5442=CARTESIAN_POINT('',(2.794,4.064,0.0));
#5443=VECTOR('',#6457,0.9398);
#5444=CARTESIAN_POINT('',(2.794,2.032,0.0));
#5445=VECTOR('',#6458,0.718420489685484);
#5446=CARTESIAN_POINT('',(2.794,3.048,3.302));
#5447=VECTOR('',#6459,1.524);
#5448=CARTESIAN_POINT('',(2.794,2.54,0.0));
#5449=VECTOR('',#6460,1.524);
#5450=CARTESIAN_POINT('',(3.81,2.54,0.0));
#5451=VECTOR('',#6461,1.524);
#5452=CARTESIAN_POINT('',(-3.81,2.54,0.0));
#5453=VECTOR('',#6462,1.524);
#5454=CARTESIAN_POINT('',(-2.794,4.064,0.0));
#5455=VECTOR('',#6463,1.524);
#5456=CARTESIAN_POINT('',(-2.794,1.524,-0.508));
#5457=VECTOR('',#6464,0.718420489685484);
#5458=CARTESIAN_POINT('',(-2.794,4.064,0.9398));
#5459=VECTOR('',#6465,1.016);
#5460=CARTESIAN_POINT('',(-1.4478,4.064,2.286));
#5461=VECTOR('',#6466,1.016);
#5462=CARTESIAN_POINT('',(12.7635,2.54,-8.001));
#5463=VECTOR('',#6467,5.08);
#5464=CARTESIAN_POINT('',(12.6365,2.54,-8.001));
#5465=VECTOR('',#6468,5.08);
#5466=CARTESIAN_POINT('',(-12.6365,2.54,-8.001));
#5467=VECTOR('',#6469,5.08);
#5468=CARTESIAN_POINT('',(8.5725,0.3175,0.381));
#5469=CARTESIAN_POINT('',(8.5725,0.3175,-5.08));
#5470=VECTOR('',#6470,5.461);
#5471=CARTESIAN_POINT('',(8.5725,-0.3175,0.381));
#5472=CARTESIAN_POINT('',(8.5725,-0.3175,0.381));
#5473=VECTOR('',#6471,5.461);
#5474=CARTESIAN_POINT('',(8.5725,-0.3175,0.381));
#5475=VECTOR('',#6472,0.635);
#5476=CARTESIAN_POINT('',(8.5725,-0.3175,-10.668));
#5477=CARTESIAN_POINT('',(8.5725,-0.3175,-7.62));
#5478=VECTOR('',#6473,3.048);
#5479=CARTESIAN_POINT('',(8.5725,0.3175,-10.668));
#5480=CARTESIAN_POINT('',(8.5725,0.3175,-10.668));
#5481=VECTOR('',#6474,3.048);
#5482=CARTESIAN_POINT('',(8.5725,0.3175,-10.668));
#5483=VECTOR('',#6475,0.635);
#5484=CARTESIAN_POINT('',(8.7757,0.1143,1.016));
#5485=CARTESIAN_POINT('',(8.5725,0.3175,0.381));
#5486=VECTOR('',#6476,0.696997474887708);
#5487=CARTESIAN_POINT('',(8.7757,-0.1143,1.016));
#5488=CARTESIAN_POINT('',(8.7757,-0.1143,1.016));
#5489=VECTOR('',#6477,0.696997474887708);
#5490=CARTESIAN_POINT('',(8.7757,-0.1143,1.016));
#5491=VECTOR('',#6478,0.2286);
#5492=CARTESIAN_POINT('',(9.0043,-0.1143,1.016));
#5493=CARTESIAN_POINT('',(9.0043,-0.1143,1.016));
#5494=VECTOR('',#6479,0.2286);
#5495=CARTESIAN_POINT('',(9.0043,0.1143,1.016));
#5496=CARTESIAN_POINT('',(9.0043,0.1143,1.016));
#5497=VECTOR('',#6480,0.2286);
#5498=CARTESIAN_POINT('',(9.0043,0.1143,1.016));
#5499=VECTOR('',#6481,0.2286);
#5500=CARTESIAN_POINT('',(9.2075,0.3175,0.381));
#5501=CARTESIAN_POINT('',(9.0043,0.1143,1.016));
#5502=VECTOR('',#6482,0.696997474887708);
#5503=CARTESIAN_POINT('',(9.2075,0.3175,0.381));
#5504=VECTOR('',#6483,0.635);
#5505=CARTESIAN_POINT('',(9.2075,0.3175,-5.08));
#5506=VECTOR('',#6484,5.461);
#5507=CARTESIAN_POINT('',(9.2075,0.3175,-10.668));
#5508=CARTESIAN_POINT('',(9.2075,0.3175,-10.668));
#5509=VECTOR('',#6485,3.048);
#5510=CARTESIAN_POINT('',(9.2075,0.3175,-10.668));
#5511=VECTOR('',#6486,0.635);
#5512=CARTESIAN_POINT('',(9.2075,-0.3175,0.381));
#5513=CARTESIAN_POINT('',(9.2075,-0.3175,0.381));
#5514=VECTOR('',#6487,5.461);
#5515=CARTESIAN_POINT('',(9.2075,0.3175,0.381));
#5516=VECTOR('',#6488,0.635);
#5517=CARTESIAN_POINT('',(9.2075,-0.3175,-10.668));
#5518=CARTESIAN_POINT('',(9.2075,-0.3175,-7.62));
#5519=VECTOR('',#6489,3.048);
#5520=CARTESIAN_POINT('',(9.2075,-0.3175,-10.668));
#5521=VECTOR('',#6490,0.635);
#5522=CARTESIAN_POINT('',(9.2075,-0.3175,0.381));
#5523=VECTOR('',#6491,0.696997474887708);
#5524=CARTESIAN_POINT('',(9.2075,-0.3175,0.381));
#5525=VECTOR('',#6492,0.635);
#5526=CARTESIAN_POINT('',(9.2075,-0.3175,-10.668));
#5527=VECTOR('',#6493,0.635);
#5528=CARTESIAN_POINT('',(8.7757,-0.1143,-11.303));
#5529=CARTESIAN_POINT('',(8.7757,-0.1143,-11.303));
#5530=VECTOR('',#6494,0.696997474887708);
#5531=CARTESIAN_POINT('',(9.0043,-0.1143,-11.303));
#5532=CARTESIAN_POINT('',(9.0043,-0.1143,-11.303));
#5533=VECTOR('',#6495,0.2286);
#5534=CARTESIAN_POINT('',(9.0043,-0.1143,-11.303));
#5535=VECTOR('',#6496,0.696997474887708);
#5536=CARTESIAN_POINT('',(9.0043,0.1143,-11.303));
#5537=CARTESIAN_POINT('',(9.2075,0.3175,-10.668));
#5538=VECTOR('',#6497,0.696997474887708);
#5539=CARTESIAN_POINT('',(9.0043,-0.1143,-11.303));
#5540=VECTOR('',#6498,0.2286);
#5541=CARTESIAN_POINT('',(8.7757,0.1143,-11.303));
#5542=CARTESIAN_POINT('',(8.7757,0.1143,-11.303));
#5543=VECTOR('',#6499,0.2286);
#5544=CARTESIAN_POINT('',(9.0043,0.1143,-11.303));
#5545=VECTOR('',#6500,0.2286);
#5546=CARTESIAN_POINT('',(8.7757,0.1143,-11.303));
#5547=VECTOR('',#6501,0.696997474887708);
#5548=CARTESIAN_POINT('',(6.0325,0.3175,0.381));
#5549=CARTESIAN_POINT('',(6.0325,0.3175,-5.08));
#5550=VECTOR('',#6502,5.461);
#5551=CARTESIAN_POINT('',(6.0325,-0.3175,0.381));
#5552=CARTESIAN_POINT('',(6.0325,-0.3175,0.381));
#5553=VECTOR('',#6503,5.461);
#5554=CARTESIAN_POINT('',(6.0325,-0.3175,0.381));
#5555=VECTOR('',#6504,0.635);
#5556=CARTESIAN_POINT('',(6.0325,-0.3175,-10.668));
#5557=CARTESIAN_POINT('',(6.0325,-0.3175,-7.62));
#5558=VECTOR('',#6505,3.048);
#5559=CARTESIAN_POINT('',(6.0325,0.3175,-10.668));
#5560=CARTESIAN_POINT('',(6.0325,0.3175,-10.668));
#5561=VECTOR('',#6506,3.048);
#5562=CARTESIAN_POINT('',(6.0325,0.3175,-10.668));
#5563=VECTOR('',#6507,0.635);
#5564=CARTESIAN_POINT('',(6.2357,0.1143,1.016));
#5565=CARTESIAN_POINT('',(6.0325,0.3175,0.381));
#5566=VECTOR('',#6508,0.696997474887708);
#5567=CARTESIAN_POINT('',(6.2357,-0.1143,1.016));
#5568=CARTESIAN_POINT('',(6.2357,-0.1143,1.016));
#5569=VECTOR('',#6509,0.696997474887708);
#5570=CARTESIAN_POINT('',(6.2357,-0.1143,1.016));
#5571=VECTOR('',#6510,0.2286);
#5572=CARTESIAN_POINT('',(6.4643,-0.1143,1.016));
#5573=CARTESIAN_POINT('',(6.4643,-0.1143,1.016));
#5574=VECTOR('',#6511,0.2286);
#5575=CARTESIAN_POINT('',(6.4643,0.1143,1.016));
#5576=CARTESIAN_POINT('',(6.4643,0.1143,1.016));
#5577=VECTOR('',#6512,0.2286);
#5578=CARTESIAN_POINT('',(6.4643,0.1143,1.016));
#5579=VECTOR('',#6513,0.2286);
#5580=CARTESIAN_POINT('',(6.6675,0.3175,0.381));
#5581=CARTESIAN_POINT('',(6.4643,0.1143,1.016));
#5582=VECTOR('',#6514,0.696997474887708);
#5583=CARTESIAN_POINT('',(6.6675,0.3175,0.381));
#5584=VECTOR('',#6515,0.635);
#5585=CARTESIAN_POINT('',(6.6675,0.3175,-5.08));
#5586=VECTOR('',#6516,5.461);
#5587=CARTESIAN_POINT('',(6.6675,0.3175,-10.668));
#5588=CARTESIAN_POINT('',(6.6675,0.3175,-10.668));
#5589=VECTOR('',#6517,3.048);
#5590=CARTESIAN_POINT('',(6.6675,0.3175,-10.668));
#5591=VECTOR('',#6518,0.635);
#5592=CARTESIAN_POINT('',(6.6675,-0.3175,0.381));
#5593=CARTESIAN_POINT('',(6.6675,-0.3175,0.381));
#5594=VECTOR('',#6519,5.461);
#5595=CARTESIAN_POINT('',(6.6675,0.3175,0.381));
#5596=VECTOR('',#6520,0.635);
#5597=CARTESIAN_POINT('',(6.6675,-0.3175,-10.668));
#5598=CARTESIAN_POINT('',(6.6675,-0.3175,-7.62));
#5599=VECTOR('',#6521,3.048);
#5600=CARTESIAN_POINT('',(6.6675,-0.3175,-10.668));
#5601=VECTOR('',#6522,0.635);
#5602=CARTESIAN_POINT('',(6.6675,-0.3175,0.381));
#5603=VECTOR('',#6523,0.696997474887708);
#5604=CARTESIAN_POINT('',(6.6675,-0.3175,0.381));
#5605=VECTOR('',#6524,0.635);
#5606=CARTESIAN_POINT('',(6.6675,-0.3175,-10.668));
#5607=VECTOR('',#6525,0.635);
#5608=CARTESIAN_POINT('',(6.2357,-0.1143,-11.303));
#5609=CARTESIAN_POINT('',(6.2357,-0.1143,-11.303));
#5610=VECTOR('',#6526,0.696997474887708);
#5611=CARTESIAN_POINT('',(6.4643,-0.1143,-11.303));
#5612=CARTESIAN_POINT('',(6.4643,-0.1143,-11.303));
#5613=VECTOR('',#6527,0.2286);
#5614=CARTESIAN_POINT('',(6.4643,-0.1143,-11.303));
#5615=VECTOR('',#6528,0.696997474887708);
#5616=CARTESIAN_POINT('',(6.4643,0.1143,-11.303));
#5617=CARTESIAN_POINT('',(6.6675,0.3175,-10.668));
#5618=VECTOR('',#6529,0.696997474887708);
#5619=CARTESIAN_POINT('',(6.4643,-0.1143,-11.303));
#5620=VECTOR('',#6530,0.2286);
#5621=CARTESIAN_POINT('',(6.2357,0.1143,-11.303));
#5622=CARTESIAN_POINT('',(6.2357,0.1143,-11.303));
#5623=VECTOR('',#6531,0.2286);
#5624=CARTESIAN_POINT('',(6.4643,0.1143,-11.303));
#5625=VECTOR('',#6532,0.2286);
#5626=CARTESIAN_POINT('',(6.2357,0.1143,-11.303));
#5627=VECTOR('',#6533,0.696997474887708);
#5628=CARTESIAN_POINT('',(3.4925,0.3175,0.381));
#5629=CARTESIAN_POINT('',(3.4925,0.3175,-5.08));
#5630=VECTOR('',#6534,5.461);
#5631=CARTESIAN_POINT('',(3.4925,-0.3175,0.381));
#5632=CARTESIAN_POINT('',(3.4925,-0.3175,0.381));
#5633=VECTOR('',#6535,5.461);
#5634=CARTESIAN_POINT('',(3.4925,-0.3175,0.381));
#5635=VECTOR('',#6536,0.635);
#5636=CARTESIAN_POINT('',(3.4925,-0.3175,-10.668));
#5637=CARTESIAN_POINT('',(3.4925,-0.3175,-7.62));
#5638=VECTOR('',#6537,3.048);
#5639=CARTESIAN_POINT('',(3.4925,0.3175,-10.668));
#5640=CARTESIAN_POINT('',(3.4925,0.3175,-10.668));
#5641=VECTOR('',#6538,3.048);
#5642=CARTESIAN_POINT('',(3.4925,0.3175,-10.668));
#5643=VECTOR('',#6539,0.635);
#5644=CARTESIAN_POINT('',(3.6957,0.1143,1.016));
#5645=CARTESIAN_POINT('',(3.4925,0.3175,0.381));
#5646=VECTOR('',#6540,0.696997474887708);
#5647=CARTESIAN_POINT('',(3.6957,-0.1143,1.016));
#5648=CARTESIAN_POINT('',(3.6957,-0.1143,1.016));
#5649=VECTOR('',#6541,0.696997474887708);
#5650=CARTESIAN_POINT('',(3.6957,-0.1143,1.016));
#5651=VECTOR('',#6542,0.2286);
#5652=CARTESIAN_POINT('',(3.9243,-0.1143,1.016));
#5653=CARTESIAN_POINT('',(3.9243,-0.1143,1.016));
#5654=VECTOR('',#6543,0.2286);
#5655=CARTESIAN_POINT('',(3.9243,0.1143,1.016));
#5656=CARTESIAN_POINT('',(3.9243,0.1143,1.016));
#5657=VECTOR('',#6544,0.2286);
#5658=CARTESIAN_POINT('',(3.9243,0.1143,1.016));
#5659=VECTOR('',#6545,0.2286);
#5660=CARTESIAN_POINT('',(4.1275,0.3175,0.381));
#5661=CARTESIAN_POINT('',(3.9243,0.1143,1.016));
#5662=VECTOR('',#6546,0.696997474887708);
#5663=CARTESIAN_POINT('',(4.1275,0.3175,0.381));
#5664=VECTOR('',#6547,0.635);
#5665=CARTESIAN_POINT('',(4.1275,0.3175,-5.08));
#5666=VECTOR('',#6548,5.461);
#5667=CARTESIAN_POINT('',(4.1275,0.3175,-10.668));
#5668=CARTESIAN_POINT('',(4.1275,0.3175,-10.668));
#5669=VECTOR('',#6549,3.048);
#5670=CARTESIAN_POINT('',(4.1275,0.3175,-10.668));
#5671=VECTOR('',#6550,0.635);
#5672=CARTESIAN_POINT('',(4.1275,-0.3175,0.381));
#5673=CARTESIAN_POINT('',(4.1275,-0.3175,0.381));
#5674=VECTOR('',#6551,5.461);
#5675=CARTESIAN_POINT('',(4.1275,0.3175,0.381));
#5676=VECTOR('',#6552,0.635);
#5677=CARTESIAN_POINT('',(4.1275,-0.3175,-10.668));
#5678=CARTESIAN_POINT('',(4.1275,-0.3175,-7.62));
#5679=VECTOR('',#6553,3.048);
#5680=CARTESIAN_POINT('',(4.1275,-0.3175,-10.668));
#5681=VECTOR('',#6554,0.635);
#5682=CARTESIAN_POINT('',(4.1275,-0.3175,0.381));
#5683=VECTOR('',#6555,0.696997474887708);
#5684=CARTESIAN_POINT('',(4.1275,-0.3175,0.381));
#5685=VECTOR('',#6556,0.635);
#5686=CARTESIAN_POINT('',(4.1275,-0.3175,-10.668));
#5687=VECTOR('',#6557,0.635);
#5688=CARTESIAN_POINT('',(3.6957,-0.1143,-11.303));
#5689=CARTESIAN_POINT('',(3.6957,-0.1143,-11.303));
#5690=VECTOR('',#6558,0.696997474887708);
#5691=CARTESIAN_POINT('',(3.9243,-0.1143,-11.303));
#5692=CARTESIAN_POINT('',(3.9243,-0.1143,-11.303));
#5693=VECTOR('',#6559,0.2286);
#5694=CARTESIAN_POINT('',(3.9243,-0.1143,-11.303));
#5695=VECTOR('',#6560,0.696997474887708);
#5696=CARTESIAN_POINT('',(3.9243,0.1143,-11.303));
#5697=CARTESIAN_POINT('',(4.1275,0.3175,-10.668));
#5698=VECTOR('',#6561,0.696997474887708);
#5699=CARTESIAN_POINT('',(3.9243,-0.1143,-11.303));
#5700=VECTOR('',#6562,0.2286);
#5701=CARTESIAN_POINT('',(3.6957,0.1143,-11.303));
#5702=CARTESIAN_POINT('',(3.6957,0.1143,-11.303));
#5703=VECTOR('',#6563,0.2286);
#5704=CARTESIAN_POINT('',(3.9243,0.1143,-11.303));
#5705=VECTOR('',#6564,0.2286);
#5706=CARTESIAN_POINT('',(3.6957,0.1143,-11.303));
#5707=VECTOR('',#6565,0.696997474887708);
#5708=CARTESIAN_POINT('',(0.9525,0.3175,0.381));
#5709=CARTESIAN_POINT('',(0.9525,0.3175,-5.08));
#5710=VECTOR('',#6566,5.461);
#5711=CARTESIAN_POINT('',(0.9525,-0.3175,0.381));
#5712=CARTESIAN_POINT('',(0.9525,-0.3175,0.381));
#5713=VECTOR('',#6567,5.461);
#5714=CARTESIAN_POINT('',(0.9525,-0.3175,0.381));
#5715=VECTOR('',#6568,0.635);
#5716=CARTESIAN_POINT('',(0.9525,-0.3175,-10.668));
#5717=CARTESIAN_POINT('',(0.9525,-0.3175,-7.62));
#5718=VECTOR('',#6569,3.048);
#5719=CARTESIAN_POINT('',(0.9525,0.3175,-10.668));
#5720=CARTESIAN_POINT('',(0.9525,0.3175,-10.668));
#5721=VECTOR('',#6570,3.048);
#5722=CARTESIAN_POINT('',(0.9525,0.3175,-10.668));
#5723=VECTOR('',#6571,0.635);
#5724=CARTESIAN_POINT('',(1.1557,0.1143,1.016));
#5725=CARTESIAN_POINT('',(0.9525,0.3175,0.381));
#5726=VECTOR('',#6572,0.696997474887708);
#5727=CARTESIAN_POINT('',(1.1557,-0.1143,1.016));
#5728=CARTESIAN_POINT('',(1.1557,-0.1143,1.016));
#5729=VECTOR('',#6573,0.696997474887708);
#5730=CARTESIAN_POINT('',(1.1557,-0.1143,1.016));
#5731=VECTOR('',#6574,0.2286);
#5732=CARTESIAN_POINT('',(1.3843,-0.1143,1.016));
#5733=CARTESIAN_POINT('',(1.3843,-0.1143,1.016));
#5734=VECTOR('',#6575,0.2286);
#5735=CARTESIAN_POINT('',(1.3843,0.1143,1.016));
#5736=CARTESIAN_POINT('',(1.3843,0.1143,1.016));
#5737=VECTOR('',#6576,0.2286);
#5738=CARTESIAN_POINT('',(1.3843,0.1143,1.016));
#5739=VECTOR('',#6577,0.2286);
#5740=CARTESIAN_POINT('',(1.5875,0.3175,0.381));
#5741=CARTESIAN_POINT('',(1.3843,0.1143,1.016));
#5742=VECTOR('',#6578,0.696997474887708);
#5743=CARTESIAN_POINT('',(1.5875,0.3175,0.381));
#5744=VECTOR('',#6579,0.635);
#5745=CARTESIAN_POINT('',(1.5875,0.3175,-5.08));
#5746=VECTOR('',#6580,5.461);
#5747=CARTESIAN_POINT('',(1.5875,0.3175,-10.668));
#5748=CARTESIAN_POINT('',(1.5875,0.3175,-10.668));
#5749=VECTOR('',#6581,3.048);
#5750=CARTESIAN_POINT('',(1.5875,0.3175,-10.668));
#5751=VECTOR('',#6582,0.635);
#5752=CARTESIAN_POINT('',(1.5875,-0.3175,0.381));
#5753=CARTESIAN_POINT('',(1.5875,-0.3175,0.381));
#5754=VECTOR('',#6583,5.461);
#5755=CARTESIAN_POINT('',(1.5875,0.3175,0.381));
#5756=VECTOR('',#6584,0.635);
#5757=CARTESIAN_POINT('',(1.5875,-0.3175,-10.668));
#5758=CARTESIAN_POINT('',(1.5875,-0.3175,-7.62));
#5759=VECTOR('',#6585,3.048);
#5760=CARTESIAN_POINT('',(1.5875,-0.3175,-10.668));
#5761=VECTOR('',#6586,0.635);
#5762=CARTESIAN_POINT('',(1.5875,-0.3175,0.381));
#5763=VECTOR('',#6587,0.696997474887708);
#5764=CARTESIAN_POINT('',(1.5875,-0.3175,0.381));
#5765=VECTOR('',#6588,0.635);
#5766=CARTESIAN_POINT('',(1.5875,-0.3175,-10.668));
#5767=VECTOR('',#6589,0.635);
#5768=CARTESIAN_POINT('',(1.1557,-0.1143,-11.303));
#5769=CARTESIAN_POINT('',(1.1557,-0.1143,-11.303));
#5770=VECTOR('',#6590,0.696997474887708);
#5771=CARTESIAN_POINT('',(1.3843,-0.1143,-11.303));
#5772=CARTESIAN_POINT('',(1.3843,-0.1143,-11.303));
#5773=VECTOR('',#6591,0.2286);
#5774=CARTESIAN_POINT('',(1.3843,-0.1143,-11.303));
#5775=VECTOR('',#6592,0.696997474887708);
#5776=CARTESIAN_POINT('',(1.3843,0.1143,-11.303));
#5777=CARTESIAN_POINT('',(1.5875,0.3175,-10.668));
#5778=VECTOR('',#6593,0.696997474887708);
#5779=CARTESIAN_POINT('',(1.3843,-0.1143,-11.303));
#5780=VECTOR('',#6594,0.2286);
#5781=CARTESIAN_POINT('',(1.1557,0.1143,-11.303));
#5782=CARTESIAN_POINT('',(1.1557,0.1143,-11.303));
#5783=VECTOR('',#6595,0.2286);
#5784=CARTESIAN_POINT('',(1.3843,0.1143,-11.303));
#5785=VECTOR('',#6596,0.2286);
#5786=CARTESIAN_POINT('',(1.1557,0.1143,-11.303));
#5787=VECTOR('',#6597,0.696997474887708);
#5788=CARTESIAN_POINT('',(-1.5875,0.3175,0.381));
#5789=CARTESIAN_POINT('',(-1.5875,0.3175,-5.08));
#5790=VECTOR('',#6598,5.461);
#5791=CARTESIAN_POINT('',(-1.5875,-0.3175,0.381));
#5792=CARTESIAN_POINT('',(-1.5875,-0.3175,0.381));
#5793=VECTOR('',#6599,5.461);
#5794=CARTESIAN_POINT('',(-1.5875,-0.3175,0.381));
#5795=VECTOR('',#6600,0.635);
#5796=CARTESIAN_POINT('',(-1.5875,-0.3175,-10.668));
#5797=CARTESIAN_POINT('',(-1.5875,-0.3175,-7.62));
#5798=VECTOR('',#6601,3.048);
#5799=CARTESIAN_POINT('',(-1.5875,0.3175,-10.668));
#5800=CARTESIAN_POINT('',(-1.5875,0.3175,-10.668));
#5801=VECTOR('',#6602,3.048);
#5802=CARTESIAN_POINT('',(-1.5875,0.3175,-10.668));
#5803=VECTOR('',#6603,0.635);
#5804=CARTESIAN_POINT('',(-1.3843,0.1143,1.016));
#5805=CARTESIAN_POINT('',(-1.5875,0.3175,0.381));
#5806=VECTOR('',#6604,0.696997474887708);
#5807=CARTESIAN_POINT('',(-1.3843,-0.1143,1.016));
#5808=CARTESIAN_POINT('',(-1.3843,-0.1143,1.016));
#5809=VECTOR('',#6605,0.696997474887708);
#5810=CARTESIAN_POINT('',(-1.3843,-0.1143,1.016));
#5811=VECTOR('',#6606,0.2286);
#5812=CARTESIAN_POINT('',(-1.1557,-0.1143,1.016));
#5813=CARTESIAN_POINT('',(-1.1557,-0.1143,1.016));
#5814=VECTOR('',#6607,0.2286);
#5815=CARTESIAN_POINT('',(-1.1557,0.1143,1.016));
#5816=CARTESIAN_POINT('',(-1.1557,0.1143,1.016));
#5817=VECTOR('',#6608,0.2286);
#5818=CARTESIAN_POINT('',(-1.1557,0.1143,1.016));
#5819=VECTOR('',#6609,0.2286);
#5820=CARTESIAN_POINT('',(-0.9525,0.3175,0.381));
#5821=CARTESIAN_POINT('',(-1.1557,0.1143,1.016));
#5822=VECTOR('',#6610,0.696997474887708);
#5823=CARTESIAN_POINT('',(-0.9525,0.3175,0.381));
#5824=VECTOR('',#6611,0.635);
#5825=CARTESIAN_POINT('',(-0.9525,0.3175,-5.08));
#5826=VECTOR('',#6612,5.461);
#5827=CARTESIAN_POINT('',(-0.9525,0.3175,-10.668));
#5828=CARTESIAN_POINT('',(-0.9525,0.3175,-10.668));
#5829=VECTOR('',#6613,3.048);
#5830=CARTESIAN_POINT('',(-0.9525,0.3175,-10.668));
#5831=VECTOR('',#6614,0.635);
#5832=CARTESIAN_POINT('',(-0.9525,-0.3175,0.381));
#5833=CARTESIAN_POINT('',(-0.9525,-0.3175,0.381));
#5834=VECTOR('',#6615,5.461);
#5835=CARTESIAN_POINT('',(-0.9525,0.3175,0.381));
#5836=VECTOR('',#6616,0.635);
#5837=CARTESIAN_POINT('',(-0.9525,-0.3175,-10.668));
#5838=CARTESIAN_POINT('',(-0.9525,-0.3175,-7.62));
#5839=VECTOR('',#6617,3.048);
#5840=CARTESIAN_POINT('',(-0.9525,-0.3175,-10.668));
#5841=VECTOR('',#6618,0.635);
#5842=CARTESIAN_POINT('',(-0.9525,-0.3175,0.381));
#5843=VECTOR('',#6619,0.696997474887708);
#5844=CARTESIAN_POINT('',(-0.9525,-0.3175,0.381));
#5845=VECTOR('',#6620,0.635);
#5846=CARTESIAN_POINT('',(-0.9525,-0.3175,-10.668));
#5847=VECTOR('',#6621,0.635);
#5848=CARTESIAN_POINT('',(-1.3843,-0.1143,-11.303));
#5849=CARTESIAN_POINT('',(-1.3843,-0.1143,-11.303));
#5850=VECTOR('',#6622,0.696997474887708);
#5851=CARTESIAN_POINT('',(-1.1557,-0.1143,-11.303));
#5852=CARTESIAN_POINT('',(-1.1557,-0.1143,-11.303));
#5853=VECTOR('',#6623,0.2286);
#5854=CARTESIAN_POINT('',(-1.1557,-0.1143,-11.303));
#5855=VECTOR('',#6624,0.696997474887708);
#5856=CARTESIAN_POINT('',(-1.1557,0.1143,-11.303));
#5857=CARTESIAN_POINT('',(-0.9525,0.3175,-10.668));
#5858=VECTOR('',#6625,0.696997474887708);
#5859=CARTESIAN_POINT('',(-1.1557,-0.1143,-11.303));
#5860=VECTOR('',#6626,0.2286);
#5861=CARTESIAN_POINT('',(-1.3843,0.1143,-11.303));
#5862=CARTESIAN_POINT('',(-1.3843,0.1143,-11.303));
#5863=VECTOR('',#6627,0.2286);
#5864=CARTESIAN_POINT('',(-1.1557,0.1143,-11.303));
#5865=VECTOR('',#6628,0.2286);
#5866=CARTESIAN_POINT('',(-1.3843,0.1143,-11.303));
#5867=VECTOR('',#6629,0.696997474887708);
#5868=CARTESIAN_POINT('',(-4.1275,0.3175,0.381));
#5869=CARTESIAN_POINT('',(-4.1275,0.3175,-5.08));
#5870=VECTOR('',#6630,5.461);
#5871=CARTESIAN_POINT('',(-4.1275,-0.3175,0.381));
#5872=CARTESIAN_POINT('',(-4.1275,-0.3175,0.381));
#5873=VECTOR('',#6631,5.461);
#5874=CARTESIAN_POINT('',(-4.1275,-0.3175,0.381));
#5875=VECTOR('',#6632,0.635);
#5876=CARTESIAN_POINT('',(-4.1275,-0.3175,-10.668));
#5877=CARTESIAN_POINT('',(-4.1275,-0.3175,-7.62));
#5878=VECTOR('',#6633,3.048);
#5879=CARTESIAN_POINT('',(-4.1275,0.3175,-10.668));
#5880=CARTESIAN_POINT('',(-4.1275,0.3175,-10.668));
#5881=VECTOR('',#6634,3.048);
#5882=CARTESIAN_POINT('',(-4.1275,0.3175,-10.668));
#5883=VECTOR('',#6635,0.635);
#5884=CARTESIAN_POINT('',(-3.9243,0.1143,1.016));
#5885=CARTESIAN_POINT('',(-4.1275,0.3175,0.381));
#5886=VECTOR('',#6636,0.696997474887708);
#5887=CARTESIAN_POINT('',(-3.9243,-0.1143,1.016));
#5888=CARTESIAN_POINT('',(-3.9243,-0.1143,1.016));
#5889=VECTOR('',#6637,0.696997474887708);
#5890=CARTESIAN_POINT('',(-3.9243,-0.1143,1.016));
#5891=VECTOR('',#6638,0.2286);
#5892=CARTESIAN_POINT('',(-3.6957,-0.1143,1.016));
#5893=CARTESIAN_POINT('',(-3.6957,-0.1143,1.016));
#5894=VECTOR('',#6639,0.2286);
#5895=CARTESIAN_POINT('',(-3.6957,0.1143,1.016));
#5896=CARTESIAN_POINT('',(-3.6957,0.1143,1.016));
#5897=VECTOR('',#6640,0.2286);
#5898=CARTESIAN_POINT('',(-3.6957,0.1143,1.016));
#5899=VECTOR('',#6641,0.2286);
#5900=CARTESIAN_POINT('',(-3.4925,0.3175,0.381));
#5901=CARTESIAN_POINT('',(-3.6957,0.1143,1.016));
#5902=VECTOR('',#6642,0.696997474887708);
#5903=CARTESIAN_POINT('',(-3.4925,0.3175,0.381));
#5904=VECTOR('',#6643,0.635);
#5905=CARTESIAN_POINT('',(-3.4925,0.3175,-5.08));
#5906=VECTOR('',#6644,5.461);
#5907=CARTESIAN_POINT('',(-3.4925,0.3175,-10.668));
#5908=CARTESIAN_POINT('',(-3.4925,0.3175,-10.668));
#5909=VECTOR('',#6645,3.048);
#5910=CARTESIAN_POINT('',(-3.4925,0.3175,-10.668));
#5911=VECTOR('',#6646,0.635);
#5912=CARTESIAN_POINT('',(-3.4925,-0.3175,0.381));
#5913=CARTESIAN_POINT('',(-3.4925,-0.3175,0.381));
#5914=VECTOR('',#6647,5.461);
#5915=CARTESIAN_POINT('',(-3.4925,0.3175,0.381));
#5916=VECTOR('',#6648,0.635);
#5917=CARTESIAN_POINT('',(-3.4925,-0.3175,-10.668));
#5918=CARTESIAN_POINT('',(-3.4925,-0.3175,-7.62));
#5919=VECTOR('',#6649,3.048);
#5920=CARTESIAN_POINT('',(-3.4925,-0.3175,-10.668));
#5921=VECTOR('',#6650,0.635);
#5922=CARTESIAN_POINT('',(-3.4925,-0.3175,0.381));
#5923=VECTOR('',#6651,0.696997474887708);
#5924=CARTESIAN_POINT('',(-3.4925,-0.3175,0.381));
#5925=VECTOR('',#6652,0.635);
#5926=CARTESIAN_POINT('',(-3.4925,-0.3175,-10.668));
#5927=VECTOR('',#6653,0.635);
#5928=CARTESIAN_POINT('',(-3.9243,-0.1143,-11.303));
#5929=CARTESIAN_POINT('',(-3.9243,-0.1143,-11.303));
#5930=VECTOR('',#6654,0.696997474887708);
#5931=CARTESIAN_POINT('',(-3.6957,-0.1143,-11.303));
#5932=CARTESIAN_POINT('',(-3.6957,-0.1143,-11.303));
#5933=VECTOR('',#6655,0.2286);
#5934=CARTESIAN_POINT('',(-3.6957,-0.1143,-11.303));
#5935=VECTOR('',#6656,0.696997474887708);
#5936=CARTESIAN_POINT('',(-3.6957,0.1143,-11.303));
#5937=CARTESIAN_POINT('',(-3.4925,0.3175,-10.668));
#5938=VECTOR('',#6657,0.696997474887708);
#5939=CARTESIAN_POINT('',(-3.6957,-0.1143,-11.303));
#5940=VECTOR('',#6658,0.2286);
#5941=CARTESIAN_POINT('',(-3.9243,0.1143,-11.303));
#5942=CARTESIAN_POINT('',(-3.9243,0.1143,-11.303));
#5943=VECTOR('',#6659,0.2286);
#5944=CARTESIAN_POINT('',(-3.6957,0.1143,-11.303));
#5945=VECTOR('',#6660,0.2286);
#5946=CARTESIAN_POINT('',(-3.9243,0.1143,-11.303));
#5947=VECTOR('',#6661,0.696997474887708);
#5948=CARTESIAN_POINT('',(-6.6675,0.3175,0.381));
#5949=CARTESIAN_POINT('',(-6.6675,0.3175,-5.08));
#5950=VECTOR('',#6662,5.461);
#5951=CARTESIAN_POINT('',(-6.6675,-0.3175,0.381));
#5952=CARTESIAN_POINT('',(-6.6675,-0.3175,0.381));
#5953=VECTOR('',#6663,5.461);
#5954=CARTESIAN_POINT('',(-6.6675,-0.3175,0.381));
#5955=VECTOR('',#6664,0.635);
#5956=CARTESIAN_POINT('',(-6.6675,-0.3175,-10.668));
#5957=CARTESIAN_POINT('',(-6.6675,-0.3175,-7.62));
#5958=VECTOR('',#6665,3.048);
#5959=CARTESIAN_POINT('',(-6.6675,0.3175,-10.668));
#5960=CARTESIAN_POINT('',(-6.6675,0.3175,-10.668));
#5961=VECTOR('',#6666,3.048);
#5962=CARTESIAN_POINT('',(-6.6675,0.3175,-10.668));
#5963=VECTOR('',#6667,0.635);
#5964=CARTESIAN_POINT('',(-6.4643,0.1143,1.016));
#5965=CARTESIAN_POINT('',(-6.6675,0.3175,0.381));
#5966=VECTOR('',#6668,0.696997474887708);
#5967=CARTESIAN_POINT('',(-6.4643,-0.1143,1.016));
#5968=CARTESIAN_POINT('',(-6.4643,-0.1143,1.016));
#5969=VECTOR('',#6669,0.696997474887708);
#5970=CARTESIAN_POINT('',(-6.4643,-0.1143,1.016));
#5971=VECTOR('',#6670,0.2286);
#5972=CARTESIAN_POINT('',(-6.2357,-0.1143,1.016));
#5973=CARTESIAN_POINT('',(-6.2357,-0.1143,1.016));
#5974=VECTOR('',#6671,0.2286);
#5975=CARTESIAN_POINT('',(-6.2357,0.1143,1.016));
#5976=CARTESIAN_POINT('',(-6.2357,0.1143,1.016));
#5977=VECTOR('',#6672,0.2286);
#5978=CARTESIAN_POINT('',(-6.2357,0.1143,1.016));
#5979=VECTOR('',#6673,0.2286);
#5980=CARTESIAN_POINT('',(-6.0325,0.3175,0.381));
#5981=CARTESIAN_POINT('',(-6.2357,0.1143,1.016));
#5982=VECTOR('',#6674,0.696997474887708);
#5983=CARTESIAN_POINT('',(-6.0325,0.3175,0.381));
#5984=VECTOR('',#6675,0.635);
#5985=CARTESIAN_POINT('',(-6.0325,0.3175,-5.08));
#5986=VECTOR('',#6676,5.461);
#5987=CARTESIAN_POINT('',(-6.0325,0.3175,-10.668));
#5988=CARTESIAN_POINT('',(-6.0325,0.3175,-10.668));
#5989=VECTOR('',#6677,3.048);
#5990=CARTESIAN_POINT('',(-6.0325,0.3175,-10.668));
#5991=VECTOR('',#6678,0.635);
#5992=CARTESIAN_POINT('',(-6.0325,-0.3175,0.381));
#5993=CARTESIAN_POINT('',(-6.0325,-0.3175,0.381));
#5994=VECTOR('',#6679,5.461);
#5995=CARTESIAN_POINT('',(-6.0325,0.3175,0.381));
#5996=VECTOR('',#6680,0.635);
#5997=CARTESIAN_POINT('',(-6.0325,-0.3175,-10.668));
#5998=CARTESIAN_POINT('',(-6.0325,-0.3175,-7.62));
#5999=VECTOR('',#6681,3.048);
#6000=CARTESIAN_POINT('',(-6.0325,-0.3175,-10.668));
#6001=VECTOR('',#6682,0.635);
#6002=CARTESIAN_POINT('',(-6.0325,-0.3175,0.381));
#6003=VECTOR('',#6683,0.696997474887708);
#6004=CARTESIAN_POINT('',(-6.0325,-0.3175,0.381));
#6005=VECTOR('',#6684,0.635);
#6006=CARTESIAN_POINT('',(-6.0325,-0.3175,-10.668));
#6007=VECTOR('',#6685,0.635);
#6008=CARTESIAN_POINT('',(-6.4643,-0.1143,-11.303));
#6009=CARTESIAN_POINT('',(-6.4643,-0.1143,-11.303));
#6010=VECTOR('',#6686,0.696997474887708);
#6011=CARTESIAN_POINT('',(-6.2357,-0.1143,-11.303));
#6012=CARTESIAN_POINT('',(-6.2357,-0.1143,-11.303));
#6013=VECTOR('',#6687,0.2286);
#6014=CARTESIAN_POINT('',(-6.2357,-0.1143,-11.303));
#6015=VECTOR('',#6688,0.696997474887708);
#6016=CARTESIAN_POINT('',(-6.2357,0.1143,-11.303));
#6017=CARTESIAN_POINT('',(-6.0325,0.3175,-10.668));
#6018=VECTOR('',#6689,0.696997474887708);
#6019=CARTESIAN_POINT('',(-6.2357,-0.1143,-11.303));
#6020=VECTOR('',#6690,0.2286);
#6021=CARTESIAN_POINT('',(-6.4643,0.1143,-11.303));
#6022=CARTESIAN_POINT('',(-6.4643,0.1143,-11.303));
#6023=VECTOR('',#6691,0.2286);
#6024=CARTESIAN_POINT('',(-6.2357,0.1143,-11.303));
#6025=VECTOR('',#6692,0.2286);
#6026=CARTESIAN_POINT('',(-6.4643,0.1143,-11.303));
#6027=VECTOR('',#6693,0.696997474887708);
#6028=CARTESIAN_POINT('',(-9.2075,0.3175,0.381));
#6029=CARTESIAN_POINT('',(-9.2075,0.3175,-5.08));
#6030=VECTOR('',#6694,5.461);
#6031=CARTESIAN_POINT('',(-9.2075,-0.3175,0.381));
#6032=CARTESIAN_POINT('',(-9.2075,-0.3175,0.381));
#6033=VECTOR('',#6695,5.461);
#6034=CARTESIAN_POINT('',(-9.2075,-0.3175,0.381));
#6035=VECTOR('',#6696,0.635);
#6036=CARTESIAN_POINT('',(-9.2075,-0.3175,-10.668));
#6037=CARTESIAN_POINT('',(-9.2075,-0.3175,-7.62));
#6038=VECTOR('',#6697,3.048);
#6039=CARTESIAN_POINT('',(-9.2075,0.3175,-10.668));
#6040=CARTESIAN_POINT('',(-9.2075,0.3175,-10.668));
#6041=VECTOR('',#6698,3.048);
#6042=CARTESIAN_POINT('',(-9.2075,0.3175,-10.668));
#6043=VECTOR('',#6699,0.635);
#6044=CARTESIAN_POINT('',(-9.0043,0.1143,1.016));
#6045=CARTESIAN_POINT('',(-9.2075,0.3175,0.381));
#6046=VECTOR('',#6700,0.696997474887708);
#6047=CARTESIAN_POINT('',(-9.0043,-0.1143,1.016));
#6048=CARTESIAN_POINT('',(-9.0043,-0.1143,1.016));
#6049=VECTOR('',#6701,0.696997474887708);
#6050=CARTESIAN_POINT('',(-9.0043,-0.1143,1.016));
#6051=VECTOR('',#6702,0.2286);
#6052=CARTESIAN_POINT('',(-8.7757,-0.1143,1.016));
#6053=CARTESIAN_POINT('',(-8.7757,-0.1143,1.016));
#6054=VECTOR('',#6703,0.2286);
#6055=CARTESIAN_POINT('',(-8.7757,0.1143,1.016));
#6056=CARTESIAN_POINT('',(-8.7757,0.1143,1.016));
#6057=VECTOR('',#6704,0.2286);
#6058=CARTESIAN_POINT('',(-8.7757,0.1143,1.016));
#6059=VECTOR('',#6705,0.2286);
#6060=CARTESIAN_POINT('',(-8.5725,0.3175,0.381));
#6061=CARTESIAN_POINT('',(-8.7757,0.1143,1.016));
#6062=VECTOR('',#6706,0.696997474887708);
#6063=CARTESIAN_POINT('',(-8.5725,0.3175,0.381));
#6064=VECTOR('',#6707,0.635);
#6065=CARTESIAN_POINT('',(-8.5725,0.3175,-5.08));
#6066=VECTOR('',#6708,5.461);
#6067=CARTESIAN_POINT('',(-8.5725,0.3175,-10.668));
#6068=CARTESIAN_POINT('',(-8.5725,0.3175,-10.668));
#6069=VECTOR('',#6709,3.048);
#6070=CARTESIAN_POINT('',(-8.5725,0.3175,-10.668));
#6071=VECTOR('',#6710,0.635);
#6072=CARTESIAN_POINT('',(-8.5725,-0.3175,0.381));
#6073=CARTESIAN_POINT('',(-8.5725,-0.3175,0.381));
#6074=VECTOR('',#6711,5.461);
#6075=CARTESIAN_POINT('',(-8.5725,0.3175,0.381));
#6076=VECTOR('',#6712,0.635);
#6077=CARTESIAN_POINT('',(-8.5725,-0.3175,-10.668));
#6078=CARTESIAN_POINT('',(-8.5725,-0.3175,-7.62));
#6079=VECTOR('',#6713,3.048);
#6080=CARTESIAN_POINT('',(-8.5725,-0.3175,-10.668));
#6081=VECTOR('',#6714,0.635);
#6082=CARTESIAN_POINT('',(-8.5725,-0.3175,0.381));
#6083=VECTOR('',#6715,0.696997474887708);
#6084=CARTESIAN_POINT('',(-8.5725,-0.3175,0.381));
#6085=VECTOR('',#6716,0.635);
#6086=CARTESIAN_POINT('',(-8.5725,-0.3175,-10.668));
#6087=VECTOR('',#6717,0.635);
#6088=CARTESIAN_POINT('',(-9.0043,-0.1143,-11.303));
#6089=CARTESIAN_POINT('',(-9.0043,-0.1143,-11.303));
#6090=VECTOR('',#6718,0.696997474887708);
#6091=CARTESIAN_POINT('',(-8.7757,-0.1143,-11.303));
#6092=CARTESIAN_POINT('',(-8.7757,-0.1143,-11.303));
#6093=VECTOR('',#6719,0.2286);
#6094=CARTESIAN_POINT('',(-8.7757,-0.1143,-11.303));
#6095=VECTOR('',#6720,0.696997474887708);
#6096=CARTESIAN_POINT('',(-8.7757,0.1143,-11.303));
#6097=CARTESIAN_POINT('',(-8.5725,0.3175,-10.668));
#6098=VECTOR('',#6721,0.696997474887708);
#6099=CARTESIAN_POINT('',(-8.7757,-0.1143,-11.303));
#6100=VECTOR('',#6722,0.2286);
#6101=CARTESIAN_POINT('',(-9.0043,0.1143,-11.303));
#6102=CARTESIAN_POINT('',(-9.0043,0.1143,-11.303));
#6103=VECTOR('',#6723,0.2286);
#6104=CARTESIAN_POINT('',(-8.7757,0.1143,-11.303));
#6105=VECTOR('',#6724,0.2286);
#6106=CARTESIAN_POINT('',(-9.0043,0.1143,-11.303));
#6107=VECTOR('',#6725,0.696997474887708);
#6108=CARTESIAN_POINT('',(-11.7475,0.3175,0.381));
#6109=CARTESIAN_POINT('',(-11.7475,0.3175,-5.08));
#6110=VECTOR('',#6726,5.461);
#6111=CARTESIAN_POINT('',(-11.7475,-0.3175,0.381));
#6112=CARTESIAN_POINT('',(-11.7475,-0.3175,0.381));
#6113=VECTOR('',#6727,5.461);
#6114=CARTESIAN_POINT('',(-11.7475,-0.3175,0.381));
#6115=VECTOR('',#6728,0.635);
#6116=CARTESIAN_POINT('',(-11.7475,-0.3175,-10.668));
#6117=CARTESIAN_POINT('',(-11.7475,-0.3175,-7.62));
#6118=VECTOR('',#6729,3.048);
#6119=CARTESIAN_POINT('',(-11.7475,0.3175,-10.668));
#6120=CARTESIAN_POINT('',(-11.7475,0.3175,-10.668));
#6121=VECTOR('',#6730,3.048);
#6122=CARTESIAN_POINT('',(-11.7475,0.3175,-10.668));
#6123=VECTOR('',#6731,0.635);
#6124=CARTESIAN_POINT('',(-11.5443,0.1143,1.016));
#6125=CARTESIAN_POINT('',(-11.7475,0.3175,0.381));
#6126=VECTOR('',#6732,0.696997474887708);
#6127=CARTESIAN_POINT('',(-11.5443,-0.1143,1.016));
#6128=CARTESIAN_POINT('',(-11.5443,-0.1143,1.016));
#6129=VECTOR('',#6733,0.696997474887708);
#6130=CARTESIAN_POINT('',(-11.5443,-0.1143,1.016));
#6131=VECTOR('',#6734,0.2286);
#6132=CARTESIAN_POINT('',(-11.3157,-0.1143,1.016));
#6133=CARTESIAN_POINT('',(-11.3157,-0.1143,1.016));
#6134=VECTOR('',#6735,0.2286);
#6135=CARTESIAN_POINT('',(-11.3157,0.1143,1.016));
#6136=CARTESIAN_POINT('',(-11.3157,0.1143,1.016));
#6137=VECTOR('',#6736,0.2286);
#6138=CARTESIAN_POINT('',(-11.3157,0.1143,1.016));
#6139=VECTOR('',#6737,0.2286);
#6140=CARTESIAN_POINT('',(-11.1125,0.3175,0.381));
#6141=CARTESIAN_POINT('',(-11.3157,0.1143,1.016));
#6142=VECTOR('',#6738,0.696997474887708);
#6143=CARTESIAN_POINT('',(-11.1125,0.3175,0.381));
#6144=VECTOR('',#6739,0.635);
#6145=CARTESIAN_POINT('',(-11.1125,0.3175,-5.08));
#6146=VECTOR('',#6740,5.461);
#6147=CARTESIAN_POINT('',(-11.1125,0.3175,-10.668));
#6148=CARTESIAN_POINT('',(-11.1125,0.3175,-10.668));
#6149=VECTOR('',#6741,3.048);
#6150=CARTESIAN_POINT('',(-11.1125,0.3175,-10.668));
#6151=VECTOR('',#6742,0.635);
#6152=CARTESIAN_POINT('',(-11.1125,-0.3175,0.381));
#6153=CARTESIAN_POINT('',(-11.1125,-0.3175,0.381));
#6154=VECTOR('',#6743,5.461);
#6155=CARTESIAN_POINT('',(-11.1125,0.3175,0.381));
#6156=VECTOR('',#6744,0.635);
#6157=CARTESIAN_POINT('',(-11.1125,-0.3175,-10.668));
#6158=CARTESIAN_POINT('',(-11.1125,-0.3175,-7.62));
#6159=VECTOR('',#6745,3.048);
#6160=CARTESIAN_POINT('',(-11.1125,-0.3175,-10.668));
#6161=VECTOR('',#6746,0.635);
#6162=CARTESIAN_POINT('',(-11.1125,-0.3175,0.381));
#6163=VECTOR('',#6747,0.696997474887708);
#6164=CARTESIAN_POINT('',(-11.1125,-0.3175,0.381));
#6165=VECTOR('',#6748,0.635);
#6166=CARTESIAN_POINT('',(-11.1125,-0.3175,-10.668));
#6167=VECTOR('',#6749,0.635);
#6168=CARTESIAN_POINT('',(-11.5443,-0.1143,-11.303));
#6169=CARTESIAN_POINT('',(-11.5443,-0.1143,-11.303));
#6170=VECTOR('',#6750,0.696997474887708);
#6171=CARTESIAN_POINT('',(-11.3157,-0.1143,-11.303));
#6172=CARTESIAN_POINT('',(-11.3157,-0.1143,-11.303));
#6173=VECTOR('',#6751,0.2286);
#6174=CARTESIAN_POINT('',(-11.3157,-0.1143,-11.303));
#6175=VECTOR('',#6752,0.696997474887708);
#6176=CARTESIAN_POINT('',(-11.3157,0.1143,-11.303));
#6177=CARTESIAN_POINT('',(-11.1125,0.3175,-10.668));
#6178=VECTOR('',#6753,0.696997474887708);
#6179=CARTESIAN_POINT('',(-11.3157,-0.1143,-11.303));
#6180=VECTOR('',#6754,0.2286);
#6181=CARTESIAN_POINT('',(-11.5443,0.1143,-11.303));
#6182=CARTESIAN_POINT('',(-11.5443,0.1143,-11.303));
#6183=VECTOR('',#6755,0.2286);
#6184=CARTESIAN_POINT('',(-11.3157,0.1143,-11.303));
#6185=VECTOR('',#6756,0.2286);
#6186=CARTESIAN_POINT('',(-11.5443,0.1143,-11.303));
#6187=VECTOR('',#6757,0.696997474887708);
#6188=CARTESIAN_POINT('',(12.446,2.5146,1.778));
#6189=VECTOR('',#6758,2.18853097761941);
#6190=DIRECTION('',(0.0,1.0,0.0));
#6191=DIRECTION('',(0.0,0.0,-1.0));
#6192=DIRECTION('',(0.0,-1.0,0.0));
#6193=DIRECTION('',(0.0,0.0,-1.0));
#6194=DIRECTION('',(-1.0,0.0,0.0));
#6195=DIRECTION('',(0.0,0.0,1.0));
#6196=DIRECTION('',(1.0,0.0,0.0));
#6197=DIRECTION('',(-0.707106781186548,0.0,-0.707106781186548));
#6198=DIRECTION('',(-1.0,0.0,0.0));
#6199=DIRECTION('',(-0.707106781186548,0.0,0.707106781186548));
#6200=DIRECTION('',(1.0,0.0,0.0));
#6201=DIRECTION('',(-0.707106781186548,0.0,-0.707106781186548));
#6202=DIRECTION('',(-1.0,0.0,0.0));
#6203=DIRECTION('',(-0.707106781186548,0.0,0.707106781186548));
#6204=DIRECTION('',(1.0,0.0,0.0));
#6205=DIRECTION('',(1.0,0.0,0.0));
#6206=DIRECTION('',(0.0,0.0,-1.0));
#6207=DIRECTION('',(1.0,0.0,0.0));
#6208=DIRECTION('',(1.0,0.0,0.0));
#6209=DIRECTION('',(0.0,0.0,-1.0));
#6210=DIRECTION('',(1.0,0.0,0.0));
#6211=DIRECTION('',(0.0,0.0,-1.0));
#6212=DIRECTION('',(1.0,0.0,0.0));
#6213=DIRECTION('',(1.0,0.0,0.0));
#6214=DIRECTION('',(0.0,0.0,-1.0));
#6215=DIRECTION('',(-1.0,0.0,0.0));
#6216=DIRECTION('',(-0.371390676354087,0.0,0.928476690885266));
#6217=DIRECTION('',(-0.371390676354087,0.0,-0.928476690885266));
#6218=DIRECTION('',(0.0,-1.0,4.163336342344E-14));
#6219=DIRECTION('',(-0.371390676354087,0.0,-0.928476690885266));
#6220=DIRECTION('',(0.0,1.0,0.0));
#6221=DIRECTION('',(1.0,0.0,0.0));
#6222=DIRECTION('',(0.0,1.0,0.0));
#6223=DIRECTION('',(-1.0,0.0,0.0));
#6224=DIRECTION('',(0.0,1.0,0.0));
#6225=DIRECTION('',(0.0,1.0,0.0));
#6226=DIRECTION('',(0.0,-1.0,0.0));
#6227=DIRECTION('',(1.0,0.0,0.0));
#6228=DIRECTION('',(0.0,-1.0,0.0));
#6229=DIRECTION('',(1.0,0.0,0.0));
#6230=DIRECTION('',(0.0,1.0,0.0));
#6231=DIRECTION('',(-1.0,0.0,0.0));
#6232=DIRECTION('',(0.0,1.0,0.0));
#6233=DIRECTION('',(1.0,0.0,0.0));
#6234=DIRECTION('',(0.0,1.0,0.0));
#6235=DIRECTION('',(1.0,0.0,0.0));
#6236=DIRECTION('',(0.0,-1.0,0.0));
#6237=DIRECTION('',(1.0,0.0,0.0));
#6238=DIRECTION('',(0.0,-1.0,0.0));
#6239=DIRECTION('',(-1.0,0.0,0.0));
#6240=DIRECTION('',(0.0,1.0,0.0));
#6241=DIRECTION('',(1.0,0.0,0.0));
#6242=DIRECTION('',(0.0,-1.0,0.0));
#6243=DIRECTION('',(1.0,0.0,0.0));
#6244=DIRECTION('',(0.0,0.0,-1.0));
#6245=DIRECTION('',(0.0,0.707106781186547,-0.707106781186547));
#6246=DIRECTION('',(0.0,0.0,1.0));
#6247=DIRECTION('',(0.0,-1.0,0.0));
#6248=DIRECTION('',(0.0,-1.0,0.0));
#6249=DIRECTION('',(1.0,0.0,0.0));
#6250=DIRECTION('',(0.0,1.0,0.0));
#6251=DIRECTION('',(1.0,0.0,0.0));
#6252=DIRECTION('',(0.0,1.0,0.0));
#6253=DIRECTION('',(-1.0,0.0,0.0));
#6254=DIRECTION('',(0.0,1.0,0.0));
#6255=DIRECTION('',(0.0,-1.0,0.0));
#6256=DIRECTION('',(-1.0,0.0,0.0));
#6257=DIRECTION('',(0.0,-1.0,0.0));
#6258=DIRECTION('',(1.0,0.0,0.0));
#6259=DIRECTION('',(0.0,1.0,0.0));
#6260=DIRECTION('',(-1.0,0.0,0.0));
#6261=DIRECTION('',(1.0,0.0,0.0));
#6262=DIRECTION('',(1.0,0.0,0.0));
#6263=DIRECTION('',(0.0,1.0,0.0));
#6264=DIRECTION('',(1.0,0.0,0.0));
#6265=DIRECTION('',(0.0,1.0,0.0));
#6266=DIRECTION('',(1.0,0.0,0.0));
#6267=DIRECTION('',(0.0,1.0,0.0));
#6268=DIRECTION('',(1.0,0.0,0.0));
#6269=DIRECTION('',(0.0,1.0,0.0));
#6270=DIRECTION('',(1.0,0.0,0.0));
#6271=DIRECTION('',(0.0,1.0,0.0));
#6272=DIRECTION('',(1.0,0.0,0.0));
#6273=DIRECTION('',(0.0,1.0,0.0));
#6274=DIRECTION('',(1.0,0.0,0.0));
#6275=DIRECTION('',(0.0,1.0,0.0));
#6276=DIRECTION('',(1.0,0.0,0.0));
#6277=DIRECTION('',(0.0,1.0,0.0));
#6278=DIRECTION('',(1.0,0.0,0.0));
#6279=DIRECTION('',(0.0,1.0,0.0));
#6280=DIRECTION('',(1.0,0.0,0.0));
#6281=DIRECTION('',(0.0,1.0,0.0));
#6282=DIRECTION('',(1.0,0.0,0.0));
#6283=DIRECTION('',(0.0,1.0,0.0));
#6284=DIRECTION('',(1.0,0.0,0.0));
#6285=DIRECTION('',(0.0,1.0,0.0));
#6286=DIRECTION('',(1.0,0.0,0.0));
#6287=DIRECTION('',(0.0,1.0,0.0));
#6288=DIRECTION('',(1.0,0.0,0.0));
#6289=DIRECTION('',(0.0,1.0,0.0));
#6290=DIRECTION('',(1.0,0.0,0.0));
#6291=DIRECTION('',(0.0,1.0,0.0));
#6292=DIRECTION('',(1.0,0.0,0.0));
#6293=DIRECTION('',(0.0,1.0,0.0));
#6294=DIRECTION('',(1.0,0.0,0.0));
#6295=DIRECTION('',(0.0,1.0,0.0));
#6296=DIRECTION('',(1.0,0.0,0.0));
#6297=DIRECTION('',(0.0,1.0,0.0));
#6298=DIRECTION('',(1.0,0.0,0.0));
#6299=DIRECTION('',(0.0,1.0,0.0));
#6300=DIRECTION('',(1.0,0.0,0.0));
#6301=DIRECTION('',(0.0,1.0,0.0));
#6302=DIRECTION('',(0.0,0.0,-1.0));
#6303=DIRECTION('',(0.0,1.0,0.0));
#6304=DIRECTION('',(0.0,0.0,1.0));
#6305=DIRECTION('',(0.0,0.0,-1.0));
#6306=DIRECTION('',(0.0,1.0,0.0));
#6307=DIRECTION('',(0.0,0.0,1.0));
#6308=DIRECTION('',(0.0,-1.0,0.0));
#6309=DIRECTION('',(0.0,0.0,1.0));
#6310=DIRECTION('',(-1.0,0.0,0.0));
#6311=DIRECTION('',(1.0,0.0,0.0));
#6312=DIRECTION('',(0.0,0.0,1.0));
#6313=DIRECTION('',(-1.0,0.0,0.0));
#6314=DIRECTION('',(0.291536206831588,-0.291536206831588,0.911050646348763));
#6315=DIRECTION('',(-1.0,0.0,0.0));
#6316=DIRECTION('',(0.291536206831588,0.291536206831588,-0.911050646348763));
#6317=DIRECTION('',(-0.291536206831588,0.291536206831588,0.911050646348763));
#6318=DIRECTION('',(0.0,-1.0,0.0));
#6319=DIRECTION('',(0.0,-1.0,0.0));
#6320=DIRECTION('',(0.0,1.0,0.0));
#6321=DIRECTION('',(-1.0,0.0,0.0));
#6322=DIRECTION('',(-0.291536206831588,-0.291536206831588,-0.911050646348763));
#6323=DIRECTION('',(-1.0,0.0,0.0));
#6324=DIRECTION('',(0.0,0.0,-1.0));
#6325=DIRECTION('',(0.0,0.0,-1.0));
#6326=DIRECTION('',(1.0,0.0,0.0));
#6327=DIRECTION('',(-1.0,0.0,0.0));
#6328=DIRECTION('',(0.0,1.0,0.0));
#6329=DIRECTION('',(0.0,1.0,0.0));
#6330=DIRECTION('',(-0.291536206831588,-0.291536206831588,-0.911050646348763));
#6331=DIRECTION('',(0.291536206831588,-0.291536206831588,0.911050646348763));
#6332=DIRECTION('',(0.0,1.0,0.0));
#6333=DIRECTION('',(-1.0,0.0,0.0));
#6334=DIRECTION('',(0.0,-1.0,0.0));
#6335=DIRECTION('',(-1.0,0.0,0.0));
#6336=DIRECTION('',(-0.291536206831588,0.291536206831588,0.911050646348763));
#6337=DIRECTION('',(-0.291536206831588,-0.291536206831588,0.911050646348763));
#6338=DIRECTION('',(1.0,0.0,0.0));
#6339=DIRECTION('',(0.0,1.0,0.0));
#6340=DIRECTION('',(0.0,1.0,0.0));
#6341=DIRECTION('',(1.0,0.0,0.0));
#6342=DIRECTION('',(0.0,1.0,0.0));
#6343=DIRECTION('',(-1.0,0.0,0.0));
#6344=DIRECTION('',(0.0,1.0,0.0));
#6345=DIRECTION('',(-1.0,0.0,0.0));
#6346=DIRECTION('',(0.0,1.0,0.0));
#6347=DIRECTION('',(1.0,0.0,0.0));
#6348=DIRECTION('',(0.0,1.0,0.0));
#6349=DIRECTION('',(1.0,0.0,0.0));
#6350=DIRECTION('',(0.0,1.0,0.0));
#6351=DIRECTION('',(1.0,0.0,0.0));
#6352=DIRECTION('',(0.0,1.0,0.0));
#6353=DIRECTION('',(1.0,0.0,0.0));
#6354=DIRECTION('',(0.0,1.0,0.0));
#6355=DIRECTION('',(1.0,0.0,0.0));
#6356=DIRECTION('',(0.0,1.0,0.0));
#6357=DIRECTION('',(1.0,0.0,0.0));
#6358=DIRECTION('',(0.0,1.0,0.0));
#6359=DIRECTION('',(1.0,0.0,0.0));
#6360=DIRECTION('',(0.0,1.0,0.0));
#6361=DIRECTION('',(1.0,0.0,0.0));
#6362=DIRECTION('',(0.0,1.0,0.0));
#6363=DIRECTION('',(1.0,0.0,0.0));
#6364=DIRECTION('',(0.0,1.0,0.0));
#6365=DIRECTION('',(1.0,0.0,0.0));
#6366=DIRECTION('',(0.0,1.0,0.0));
#6367=DIRECTION('',(1.0,0.0,0.0));
#6368=DIRECTION('',(0.0,1.0,0.0));
#6369=DIRECTION('',(1.0,0.0,0.0));
#6370=DIRECTION('',(0.0,1.0,0.0));
#6371=DIRECTION('',(1.0,0.0,0.0));
#6372=DIRECTION('',(0.0,1.0,0.0));
#6373=DIRECTION('',(1.0,0.0,0.0));
#6374=DIRECTION('',(0.0,1.0,0.0));
#6375=DIRECTION('',(1.0,0.0,0.0));
#6376=DIRECTION('',(0.0,1.0,0.0));
#6377=DIRECTION('',(1.0,0.0,0.0));
#6378=DIRECTION('',(0.0,1.0,0.0));
#6379=DIRECTION('',(0.0,1.0,0.0));
#6380=DIRECTION('',(1.0,0.0,0.0));
#6381=DIRECTION('',(0.0,1.0,0.0));
#6382=DIRECTION('',(0.0,-1.0,0.0));
#6383=DIRECTION('',(-0.707106781186548,0.0,0.707106781186548));
#6384=DIRECTION('',(0.0,0.0,-1.0));
#6385=DIRECTION('',(-1.0,0.0,0.0));
#6386=DIRECTION('',(-0.707106781186548,0.0,-0.707106781186548));
#6387=DIRECTION('',(-0.707106781186548,0.0,0.707106781186548));
#6388=DIRECTION('',(-1.0,0.0,0.0));
#6389=DIRECTION('',(-0.707106781186548,0.0,-0.707106781186548));
#6390=DIRECTION('',(0.0,0.0,-1.0));
#6391=DIRECTION('',(0.0,0.0,-1.0));
#6392=DIRECTION('',(0.0,0.0,-1.0));
#6393=DIRECTION('',(0.0,0.0,1.0));
#6394=DIRECTION('',(0.0,0.707106781186547,-0.707106781186547));
#6395=DIRECTION('',(0.577350269189626,-0.577350269189626,0.577350269189626));
#6396=DIRECTION('',(-1.0,0.0,0.0));
#6397=DIRECTION('',(0.0,0.707106781186547,-0.707106781186547));
#6398=DIRECTION('',(-1.0,0.0,0.0));
#6399=DIRECTION('',(-1.0,0.0,0.0));
#6400=DIRECTION('',(-0.577350269189626,-0.577350269189626,0.577350269189626));
#6401=DIRECTION('',(0.0,0.707106781186547,-0.707106781186547));
#6402=DIRECTION('',(0.0,0.0,1.0));
#6403=DIRECTION('',(0.0,0.0,-1.0));
#6404=DIRECTION('',(0.0,0.0,-1.0));
#6405=DIRECTION('',(0.0,0.0,1.0));
#6406=DIRECTION('',(0.0,0.0,1.0));
#6407=DIRECTION('',(0.0,-1.0,0.0));
#6408=DIRECTION('',(0.577350269189626,0.577350269189626,0.577350269189626));
#6409=DIRECTION('',(0.577350269189626,0.577350269189626,0.577350269189626));
#6410=DIRECTION('',(1.0,0.0,0.0));
#6411=DIRECTION('',(0.0,0.0,-1.0));
#6412=DIRECTION('',(1.0,0.0,0.0));
#6413=DIRECTION('',(0.0,0.0,-1.0));
#6414=DIRECTION('',(0.0,0.707106781186547,0.707106781186547));
#6415=DIRECTION('',(0.0,-1.0,0.0));
#6416=DIRECTION('',(0.0,-1.0,0.0));
#6417=DIRECTION('',(1.0,0.0,0.0));
#6418=DIRECTION('',(0.0,-1.0,0.0));
#6419=DIRECTION('',(1.0,0.0,0.0));
#6420=DIRECTION('',(0.0,1.0,0.0));
#6421=DIRECTION('',(0.0,-0.707106781186547,-0.707106781186547));
#6422=DIRECTION('',(0.0,0.0,-1.0));
#6423=DIRECTION('',(1.0,0.0,0.0));
#6424=DIRECTION('',(0.0,0.0,1.0));
#6425=DIRECTION('',(1.0,0.0,0.0));
#6426=DIRECTION('',(0.0,0.0,-1.0));
#6427=DIRECTION('',(0.0,1.0,0.0));
#6428=DIRECTION('',(-0.577350269189626,0.577350269189626,0.577350269189626));
#6429=DIRECTION('',(-0.577350269189626,0.577350269189626,0.577350269189626));
#6430=DIRECTION('',(0.0,1.0,0.0));
#6431=DIRECTION('',(-0.577350269189626,0.577350269189626,0.577350269189626));
#6432=DIRECTION('',(0.577350269189626,0.577350269189626,0.577350269189626));
#6433=DIRECTION('',(1.0,0.0,0.0));
#6434=DIRECTION('',(0.0,0.0,-1.0));
#6435=DIRECTION('',(0.0,0.0,-1.0));
#6436=CARTESIAN_POINT('',(-1.4478,3.048,0.9398));
#6437=DIRECTION('',(0.0,1.0,0.0));
#6438=DIRECTION('',(-1.0,0.0,0.0));
#6439=DIRECTION('',(1.0,0.0,0.0));
#6440=CARTESIAN_POINT('',(1.4478,3.048,0.9398));
#6441=DIRECTION('',(0.0,1.0,0.0));
#6442=DIRECTION('',(0.0,0.0,1.0));
#6443=DIRECTION('',(0.0,-1.0,0.0));
#6444=DIRECTION('',(0.0,-1.0,0.0));
#6445=CARTESIAN_POINT('',(1.4478,4.064,0.9398));
#6446=DIRECTION('',(0.0,1.0,0.0));
#6447=DIRECTION('',(0.0,0.0,1.0));
#6448=DIRECTION('',(1.0,0.0,0.0));
#6449=CARTESIAN_POINT('',(-1.4478,4.064,0.9398));
#6450=DIRECTION('',(0.0,1.0,0.0));
#6451=DIRECTION('',(-1.0,0.0,0.0));
#6452=DIRECTION('',(0.0,0.0,1.0));
#6453=DIRECTION('',(1.0,0.0,0.0));
#6454=DIRECTION('',(0.0,0.0,1.0));
#6455=DIRECTION('',(0.0,0.0,1.0));
#6456=DIRECTION('',(1.0,0.0,0.0));
#6457=DIRECTION('',(0.0,0.0,1.0));
#6458=DIRECTION('',(0.0,-0.707106781186547,-0.707106781186547));
#6459=DIRECTION('',(0.0,-1.0,0.0));
#6460=DIRECTION('',(0.0,1.0,0.0));
#6461=DIRECTION('',(0.0,1.0,0.0));
#6462=DIRECTION('',(0.0,1.0,0.0));
#6463=DIRECTION('',(0.0,-1.0,0.0));
#6464=DIRECTION('',(0.0,0.707106781186547,0.707106781186547));
#6465=DIRECTION('',(0.0,-1.0,0.0));
#6466=DIRECTION('',(0.0,-1.0,0.0));
#6467=DIRECTION('',(0.0,-1.0,0.0));
#6468=DIRECTION('',(0.0,-1.0,0.0));
#6469=DIRECTION('',(0.0,-1.0,0.0));
#6470=DIRECTION('',(0.0,0.0,1.0));
#6471=DIRECTION('',(0.0,0.0,-1.0));
#6472=DIRECTION('',(0.0,1.0,0.0));
#6473=DIRECTION('',(0.0,0.0,-1.0));
#6474=DIRECTION('',(0.0,0.0,1.0));
#6475=DIRECTION('',(0.0,-1.0,0.0));
#6476=DIRECTION('',(0.291536206831588,-0.291536206831588,0.911050646348763));
#6477=DIRECTION('',(-0.291536206831588,-0.291536206831588,-0.911050646348763));
#6478=DIRECTION('',(0.0,1.0,0.0));
#6479=DIRECTION('',(-1.0,0.0,0.0));
#6480=DIRECTION('',(0.0,-1.0,0.0));
#6481=DIRECTION('',(-1.0,0.0,0.0));
#6482=DIRECTION('',(0.291536206831588,0.291536206831588,-0.911050646348763));
#6483=DIRECTION('',(-1.0,0.0,0.0));
#6484=DIRECTION('',(0.0,0.0,1.0));
#6485=DIRECTION('',(0.0,0.0,1.0));
#6486=DIRECTION('',(-1.0,0.0,0.0));
#6487=DIRECTION('',(0.0,0.0,-1.0));
#6488=DIRECTION('',(0.0,-1.0,0.0));
#6489=DIRECTION('',(0.0,0.0,-1.0));
#6490=DIRECTION('',(0.0,1.0,0.0));
#6491=DIRECTION('',(-0.291536206831588,0.291536206831588,0.911050646348763));
#6492=DIRECTION('',(-1.0,0.0,0.0));
#6493=DIRECTION('',(-1.0,0.0,0.0));
#6494=DIRECTION('',(-0.291536206831588,-0.291536206831588,0.911050646348763));
#6495=DIRECTION('',(-1.0,0.0,0.0));
#6496=DIRECTION('',(0.291536206831588,-0.291536206831588,0.911050646348763));
#6497=DIRECTION('',(-0.291536206831588,-0.291536206831588,-0.911050646348763));
#6498=DIRECTION('',(0.0,1.0,0.0));
#6499=DIRECTION('',(0.0,-1.0,0.0));
#6500=DIRECTION('',(-1.0,0.0,0.0));
#6501=DIRECTION('',(-0.291536206831588,0.291536206831588,0.911050646348763));
#6502=DIRECTION('',(0.0,0.0,1.0));
#6503=DIRECTION('',(0.0,0.0,-1.0));
#6504=DIRECTION('',(0.0,1.0,0.0));
#6505=DIRECTION('',(0.0,0.0,-1.0));
#6506=DIRECTION('',(0.0,0.0,1.0));
#6507=DIRECTION('',(0.0,-1.0,0.0));
#6508=DIRECTION('',(0.291536206831588,-0.291536206831588,0.911050646348763));
#6509=DIRECTION('',(-0.291536206831588,-0.291536206831588,-0.911050646348763));
#6510=DIRECTION('',(0.0,1.0,0.0));
#6511=DIRECTION('',(-1.0,0.0,0.0));
#6512=DIRECTION('',(0.0,-1.0,0.0));
#6513=DIRECTION('',(-1.0,0.0,0.0));
#6514=DIRECTION('',(0.291536206831588,0.291536206831588,-0.911050646348763));
#6515=DIRECTION('',(-1.0,0.0,0.0));
#6516=DIRECTION('',(0.0,0.0,1.0));
#6517=DIRECTION('',(0.0,0.0,1.0));
#6518=DIRECTION('',(-1.0,0.0,0.0));
#6519=DIRECTION('',(0.0,0.0,-1.0));
#6520=DIRECTION('',(0.0,-1.0,0.0));
#6521=DIRECTION('',(0.0,0.0,-1.0));
#6522=DIRECTION('',(0.0,1.0,0.0));
#6523=DIRECTION('',(-0.291536206831588,0.291536206831588,0.911050646348763));
#6524=DIRECTION('',(-1.0,0.0,0.0));
#6525=DIRECTION('',(-1.0,0.0,0.0));
#6526=DIRECTION('',(-0.291536206831588,-0.291536206831588,0.911050646348763));
#6527=DIRECTION('',(-1.0,0.0,0.0));
#6528=DIRECTION('',(0.291536206831588,-0.291536206831588,0.911050646348763));
#6529=DIRECTION('',(-0.291536206831588,-0.291536206831588,-0.911050646348763));
#6530=DIRECTION('',(0.0,1.0,0.0));
#6531=DIRECTION('',(0.0,-1.0,0.0));
#6532=DIRECTION('',(-1.0,0.0,0.0));
#6533=DIRECTION('',(-0.291536206831588,0.291536206831588,0.911050646348763));
#6534=DIRECTION('',(0.0,0.0,1.0));
#6535=DIRECTION('',(0.0,0.0,-1.0));
#6536=DIRECTION('',(0.0,1.0,0.0));
#6537=DIRECTION('',(0.0,0.0,-1.0));
#6538=DIRECTION('',(0.0,0.0,1.0));
#6539=DIRECTION('',(0.0,-1.0,0.0));
#6540=DIRECTION('',(0.291536206831588,-0.291536206831588,0.911050646348763));
#6541=DIRECTION('',(-0.291536206831588,-0.291536206831588,-0.911050646348763));
#6542=DIRECTION('',(0.0,1.0,0.0));
#6543=DIRECTION('',(-1.0,0.0,0.0));
#6544=DIRECTION('',(0.0,-1.0,0.0));
#6545=DIRECTION('',(-1.0,0.0,0.0));
#6546=DIRECTION('',(0.291536206831588,0.291536206831588,-0.911050646348763));
#6547=DIRECTION('',(-1.0,0.0,0.0));
#6548=DIRECTION('',(0.0,0.0,1.0));
#6549=DIRECTION('',(0.0,0.0,1.0));
#6550=DIRECTION('',(-1.0,0.0,0.0));
#6551=DIRECTION('',(0.0,0.0,-1.0));
#6552=DIRECTION('',(0.0,-1.0,0.0));
#6553=DIRECTION('',(0.0,0.0,-1.0));
#6554=DIRECTION('',(0.0,1.0,0.0));
#6555=DIRECTION('',(-0.291536206831588,0.291536206831588,0.911050646348763));
#6556=DIRECTION('',(-1.0,0.0,0.0));
#6557=DIRECTION('',(-1.0,0.0,0.0));
#6558=DIRECTION('',(-0.291536206831588,-0.291536206831588,0.911050646348763));
#6559=DIRECTION('',(-1.0,0.0,0.0));
#6560=DIRECTION('',(0.291536206831588,-0.291536206831588,0.911050646348763));
#6561=DIRECTION('',(-0.291536206831588,-0.291536206831588,-0.911050646348763));
#6562=DIRECTION('',(0.0,1.0,0.0));
#6563=DIRECTION('',(0.0,-1.0,0.0));
#6564=DIRECTION('',(-1.0,0.0,0.0));
#6565=DIRECTION('',(-0.291536206831588,0.291536206831588,0.911050646348763));
#6566=DIRECTION('',(0.0,0.0,1.0));
#6567=DIRECTION('',(0.0,0.0,-1.0));
#6568=DIRECTION('',(0.0,1.0,0.0));
#6569=DIRECTION('',(0.0,0.0,-1.0));
#6570=DIRECTION('',(0.0,0.0,1.0));
#6571=DIRECTION('',(0.0,-1.0,0.0));
#6572=DIRECTION('',(0.291536206831588,-0.291536206831588,0.911050646348763));
#6573=DIRECTION('',(-0.291536206831588,-0.291536206831588,-0.911050646348763));
#6574=DIRECTION('',(0.0,1.0,0.0));
#6575=DIRECTION('',(-1.0,0.0,0.0));
#6576=DIRECTION('',(0.0,-1.0,0.0));
#6577=DIRECTION('',(-1.0,0.0,0.0));
#6578=DIRECTION('',(0.291536206831588,0.291536206831588,-0.911050646348763));
#6579=DIRECTION('',(-1.0,0.0,0.0));
#6580=DIRECTION('',(0.0,0.0,1.0));
#6581=DIRECTION('',(0.0,0.0,1.0));
#6582=DIRECTION('',(-1.0,0.0,0.0));
#6583=DIRECTION('',(0.0,0.0,-1.0));
#6584=DIRECTION('',(0.0,-1.0,0.0));
#6585=DIRECTION('',(0.0,0.0,-1.0));
#6586=DIRECTION('',(0.0,1.0,0.0));
#6587=DIRECTION('',(-0.291536206831588,0.291536206831588,0.911050646348763));
#6588=DIRECTION('',(-1.0,0.0,0.0));
#6589=DIRECTION('',(-1.0,0.0,0.0));
#6590=DIRECTION('',(-0.291536206831588,-0.291536206831588,0.911050646348763));
#6591=DIRECTION('',(-1.0,0.0,0.0));
#6592=DIRECTION('',(0.291536206831588,-0.291536206831588,0.911050646348763));
#6593=DIRECTION('',(-0.291536206831588,-0.291536206831588,-0.911050646348763));
#6594=DIRECTION('',(0.0,1.0,0.0));
#6595=DIRECTION('',(0.0,-1.0,0.0));
#6596=DIRECTION('',(-1.0,0.0,0.0));
#6597=DIRECTION('',(-0.291536206831588,0.291536206831588,0.911050646348763));
#6598=DIRECTION('',(0.0,0.0,1.0));
#6599=DIRECTION('',(0.0,0.0,-1.0));
#6600=DIRECTION('',(0.0,1.0,0.0));
#6601=DIRECTION('',(0.0,0.0,-1.0));
#6602=DIRECTION('',(0.0,0.0,1.0));
#6603=DIRECTION('',(0.0,-1.0,0.0));
#6604=DIRECTION('',(0.291536206831588,-0.291536206831588,0.911050646348763));
#6605=DIRECTION('',(-0.291536206831588,-0.291536206831588,-0.911050646348763));
#6606=DIRECTION('',(0.0,1.0,0.0));
#6607=DIRECTION('',(-1.0,0.0,0.0));
#6608=DIRECTION('',(0.0,-1.0,0.0));
#6609=DIRECTION('',(-1.0,0.0,0.0));
#6610=DIRECTION('',(0.291536206831588,0.291536206831588,-0.911050646348763));
#6611=DIRECTION('',(-1.0,0.0,0.0));
#6612=DIRECTION('',(0.0,0.0,1.0));
#6613=DIRECTION('',(0.0,0.0,1.0));
#6614=DIRECTION('',(-1.0,0.0,0.0));
#6615=DIRECTION('',(0.0,0.0,-1.0));
#6616=DIRECTION('',(0.0,-1.0,0.0));
#6617=DIRECTION('',(0.0,0.0,-1.0));
#6618=DIRECTION('',(0.0,1.0,0.0));
#6619=DIRECTION('',(-0.291536206831588,0.291536206831588,0.911050646348763));
#6620=DIRECTION('',(-1.0,0.0,0.0));
#6621=DIRECTION('',(-1.0,0.0,0.0));
#6622=DIRECTION('',(-0.291536206831588,-0.291536206831588,0.911050646348763));
#6623=DIRECTION('',(-1.0,0.0,0.0));
#6624=DIRECTION('',(0.291536206831588,-0.291536206831588,0.911050646348763));
#6625=DIRECTION('',(-0.291536206831588,-0.291536206831588,-0.911050646348763));
#6626=DIRECTION('',(0.0,1.0,0.0));
#6627=DIRECTION('',(0.0,-1.0,0.0));
#6628=DIRECTION('',(-1.0,0.0,0.0));
#6629=DIRECTION('',(-0.291536206831588,0.291536206831588,0.911050646348763));
#6630=DIRECTION('',(0.0,0.0,1.0));
#6631=DIRECTION('',(0.0,0.0,-1.0));
#6632=DIRECTION('',(0.0,1.0,0.0));
#6633=DIRECTION('',(0.0,0.0,-1.0));
#6634=DIRECTION('',(0.0,0.0,1.0));
#6635=DIRECTION('',(0.0,-1.0,0.0));
#6636=DIRECTION('',(0.291536206831588,-0.291536206831588,0.911050646348763));
#6637=DIRECTION('',(-0.291536206831588,-0.291536206831588,-0.911050646348763));
#6638=DIRECTION('',(0.0,1.0,0.0));
#6639=DIRECTION('',(-1.0,0.0,0.0));
#6640=DIRECTION('',(0.0,-1.0,0.0));
#6641=DIRECTION('',(-1.0,0.0,0.0));
#6642=DIRECTION('',(0.291536206831588,0.291536206831588,-0.911050646348763));
#6643=DIRECTION('',(-1.0,0.0,0.0));
#6644=DIRECTION('',(0.0,0.0,1.0));
#6645=DIRECTION('',(0.0,0.0,1.0));
#6646=DIRECTION('',(-1.0,0.0,0.0));
#6647=DIRECTION('',(0.0,0.0,-1.0));
#6648=DIRECTION('',(0.0,-1.0,0.0));
#6649=DIRECTION('',(0.0,0.0,-1.0));
#6650=DIRECTION('',(0.0,1.0,0.0));
#6651=DIRECTION('',(-0.291536206831588,0.291536206831588,0.911050646348763));
#6652=DIRECTION('',(-1.0,0.0,0.0));
#6653=DIRECTION('',(-1.0,0.0,0.0));
#6654=DIRECTION('',(-0.291536206831588,-0.291536206831588,0.911050646348763));
#6655=DIRECTION('',(-1.0,0.0,0.0));
#6656=DIRECTION('',(0.291536206831588,-0.291536206831588,0.911050646348763));
#6657=DIRECTION('',(-0.291536206831588,-0.291536206831588,-0.911050646348763));
#6658=DIRECTION('',(0.0,1.0,0.0));
#6659=DIRECTION('',(0.0,-1.0,0.0));
#6660=DIRECTION('',(-1.0,0.0,0.0));
#6661=DIRECTION('',(-0.291536206831588,0.291536206831588,0.911050646348763));
#6662=DIRECTION('',(0.0,0.0,1.0));
#6663=DIRECTION('',(0.0,0.0,-1.0));
#6664=DIRECTION('',(0.0,1.0,0.0));
#6665=DIRECTION('',(0.0,0.0,-1.0));
#6666=DIRECTION('',(0.0,0.0,1.0));
#6667=DIRECTION('',(0.0,-1.0,0.0));
#6668=DIRECTION('',(0.291536206831588,-0.291536206831588,0.911050646348763));
#6669=DIRECTION('',(-0.291536206831588,-0.291536206831588,-0.911050646348763));
#6670=DIRECTION('',(0.0,1.0,0.0));
#6671=DIRECTION('',(-1.0,0.0,0.0));
#6672=DIRECTION('',(0.0,-1.0,0.0));
#6673=DIRECTION('',(-1.0,0.0,0.0));
#6674=DIRECTION('',(0.291536206831588,0.291536206831588,-0.911050646348763));
#6675=DIRECTION('',(-1.0,0.0,0.0));
#6676=DIRECTION('',(0.0,0.0,1.0));
#6677=DIRECTION('',(0.0,0.0,1.0));
#6678=DIRECTION('',(-1.0,0.0,0.0));
#6679=DIRECTION('',(0.0,0.0,-1.0));
#6680=DIRECTION('',(0.0,-1.0,0.0));
#6681=DIRECTION('',(0.0,0.0,-1.0));
#6682=DIRECTION('',(0.0,1.0,0.0));
#6683=DIRECTION('',(-0.291536206831588,0.291536206831588,0.911050646348763));
#6684=DIRECTION('',(-1.0,0.0,0.0));
#6685=DIRECTION('',(-1.0,0.0,0.0));
#6686=DIRECTION('',(-0.291536206831588,-0.291536206831588,0.911050646348763));
#6687=DIRECTION('',(-1.0,0.0,0.0));
#6688=DIRECTION('',(0.291536206831588,-0.291536206831588,0.911050646348763));
#6689=DIRECTION('',(-0.291536206831588,-0.291536206831588,-0.911050646348763));
#6690=DIRECTION('',(0.0,1.0,0.0));
#6691=DIRECTION('',(0.0,-1.0,0.0));
#6692=DIRECTION('',(-1.0,0.0,0.0));
#6693=DIRECTION('',(-0.291536206831588,0.291536206831588,0.911050646348763));
#6694=DIRECTION('',(0.0,0.0,1.0));
#6695=DIRECTION('',(0.0,0.0,-1.0));
#6696=DIRECTION('',(0.0,1.0,0.0));
#6697=DIRECTION('',(0.0,0.0,-1.0));
#6698=DIRECTION('',(0.0,0.0,1.0));
#6699=DIRECTION('',(0.0,-1.0,0.0));
#6700=DIRECTION('',(0.291536206831588,-0.291536206831588,0.911050646348763));
#6701=DIRECTION('',(-0.291536206831588,-0.291536206831588,-0.911050646348763));
#6702=DIRECTION('',(0.0,1.0,0.0));
#6703=DIRECTION('',(-1.0,0.0,0.0));
#6704=DIRECTION('',(0.0,-1.0,0.0));
#6705=DIRECTION('',(-1.0,0.0,0.0));
#6706=DIRECTION('',(0.291536206831588,0.291536206831588,-0.911050646348763));
#6707=DIRECTION('',(-1.0,0.0,0.0));
#6708=DIRECTION('',(0.0,0.0,1.0));
#6709=DIRECTION('',(0.0,0.0,1.0));
#6710=DIRECTION('',(-1.0,0.0,0.0));
#6711=DIRECTION('',(0.0,0.0,-1.0));
#6712=DIRECTION('',(0.0,-1.0,0.0));
#6713=DIRECTION('',(0.0,0.0,-1.0));
#6714=DIRECTION('',(0.0,1.0,0.0));
#6715=DIRECTION('',(-0.291536206831588,0.291536206831588,0.911050646348763));
#6716=DIRECTION('',(-1.0,0.0,0.0));
#6717=DIRECTION('',(-1.0,0.0,0.0));
#6718=DIRECTION('',(-0.291536206831588,-0.291536206831588,0.911050646348763));
#6719=DIRECTION('',(-1.0,0.0,0.0));
#6720=DIRECTION('',(0.291536206831588,-0.291536206831588,0.911050646348763));
#6721=DIRECTION('',(-0.291536206831588,-0.291536206831588,-0.911050646348763));
#6722=DIRECTION('',(0.0,1.0,0.0));
#6723=DIRECTION('',(0.0,-1.0,0.0));
#6724=DIRECTION('',(-1.0,0.0,0.0));
#6725=DIRECTION('',(-0.291536206831588,0.291536206831588,0.911050646348763));
#6726=DIRECTION('',(0.0,0.0,1.0));
#6727=DIRECTION('',(0.0,0.0,-1.0));
#6728=DIRECTION('',(0.0,1.0,0.0));
#6729=DIRECTION('',(0.0,0.0,-1.0));
#6730=DIRECTION('',(0.0,0.0,1.0));
#6731=DIRECTION('',(0.0,-1.0,0.0));
#6732=DIRECTION('',(0.291536206831588,-0.291536206831588,0.911050646348763));
#6733=DIRECTION('',(-0.291536206831588,-0.291536206831588,-0.911050646348763));
#6734=DIRECTION('',(0.0,1.0,0.0));
#6735=DIRECTION('',(-1.0,0.0,0.0));
#6736=DIRECTION('',(0.0,-1.0,0.0));
#6737=DIRECTION('',(-1.0,0.0,0.0));
#6738=DIRECTION('',(0.291536206831588,0.291536206831588,-0.911050646348763));
#6739=DIRECTION('',(-1.0,0.0,0.0));
#6740=DIRECTION('',(0.0,0.0,1.0));
#6741=DIRECTION('',(0.0,0.0,1.0));
#6742=DIRECTION('',(-1.0,0.0,0.0));
#6743=DIRECTION('',(0.0,0.0,-1.0));
#6744=DIRECTION('',(0.0,-1.0,0.0));
#6745=DIRECTION('',(0.0,0.0,-1.0));
#6746=DIRECTION('',(0.0,1.0,0.0));
#6747=DIRECTION('',(-0.291536206831588,0.291536206831588,0.911050646348763));
#6748=DIRECTION('',(-1.0,0.0,0.0));
#6749=DIRECTION('',(-1.0,0.0,0.0));
#6750=DIRECTION('',(-0.291536206831588,-0.291536206831588,0.911050646348763));
#6751=DIRECTION('',(-1.0,0.0,0.0));
#6752=DIRECTION('',(0.291536206831588,-0.291536206831588,0.911050646348763));
#6753=DIRECTION('',(-0.291536206831588,-0.291536206831588,-0.911050646348763));
#6754=DIRECTION('',(0.0,1.0,0.0));
#6755=DIRECTION('',(0.0,-1.0,0.0));
#6756=DIRECTION('',(-1.0,0.0,0.0));
#6757=DIRECTION('',(-0.291536206831588,0.291536206831588,0.911050646348763));
#6758=DIRECTION('',(-0.371390676354087,0.0,0.928476690885266));
#6759=PRESENTATION_LAYER_ASSIGNMENT('','',(#26,#49,#50,#51,#52,#53,#54,#55,#56,#57,#58,#63,#64,#65,#66,#67,#68,#69,#70,#71,#72,#73,#74,#75,#76,#77,#78,#79,#80,#81,#82,#83,#84,#85,#86,#87,#88,#89,#90,#91,#92,#93,#94,#95,#96,#97,#98,#99,#100,#101,#102,#103,#104,#105,#106,#107,#108,#109,#110,#111,#112,#113,#114,#115,#116,#117,#118,#119,#120,#121,#122,#123,#124,#125,#126,#127,#128,#129,#130,#131,#132,#133,#134,#135,#136,#137,#138,#139,#140,#141,#142,#143,#144,#145,#146,#147,#148,#149,#150,#151,#152,#153,#154,#155,#156,#157,#158,#159,#160,#161,#162,#163,#164,#165,#166,#167,#168,#169,#170,#171,#172,#173,#174,#175,#176,#177,#178,#179,#180,#181,#182,#183,#184,#185,#186,#187,#188,#189,#190,#191,#192,#193,#194,#195,#196,#197,#198,#199,#200,#201,#202,#203,#204,#205,#206,#207,#208,#209,#210,#211,#212,#213,#214,#215,#216,#217,#218,#219,#220,#221,#222,#223,#224,#225,#226,#227,#228,#229,#230,#231,#232,#233,#234,#235,#236,#237,#238,#239,#240,#241,#242,#243,#244,#245,#246,#247,#248,#249,#250,#251,#252,#253,#254,#255,#256,#257,#258,#259,#260,#261,#262,#263,#264,#265,#266,#267,#268,#269,#270,#271,#272,#273,#274,#275,#276,#277,#278,#279,#280,#281,#282,#283,#284,#285,#286,#287,#288,#289,#290,#291,#292,#293,#294,#295,#296,#297,#298,#299,#815,#816,#817,#818,#819,#820,#821,#822,#823,#824,#825,#826,#827,#828,#829,#830,#831,#832,#833,#834,#3202,#3203,#3204,#3205,#3206,#3207,#3208,#3209,#3210,#3211,#3212,#3213,#3214,#3215,#3216,#3217,#3218,#3219,#3220,#3221,#3222,#3223,#3224,#3225,#3226,#3227,#3228,#3229,#3230,#3231,#3232,#3233,#3234,#3235,#3236,#3237,#3238,#3239,#3240,#3241,#3242,#3243,#3244,#3245,#3246,#3247,#3248,#3249,#3250,#3251,#3252,#3253,#3254,#3255,#3256,#3257,#3258,#3259,#3260,#3261,#3262,#3263,#3264,#3265,#3266,#3267,#3268,#3269,#3270,#3271,#3272,#3273,#3274,#3275,#3276,#3277,#3278,#3279,#3280,#3281,#3282,#3283,#3284,#3285,#3286,#3287,#3288,#3289,#3290,#3291,#3292,#3293,#3294,#3295,#3296,#3297,#3298,#3299,#3300,#3301,#3302,#3303,#3304,#3305,#3306,#3307,#3308,#3309,#3310,#3311,#3312,#3313,#3314,#3315,#3316,#3317,#3318,#3319,#3320,#3321,#3322,#3323,#3324,#3325,#3326,#3327,#3328,#3329,#3330,#3331,#3332,#3333,#3334,#3335,#3336,#3337,#3338,#3339,#3340,#3341,#3342,#3343,#3344,#3345,#3346,#3347,#3348,#3349,#3350,#3351,#3352,#3353,#3354,#3355,#3356,#3357,#3358,#3359,#3360,#3361,#3362,#3363,#3364,#3365,#3366,#3367,#3368,#3369,#3370,#3371,#3372,#3373,#3374,#3375,#3376,#3377,#3378,#3379,#3380,#3381,#3382,#3383,#3384,#3385,#3386,#3387,#3388,#3389,#3390,#3391,#3392,#3393,#3394,#3395,#3396,#3397,#3398,#3399,#3400,#3401,#3402,#3403,#3404,#3405,#3406,#3407,#3408,#3409,#3410,#3411,#3412,#3413,#3414,#3415,#3416,#3417,#3418,#3419,#3420,#3421,#3422,#3423,#3424,#3425,#3426,#3427,#3428,#3429,#3430,#3431,#3432,#3433,#3434,#3435,#3436,#3437,#3438,#3439,#3440,#3441,#3442,#3443,#3444,#3445,#3446,#3447,#3448,#3449,#3450,#3451,#3452,#3453,#3454,#3455,#3456,#3457,#3458,#3459,#3460,#3461,#3462,#3463,#3464,#3465,#3466,#3467,#3468,#3469,#3470,#3471,#3472,#3473,#3474,#3475,#3476,#3477,#3478,#3479,#3480,#3481,#3482,#3483,#3484,#3485,#3486,#3487,#3488,#3489,#3490,#3491,#3492,#3493,#3494,#3495,#3496,#3497,#3498,#3499,#3500,#3501,#3502,#3503,#3504,#3505,#3506,#3507,#3508,#3509,#3510,#3511,#3512,#3513,#3514,#3515,#3516,#3517,#3518,#3519,#3520,#3521,#3522,#3523,#3524,#3525,#3526,#3527,#3528,#3529,#3530,#3531,#3532,#3533,#3534,#3535,#3536,#3537,#3538,#3539,#3540,#3541,#3542,#3543,#3544,#3545,#3546,#3547,#3548,#3549,#3550,#3551,#3552,#3553,#3554,#3555,#3556,#3557,#3558,#3559,#3560,#3561,#3562,#3563,#3564,#3565,#3566,#3567,#3568,#3569,#3570,#3571,#3572,#3573,#3574,#3575,#3576,#3577,#3578,#3579,#3580,#3581,#3582,#3583,#3584,#3585,#3586,#3587,#3588,#3589,#3590,#3591,#3592,#3593,#3594,#3595,#3596,#3597,#3598,#3599,#3600,#3601,#3602,#3603,#3604,#3605,#3606,#3607,#3608,#3609,#3610,#3611,#3612,#3613,#3614,#3615,#3616,#3617,#3618,#3619,#3620,#3621,#3622,#3623,#3624,#3625,#3626,#3627,#3628,#3629,#3630,#3631,#3632,#3633,#3634,#3635,#3636,#3637,#3638,#3639,#3640,#3641,#3642,#3643,#3644,#3645,#3646,#3647,#3648,#3649,#3650,#3651,#3652,#3653,#3654,#3655,#3656,#3657,#3658,#3659,#3660,#3661,#3662,#3663,#3664,#3665,#3666,#3667,#3668,#3669,#3670,#3671,#3672,#3673,#3674,#3675,#3676,#3677,#3678,#3679,#3680,#3681,#3682,#3683,#3684,#3685,#3686,#3687,#3688,#3689,#3690,#3691,#3692,#3693,#3694,#3695,#3696,#3697,#3698,#3699,#3700,#3701,#3702,#3703,#3704,#3705,#3706,#3707,#3708,#3709,#3710,#3711,#3712,#3713,#3714,#3715,#3716,#3717,#3718,#3719,#3720,#3721,#3722,#3723,#3724,#3725,#3726,#3727,#3728,#3729,#3730,#3731,#3732,#3733,#3734,#3735,#3736,#3737,#3738,#3739,#3740,#3741,#3742,#3743,#3744,#3745,#3746,#3747,#3748,#3749,#3750,#3751,#3752,#3753,#3754,#3755,#3756,#3757,#3758,#3759,#3760,#3761,#3762,#3823,#3824,#3826,#3828,#3831,#3832,#3834,#3836,#3838,#3840,#3842,#3844,#3846,#3848,#3850,#3853,#3855,#3857,#3859,#3861,#3863,#3865,#3867,#3869,#3871,#3873,#3875,#3878,#3880,#3883,#3884,#3886,#3888,#3891,#3893,#3895,#3898,#3900,#3902,#3904,#3906,#3908,#3910,#3912,#3914,#3916,#3918,#3920,#3922,#3926,#3928,#3930,#3933,#3934,#3936,#3938,#3940,#3942,#3944,#3947,#3949,#3951,#3953,#3955,#3959,#3960,#3962,#3964,#3967,#3968,#3970,#3972,#3975,#3976,#3978,#3980,#3983,#3984,#3986,#3988,#3991,#3992,#3994,#3996,#3999,#4000,#4002,#4004,#4007,#4008,#4010,#4012,#4015,#4016,#4018,#4020,#4023,#4024,#4026,#4028,#4031,#4032,#4034,#4036,#4039,#4041,#4044,#4045,#4047,#4049,#4052,#4055,#4057,#4060,#4062,#4065,#4066,#4070,#4076,#4077,#4083,#4085,#4088,#4090,#4095,#4098,#4100,#4103,#4104,#4106,#4108,#4111,#4112,#4114,#4116,#4119,#4120,#4122,#4124,#4127,#4128,#4130,#4132,#4135,#4136,#4138,#4140,#4143,#4144,#4146,#4148,#4151,#4152,#4154,#4156,#4159,#4160,#4162,#4164,#4167,#4168,#4170,#4172,#4175,#4177,#4180,#4184,#4187,#4189,#4195,#4198,#4200,#4204,#4205,#4213,#4217,#4220,#4222,#4225,#4228,#4230,#4233,#4236,#4239,#4241,#4243,#4249,#4252,#4255,#4257,#4259,#4261,#4264,#4266,#4269,#4271,#4273,#4275,#4278,#4280,#4295,#4297,#4300,#4302,#4305,#4307,#4310,#4312,#4315,#4319,#4322,#4325,#4331,#4333,#4336,#4339,#4343,#4345,#4348,#4350,#4353,#4355,#4358,#4360,#4363,#4367,#4370,#4373,#4379,#4381,#4384,#4387,#4391,#4393,#4396,#4398,#4401,#4403,#4406,#4408,#4411,#4415,#4418,#4421,#4427,#4429,#4432,#4435,#4439,#4441,#4444,#4446,#4449,#4451,#4454,#4456,#4459,#4463,#4466,#4469,#4475,#4477,#4480,#4483,#4487,#4489,#4492,#4494,#4497,#4499,#4502,#4504,#4507,#4511,#4514,#4517,#4523,#4525,#4528,#4531,#4535,#4537,#4540,#4542,#4545,#4547,#4550,#4552,#4555,#4559,#4562,#4565,#4571,#4573,#4576,#4579,#4583,#4585,#4588,#4590,#4593,#4595,#4598,#4600,#4603,#4607,#4610,#4613,#4619,#4621,#4624,#4627,#4631,#4633,#4636,#4638,#4641,#4643,#4646,#4648,#4651,#4655,#4658,#4661,#4667,#4669,#4672,#4675,#4679,#4681,#4684,#4686,#4689,#4691,#4694,#4696,#4699,#4703,#4706,#4709,#4715,#4717,#4720,#4723));
ENDSEC;
END-ISO-10303-21;
